INFO 2025-05-23 14:19:02,662 autoreload Watching for file changes with StatReloader
INFO 2025-05-23 14:19:15,184 basehttp "GET / HTTP/1.1" 301 0
INFO 2025-05-23 14:19:15,336 basehttp code 400, message Bad request version ('\x00\x04\x03\x00\x01\x02\x00')
INFO 2025-05-23 14:19:15,338 basehttp code 400, message Bad request version ('\x00\x04\x03\x00\x01\x02\x00')
ERROR 2025-05-23 14:19:15,338 basehttp You're accessing the development server over HTTPS, but it only supports HTTP.
ERROR 2025-05-23 14:19:15,338 basehttp You're accessing the development server over HTTPS, but it only supports HTTP.
INFO 2025-05-23 14:19:15,345 basehttp code 400, message Bad request version ('\x02h2\x08http/1.1\x00')
ERROR 2025-05-23 14:19:15,345 basehttp You're accessing the development server over HTTPS, but it only supports HTTP.
INFO 2025-05-23 14:19:21,269 basehttp code 400, message Bad request version ('\x11\x9aºÌz6\x90')
ERROR 2025-05-23 14:19:21,269 basehttp You're accessing the development server over HTTPS, but it only supports HTTP.
INFO 2025-05-23 14:19:21,279 basehttp code 400, message Bad request version ('\x95Íí\x01m\x02AÀôC\x84[ahê\x12\x13À6"EÈ/ílu\x95')
ERROR 2025-05-23 14:19:21,280 basehttp You're accessing the development server over HTTPS, but it only supports HTTP.
INFO 2025-05-23 14:19:35,790 autoreload C:\Users\User\Desktop\RPA\Website\PDN_Portal\pdnportal\pdnportal\settings.py changed, reloading.
INFO 2025-05-23 14:19:37,349 autoreload Watching for file changes with StatReloader
INFO 2025-05-23 14:19:46,412 autoreload C:\Users\User\Desktop\RPA\Website\PDN_Portal\pdnportal\pdnportal\settings.py changed, reloading.
INFO 2025-05-23 14:19:47,927 autoreload Watching for file changes with StatReloader
INFO 2025-05-23 14:19:53,834 autoreload C:\Users\User\Desktop\RPA\Website\PDN_Portal\pdnportal\pdnportal\settings.py changed, reloading.
INFO 2025-05-23 14:19:55,355 autoreload Watching for file changes with StatReloader
INFO 2025-05-23 14:20:35,988 autoreload C:\Users\User\Desktop\RPA\Website\PDN_Portal\pdnportal\pdnportal\settings.py changed, reloading.
INFO 2025-10-08 12:26:21,324 autoreload 28252 28432 Watching for file changes with StatReloader
INFO 2025-10-08 12:29:16,497 autoreload 28252 28432 C:\Users\User\Desktop\RPA\Website\PDN_Portal\pdnportal\docunotification\views.py changed, reloading.
INFO 2025-10-08 12:29:17,668 autoreload 6240 24264 Watching for file changes with StatReloader
INFO 2025-10-08 12:29:19,647 basehttp 6240 3528 "GET /docu-notification/ HTTP/1.1" 200 56005
INFO 2025-10-08 12:29:19,677 basehttp 6240 26068 "GET /static/js/docunotification/docunotification.js HTTP/1.1" 304 0
INFO 2025-10-08 12:29:19,677 basehttp 6240 3528 "GET /static/css/docunotification/docunotification.css HTTP/1.1" 304 0
INFO 2025-10-08 12:29:19,733 basehttp 6240 3528 "GET /stock-declaration/api/notifications/ HTTP/1.1" 200 50
INFO 2025-10-08 12:29:33,671 autoreload 6240 24264 C:\Users\User\Desktop\RPA\Website\PDN_Portal\pdnportal\docunotification\apps.py changed, reloading.
INFO 2025-10-08 12:29:34,406 autoreload 10492 5952 Watching for file changes with StatReloader
INFO 2025-10-08 12:32:50,992 autoreload 10492 5952 C:\Users\User\Desktop\RPA\Website\PDN_Portal\pdnportal\docunotification\admin.py changed, reloading.
INFO 2025-10-08 12:32:51,797 autoreload 10980 10236 Watching for file changes with StatReloader
INFO 2025-10-08 12:33:36,863 autoreload 10980 10236 C:\Users\User\Desktop\RPA\Website\PDN_Portal\pdnportal\docunotification\admin.py changed, reloading.
INFO 2025-10-08 12:33:37,739 autoreload 22144 23084 Watching for file changes with StatReloader
INFO 2025-10-08 12:33:39,176 basehttp 22144 25752 "GET /docu-notification/ HTTP/1.1" 200 56007
INFO 2025-10-08 12:33:39,235 basehttp 22144 25752 "GET /stock-declaration/api/notifications/ HTTP/1.1" 200 50
INFO 2025-10-08 12:37:54,717 basehttp 22144 25752 "GET /docu-notification/ HTTP/1.1" 200 56007
INFO 2025-10-08 12:37:54,742 basehttp 22144 25752 "GET /static/css/job-order.css HTTP/1.1" 304 0
INFO 2025-10-08 12:37:54,803 basehttp 22144 25752 "GET /stock-declaration/api/notifications/ HTTP/1.1" 200 50
INFO 2025-10-08 12:37:58,478 basehttp 22144 25752 "GET /admin/docunotification/documentnotification/ HTTP/1.1" 200 37410
INFO 2025-10-08 12:37:58,516 basehttp 22144 25752 "GET /admin/jsi18n/ HTTP/1.1" 200 3342
INFO 2025-10-08 12:37:59,975 basehttp 22144 25752 "GET /admin/docunotification/documentnotification/ HTTP/1.1" 200 37410
INFO 2025-10-08 12:38:00,015 basehttp 22144 25752 "GET /admin/jsi18n/ HTTP/1.1" 200 3342
INFO 2025-10-08 12:38:00,613 basehttp 22144 25752 "GET /admin/docunotification/documentnotification/ HTTP/1.1" 200 37410
INFO 2025-10-08 12:38:00,652 basehttp 22144 25752 "GET /admin/jsi18n/ HTTP/1.1" 200 3342
INFO 2025-10-08 12:38:51,647 basehttp 22144 25752 "GET /docu-notification/ HTTP/1.1" 200 56007
INFO 2025-10-08 12:38:51,710 basehttp 22144 25752 "GET /stock-declaration/api/notifications/ HTTP/1.1" 200 50
INFO 2025-10-08 12:39:30,422 basehttp 22144 25752 "GET /docu-notification/ HTTP/1.1" 200 56007
INFO 2025-10-08 12:39:30,486 basehttp 22144 25752 "GET /stock-declaration/api/notifications/ HTTP/1.1" 200 50
INFO 2025-10-08 12:44:30,717 basehttp 22144 9268 "GET /stock-declaration/api/notifications/ HTTP/1.1" 200 50
INFO 2025-10-08 12:51:48,795 basehttp 22144 25372 "GET /stock-declaration/api/notifications/ HTTP/1.1" 200 50
INFO 2025-10-08 12:51:58,288 basehttp 22144 25372 "GET /admin/docunotification/documentnotification/ HTTP/1.1" 200 37410
INFO 2025-10-08 12:51:58,331 basehttp 22144 25372 "GET /admin/jsi18n/ HTTP/1.1" 200 3342
INFO 2025-10-08 12:51:58,905 basehttp 22144 25372 "GET /admin/docunotification/documentnotification/ HTTP/1.1" 200 37410
INFO 2025-10-08 12:51:58,943 basehttp 22144 25372 "GET /admin/jsi18n/ HTTP/1.1" 200 3342
INFO 2025-10-08 12:54:30,692 basehttp 22144 25372 "GET /stock-declaration/api/notifications/ HTTP/1.1" 200 50
INFO 2025-10-08 12:59:30,714 basehttp 22144 22956 "GET /stock-declaration/api/notifications/ HTTP/1.1" 200 50
INFO 2025-10-08 12:59:55,312 basehttp 22144 22956 "GET /docu-notification/ HTTP/1.1" 200 56007
INFO 2025-10-08 12:59:55,350 basehttp 22144 22956 "GET /static/css/docunotification/docunotification.css HTTP/1.1" 304 0
INFO 2025-10-08 12:59:55,353 basehttp 22144 8136 "GET /static/js/docunotification/docunotification.js HTTP/1.1" 304 0
INFO 2025-10-08 12:59:55,424 basehttp 22144 8136 "GET /stock-declaration/api/notifications/ HTTP/1.1" 200 50
WARNING 2025-10-08 13:00:02,596 log 22144 8136 Not Found: /.well-known/appspecific/com.chrome.devtools.json
WARNING 2025-10-08 13:00:02,597 basehttp 22144 8136 "GET /.well-known/appspecific/com.chrome.devtools.json HTTP/1.1" 404 4901
INFO 2025-10-08 13:02:25,944 basehttp 22144 8136 "GET /docu-notification/ HTTP/1.1" 200 56007
INFO 2025-10-08 13:02:25,982 basehttp 22144 22956 "GET /static/css/stockdeclaration/stockdeclaration.css HTTP/1.1" 304 0
WARNING 2025-10-08 13:02:26,004 log 22144 8136 Not Found: /.well-known/appspecific/com.chrome.devtools.json
WARNING 2025-10-08 13:02:26,005 basehttp 22144 8136 "GET /.well-known/appspecific/com.chrome.devtools.json HTTP/1.1" 404 4901
INFO 2025-10-08 13:02:26,289 basehttp 22144 8136 "GET /stock-declaration/api/notifications/ HTTP/1.1" 200 50
INFO 2025-10-08 13:02:27,740 basehttp 22144 8136 "GET /docu-notification/ HTTP/1.1" 200 56007
INFO 2025-10-08 13:02:27,789 basehttp 22144 22956 "GET /static/css/style-ver2.css HTTP/1.1" 200 12438
WARNING 2025-10-08 13:02:27,797 log 22144 8136 Not Found: /.well-known/appspecific/com.chrome.devtools.json
WARNING 2025-10-08 13:02:27,799 basehttp 22144 8136 "GET /.well-known/appspecific/com.chrome.devtools.json HTTP/1.1" 404 4901
INFO 2025-10-08 13:02:27,799 basehttp 22144 27300 "GET /static/css/stockdeclaration/stockdeclaration.css HTTP/1.1" 200 3684
INFO 2025-10-08 13:02:27,800 basehttp 22144 12076 "GET /static/css/job-order.css HTTP/1.1" 200 39525
INFO 2025-10-08 13:02:27,800 basehttp 22144 22956 "GET /static/css/docunotification/docunotification.css HTTP/1.1" 200 8638
INFO 2025-10-08 13:02:27,800 basehttp 22144 19324 "GET /static/css/qualitycontrol/qualitycontrol.css HTTP/1.1" 200 9691
INFO 2025-10-08 13:02:27,802 basehttp 22144 1672 "GET /static/css/overview/overview.css HTTP/1.1" 200 33881
INFO 2025-10-08 13:02:27,807 basehttp 22144 8136 "GET /static/images/icons/amd%20(1).svg HTTP/1.1" 200 230
INFO 2025-10-08 13:02:27,814 basehttp 22144 12076 "GET /static/js/script2.js HTTP/1.1" 200 10849
INFO 2025-10-08 13:02:27,816 basehttp 22144 1672 "GET /static/js/docunotification/docunotification.js HTTP/1.1" 200 27343
INFO 2025-10-08 13:02:27,827 basehttp 22144 19324 "GET /media/profile/avatar8.png HTTP/1.1" 200 32718
INFO 2025-10-08 13:02:28,133 basehttp 22144 19324 "GET /stock-declaration/api/notifications/ HTTP/1.1" 200 50
WARNING 2025-10-08 13:02:28,322 log 22144 19324 Not Found: /favicon.ico
WARNING 2025-10-08 13:02:28,323 basehttp 22144 19324 "GET /favicon.ico HTTP/1.1" 404 4790
INFO 2025-10-08 13:02:41,154 basehttp 22144 19324 "GET /docu-notification/ HTTP/1.1" 200 56007
INFO 2025-10-08 13:02:41,206 basehttp 22144 1672 "GET /static/css/docunotification/docunotification.css HTTP/1.1" 200 8546
WARNING 2025-10-08 13:02:41,222 log 22144 19324 Not Found: /.well-known/appspecific/com.chrome.devtools.json
WARNING 2025-10-08 13:02:41,225 basehttp 22144 19324 "GET /.well-known/appspecific/com.chrome.devtools.json HTTP/1.1" 404 4901
INFO 2025-10-08 13:02:41,348 basehttp 22144 19324 "GET /stock-declaration/api/notifications/ HTTP/1.1" 200 50
INFO 2025-10-08 13:03:18,907 basehttp 22144 19324 "GET /docu-notification/ HTTP/1.1" 200 56007
INFO 2025-10-08 13:03:18,954 basehttp 22144 1672 "GET /static/css/docunotification/docunotification.css HTTP/1.1" 200 8546
WARNING 2025-10-08 13:03:18,962 log 22144 19324 Not Found: /.well-known/appspecific/com.chrome.devtools.json
WARNING 2025-10-08 13:03:18,964 basehttp 22144 19324 "GET /.well-known/appspecific/com.chrome.devtools.json HTTP/1.1" 404 4901
INFO 2025-10-08 13:03:19,049 basehttp 22144 19324 "GET /stock-declaration/api/notifications/ HTTP/1.1" 200 50
INFO 2025-10-08 13:04:05,395 basehttp 22144 19324 "GET /docu-notification/ HTTP/1.1" 200 56004
INFO 2025-10-08 13:04:05,453 basehttp 22144 1672 "GET /static/css/docunotification/docunotification.css HTTP/1.1" 304 0
WARNING 2025-10-08 13:04:05,460 log 22144 19324 Not Found: /.well-known/appspecific/com.chrome.devtools.json
WARNING 2025-10-08 13:04:05,461 basehttp 22144 19324 "GET /.well-known/appspecific/com.chrome.devtools.json HTTP/1.1" 404 4901
INFO 2025-10-08 13:04:05,546 basehttp 22144 19324 "GET /stock-declaration/api/notifications/ HTTP/1.1" 200 50
INFO 2025-10-08 13:05:10,945 basehttp 22144 19324 "GET /stock-declaration/ HTTP/1.1" 200 84615
INFO 2025-10-08 13:05:11,216 basehttp 22144 19324 "GET /stock-declaration/api/notifications/ HTTP/1.1" 200 50
INFO 2025-10-08 13:05:11,260 basehttp 22144 19324 "GET /stock-declaration/api/chart-data/?time_range=month&stock_type=all HTTP/1.1" 200 2223
INFO 2025-10-08 13:05:31,022 basehttp 22144 19324 "GET /stock-declaration/ HTTP/1.1" 200 84615
INFO 2025-10-08 13:05:31,096 basehttp 22144 19324 "GET /stock-declaration/api/notifications/ HTTP/1.1" 200 50
INFO 2025-10-08 13:05:31,102 basehttp 22144 1672 "GET /stock-declaration/api/chart-data/?time_range=month&stock_type=all HTTP/1.1" 200 2223
INFO 2025-10-08 13:06:41,740 basehttp 22144 1672 "GET /overview/overview HTTP/1.1" 200 45916
INFO 2025-10-08 13:06:41,871 basehttp 22144 19324 "GET /overview/api/layout/ HTTP/1.1" 200 468
INFO 2025-10-08 13:06:41,920 basehttp 22144 1672 "GET /stock-declaration/api/notifications/ HTTP/1.1" 200 50
INFO 2025-10-08 13:06:41,944 basehttp 22144 1672 "POST /overview/api/layout/save/ HTTP/1.1" 200 21
INFO 2025-10-08 13:06:41,972 basehttp 22144 19324 "GET /overview/api/notes/widget-1748043771086-564/ HTTP/1.1" 200 13
INFO 2025-10-08 13:06:41,987 basehttp 22144 12076 "GET /overview/api/calendar/widget-1748043771087-570/ HTTP/1.1" 200 14
INFO 2025-10-08 13:06:42,037 basehttp 22144 8136 "GET /joborder/chart-data/6month/ HTTP/1.1" 200 231
ERROR 2025-10-08 13:06:42,086 log 22144 27300 Internal Server Error: /manhours/chart-data/
Traceback (most recent call last):
  File "C:\Users\User\AppData\Local\Programs\Python\Python312\Lib\site-packages\django\db\backends\utils.py", line 105, in _execute
    return self.cursor.execute(sql, params)
           ^^^^^^^^^^^^^^^^^^^^^^^^^^^^^^^^
  File "C:\Users\User\AppData\Local\Programs\Python\Python312\Lib\site-packages\django\db\backends\sqlite3\base.py", line 329, in execute
    return super().execute(query, params)
           ^^^^^^^^^^^^^^^^^^^^^^^^^^^^^^
sqlite3.OperationalError: database is locked

The above exception was the direct cause of the following exception:

Traceback (most recent call last):
  File "C:\Users\User\AppData\Local\Programs\Python\Python312\Lib\site-packages\django\core\handlers\exception.py", line 55, in inner
    response = get_response(request)
               ^^^^^^^^^^^^^^^^^^^^^
  File "C:\Users\User\Desktop\RPA\Website\PDN_Portal\pdnportal\chat\middleware.py", line 14, in __call__
    UserOnlineStatus.objects.update_or_create(
  File "C:\Users\User\AppData\Local\Programs\Python\Python312\Lib\site-packages\django\db\models\manager.py", line 87, in manager_method
    return getattr(self.get_queryset(), name)(*args, **kwargs)
           ^^^^^^^^^^^^^^^^^^^^^^^^^^^^^^^^^^^^^^^^^^^^^^^^^^^
  File "C:\Users\User\AppData\Local\Programs\Python\Python312\Lib\site-packages\django\db\models\query.py", line 1009, in update_or_create
    obj.save(using=self.db, update_fields=update_fields)
  File "C:\Users\User\AppData\Local\Programs\Python\Python312\Lib\site-packages\django\db\models\base.py", line 822, in save
    self.save_base(
  File "C:\Users\User\AppData\Local\Programs\Python\Python312\Lib\site-packages\django\db\models\base.py", line 909, in save_base
    updated = self._save_table(
              ^^^^^^^^^^^^^^^^^
  File "C:\Users\User\AppData\Local\Programs\Python\Python312\Lib\site-packages\django\db\models\base.py", line 1036, in _save_table
    updated = self._do_update(
              ^^^^^^^^^^^^^^^^
  File "C:\Users\User\AppData\Local\Programs\Python\Python312\Lib\site-packages\django\db\models\base.py", line 1101, in _do_update
    return filtered._update(values) > 0
           ^^^^^^^^^^^^^^^^^^^^^^^^
  File "C:\Users\User\AppData\Local\Programs\Python\Python312\Lib\site-packages\django\db\models\query.py", line 1278, in _update
    return query.get_compiler(self.db).execute_sql(CURSOR)
           ^^^^^^^^^^^^^^^^^^^^^^^^^^^^^^^^^^^^^^^^^^^^^^^
  File "C:\Users\User\AppData\Local\Programs\Python\Python312\Lib\site-packages\django\db\models\sql\compiler.py", line 1990, in execute_sql
    cursor = super().execute_sql(result_type)
             ^^^^^^^^^^^^^^^^^^^^^^^^^^^^^^^^
  File "C:\Users\User\AppData\Local\Programs\Python\Python312\Lib\site-packages\django\db\models\sql\compiler.py", line 1562, in execute_sql
    cursor.execute(sql, params)
  File "C:\Users\User\AppData\Local\Programs\Python\Python312\Lib\site-packages\django\db\backends\utils.py", line 122, in execute
    return super().execute(sql, params)
           ^^^^^^^^^^^^^^^^^^^^^^^^^^^^
  File "C:\Users\User\AppData\Local\Programs\Python\Python312\Lib\site-packages\django\db\backends\utils.py", line 79, in execute
    return self._execute_with_wrappers(
           ^^^^^^^^^^^^^^^^^^^^^^^^^^^^
  File "C:\Users\User\AppData\Local\Programs\Python\Python312\Lib\site-packages\django\db\backends\utils.py", line 92, in _execute_with_wrappers
    return executor(sql, params, many, context)
           ^^^^^^^^^^^^^^^^^^^^^^^^^^^^^^^^^^^^
  File "C:\Users\User\AppData\Local\Programs\Python\Python312\Lib\site-packages\django\db\backends\utils.py", line 100, in _execute
    with self.db.wrap_database_errors:
  File "C:\Users\User\AppData\Local\Programs\Python\Python312\Lib\site-packages\django\db\utils.py", line 91, in __exit__
    raise dj_exc_value.with_traceback(traceback) from exc_value
  File "C:\Users\User\AppData\Local\Programs\Python\Python312\Lib\site-packages\django\db\backends\utils.py", line 105, in _execute
    return self.cursor.execute(sql, params)
           ^^^^^^^^^^^^^^^^^^^^^^^^^^^^^^^^
  File "C:\Users\User\AppData\Local\Programs\Python\Python312\Lib\site-packages\django\db\backends\sqlite3\base.py", line 329, in execute
    return super().execute(query, params)
           ^^^^^^^^^^^^^^^^^^^^^^^^^^^^^^
django.db.utils.OperationalError: database is locked
ERROR 2025-10-08 13:06:42,122 basehttp 22144 27300 "GET /manhours/chart-data/ HTTP/1.1" 500 167426
ERROR 2025-10-08 13:06:42,146 log 22144 22956 Internal Server Error: /dcf/api/requestor-chart-data/6month/
Traceback (most recent call last):
  File "C:\Users\User\AppData\Local\Programs\Python\Python312\Lib\site-packages\django\db\backends\utils.py", line 105, in _execute
    return self.cursor.execute(sql, params)
           ^^^^^^^^^^^^^^^^^^^^^^^^^^^^^^^^
  File "C:\Users\User\AppData\Local\Programs\Python\Python312\Lib\site-packages\django\db\backends\sqlite3\base.py", line 329, in execute
    return super().execute(query, params)
           ^^^^^^^^^^^^^^^^^^^^^^^^^^^^^^
sqlite3.OperationalError: database is locked

The above exception was the direct cause of the following exception:

Traceback (most recent call last):
  File "C:\Users\User\AppData\Local\Programs\Python\Python312\Lib\site-packages\django\core\handlers\exception.py", line 55, in inner
    response = get_response(request)
               ^^^^^^^^^^^^^^^^^^^^^
  File "C:\Users\User\Desktop\RPA\Website\PDN_Portal\pdnportal\chat\middleware.py", line 14, in __call__
    UserOnlineStatus.objects.update_or_create(
  File "C:\Users\User\AppData\Local\Programs\Python\Python312\Lib\site-packages\django\db\models\manager.py", line 87, in manager_method
    return getattr(self.get_queryset(), name)(*args, **kwargs)
           ^^^^^^^^^^^^^^^^^^^^^^^^^^^^^^^^^^^^^^^^^^^^^^^^^^^
  File "C:\Users\User\AppData\Local\Programs\Python\Python312\Lib\site-packages\django\db\models\query.py", line 1009, in update_or_create
    obj.save(using=self.db, update_fields=update_fields)
  File "C:\Users\User\AppData\Local\Programs\Python\Python312\Lib\site-packages\django\db\models\base.py", line 822, in save
    self.save_base(
  File "C:\Users\User\AppData\Local\Programs\Python\Python312\Lib\site-packages\django\db\models\base.py", line 909, in save_base
    updated = self._save_table(
              ^^^^^^^^^^^^^^^^^
  File "C:\Users\User\AppData\Local\Programs\Python\Python312\Lib\site-packages\django\db\models\base.py", line 1036, in _save_table
    updated = self._do_update(
              ^^^^^^^^^^^^^^^^
  File "C:\Users\User\AppData\Local\Programs\Python\Python312\Lib\site-packages\django\db\models\base.py", line 1101, in _do_update
    return filtered._update(values) > 0
           ^^^^^^^^^^^^^^^^^^^^^^^^
  File "C:\Users\User\AppData\Local\Programs\Python\Python312\Lib\site-packages\django\db\models\query.py", line 1278, in _update
    return query.get_compiler(self.db).execute_sql(CURSOR)
           ^^^^^^^^^^^^^^^^^^^^^^^^^^^^^^^^^^^^^^^^^^^^^^^
  File "C:\Users\User\AppData\Local\Programs\Python\Python312\Lib\site-packages\django\db\models\sql\compiler.py", line 1990, in execute_sql
    cursor = super().execute_sql(result_type)
             ^^^^^^^^^^^^^^^^^^^^^^^^^^^^^^^^
  File "C:\Users\User\AppData\Local\Programs\Python\Python312\Lib\site-packages\django\db\models\sql\compiler.py", line 1562, in execute_sql
    cursor.execute(sql, params)
  File "C:\Users\User\AppData\Local\Programs\Python\Python312\Lib\site-packages\django\db\backends\utils.py", line 122, in execute
    return super().execute(sql, params)
           ^^^^^^^^^^^^^^^^^^^^^^^^^^^^
  File "C:\Users\User\AppData\Local\Programs\Python\Python312\Lib\site-packages\django\db\backends\utils.py", line 79, in execute
    return self._execute_with_wrappers(
           ^^^^^^^^^^^^^^^^^^^^^^^^^^^^
  File "C:\Users\User\AppData\Local\Programs\Python\Python312\Lib\site-packages\django\db\backends\utils.py", line 92, in _execute_with_wrappers
    return executor(sql, params, many, context)
           ^^^^^^^^^^^^^^^^^^^^^^^^^^^^^^^^^^^^
  File "C:\Users\User\AppData\Local\Programs\Python\Python312\Lib\site-packages\django\db\backends\utils.py", line 100, in _execute
    with self.db.wrap_database_errors:
  File "C:\Users\User\AppData\Local\Programs\Python\Python312\Lib\site-packages\django\db\utils.py", line 91, in __exit__
    raise dj_exc_value.with_traceback(traceback) from exc_value
  File "C:\Users\User\AppData\Local\Programs\Python\Python312\Lib\site-packages\django\db\backends\utils.py", line 105, in _execute
    return self.cursor.execute(sql, params)
           ^^^^^^^^^^^^^^^^^^^^^^^^^^^^^^^^
  File "C:\Users\User\AppData\Local\Programs\Python\Python312\Lib\site-packages\django\db\backends\sqlite3\base.py", line 329, in execute
    return super().execute(query, params)
           ^^^^^^^^^^^^^^^^^^^^^^^^^^^^^^
django.db.utils.OperationalError: database is locked
ERROR 2025-10-08 13:06:42,154 basehttp 22144 22956 "GET /dcf/api/requestor-chart-data/6month/ HTTP/1.1" 500 167576
INFO 2025-10-08 13:06:43,684 basehttp 22144 22956 "POST /overview/api/layout/save/ HTTP/1.1" 200 21
INFO 2025-10-08 13:06:51,582 basehttp 22144 27300 "POST /overview/api/layout/save/ HTTP/1.1" 200 21
ERROR 2025-10-08 13:06:51,638 log 22144 22956 Internal Server Error: /joborder/chart-data/6month/
Traceback (most recent call last):
  File "C:\Users\User\AppData\Local\Programs\Python\Python312\Lib\site-packages\django\db\backends\utils.py", line 105, in _execute
    return self.cursor.execute(sql, params)
           ^^^^^^^^^^^^^^^^^^^^^^^^^^^^^^^^
  File "C:\Users\User\AppData\Local\Programs\Python\Python312\Lib\site-packages\django\db\backends\sqlite3\base.py", line 329, in execute
    return super().execute(query, params)
           ^^^^^^^^^^^^^^^^^^^^^^^^^^^^^^
sqlite3.OperationalError: database is locked

The above exception was the direct cause of the following exception:

Traceback (most recent call last):
  File "C:\Users\User\AppData\Local\Programs\Python\Python312\Lib\site-packages\django\core\handlers\exception.py", line 55, in inner
    response = get_response(request)
               ^^^^^^^^^^^^^^^^^^^^^
  File "C:\Users\User\Desktop\RPA\Website\PDN_Portal\pdnportal\chat\middleware.py", line 14, in __call__
    UserOnlineStatus.objects.update_or_create(
  File "C:\Users\User\AppData\Local\Programs\Python\Python312\Lib\site-packages\django\db\models\manager.py", line 87, in manager_method
    return getattr(self.get_queryset(), name)(*args, **kwargs)
           ^^^^^^^^^^^^^^^^^^^^^^^^^^^^^^^^^^^^^^^^^^^^^^^^^^^
  File "C:\Users\User\AppData\Local\Programs\Python\Python312\Lib\site-packages\django\db\models\query.py", line 1009, in update_or_create
    obj.save(using=self.db, update_fields=update_fields)
  File "C:\Users\User\AppData\Local\Programs\Python\Python312\Lib\site-packages\django\db\models\base.py", line 822, in save
    self.save_base(
  File "C:\Users\User\AppData\Local\Programs\Python\Python312\Lib\site-packages\django\db\models\base.py", line 909, in save_base
    updated = self._save_table(
              ^^^^^^^^^^^^^^^^^
  File "C:\Users\User\AppData\Local\Programs\Python\Python312\Lib\site-packages\django\db\models\base.py", line 1036, in _save_table
    updated = self._do_update(
              ^^^^^^^^^^^^^^^^
  File "C:\Users\User\AppData\Local\Programs\Python\Python312\Lib\site-packages\django\db\models\base.py", line 1101, in _do_update
    return filtered._update(values) > 0
           ^^^^^^^^^^^^^^^^^^^^^^^^
  File "C:\Users\User\AppData\Local\Programs\Python\Python312\Lib\site-packages\django\db\models\query.py", line 1278, in _update
    return query.get_compiler(self.db).execute_sql(CURSOR)
           ^^^^^^^^^^^^^^^^^^^^^^^^^^^^^^^^^^^^^^^^^^^^^^^
  File "C:\Users\User\AppData\Local\Programs\Python\Python312\Lib\site-packages\django\db\models\sql\compiler.py", line 1990, in execute_sql
    cursor = super().execute_sql(result_type)
             ^^^^^^^^^^^^^^^^^^^^^^^^^^^^^^^^
  File "C:\Users\User\AppData\Local\Programs\Python\Python312\Lib\site-packages\django\db\models\sql\compiler.py", line 1562, in execute_sql
    cursor.execute(sql, params)
  File "C:\Users\User\AppData\Local\Programs\Python\Python312\Lib\site-packages\django\db\backends\utils.py", line 122, in execute
    return super().execute(sql, params)
           ^^^^^^^^^^^^^^^^^^^^^^^^^^^^
  File "C:\Users\User\AppData\Local\Programs\Python\Python312\Lib\site-packages\django\db\backends\utils.py", line 79, in execute
    return self._execute_with_wrappers(
           ^^^^^^^^^^^^^^^^^^^^^^^^^^^^
  File "C:\Users\User\AppData\Local\Programs\Python\Python312\Lib\site-packages\django\db\backends\utils.py", line 92, in _execute_with_wrappers
    return executor(sql, params, many, context)
           ^^^^^^^^^^^^^^^^^^^^^^^^^^^^^^^^^^^^
  File "C:\Users\User\AppData\Local\Programs\Python\Python312\Lib\site-packages\django\db\backends\utils.py", line 100, in _execute
    with self.db.wrap_database_errors:
  File "C:\Users\User\AppData\Local\Programs\Python\Python312\Lib\site-packages\django\db\utils.py", line 91, in __exit__
    raise dj_exc_value.with_traceback(traceback) from exc_value
  File "C:\Users\User\AppData\Local\Programs\Python\Python312\Lib\site-packages\django\db\backends\utils.py", line 105, in _execute
    return self.cursor.execute(sql, params)
           ^^^^^^^^^^^^^^^^^^^^^^^^^^^^^^^^
  File "C:\Users\User\AppData\Local\Programs\Python\Python312\Lib\site-packages\django\db\backends\sqlite3\base.py", line 329, in execute
    return super().execute(query, params)
           ^^^^^^^^^^^^^^^^^^^^^^^^^^^^^^
django.db.utils.OperationalError: database is locked
ERROR 2025-10-08 13:06:51,646 basehttp 22144 22956 "GET /joborder/chart-data/6month/ HTTP/1.1" 500 167495
INFO 2025-10-08 13:06:56,107 basehttp 22144 22956 "GET /joborder/chart-data/3month/ HTTP/1.1" 200 150
INFO 2025-10-08 13:06:57,184 basehttp 22144 22956 "GET /joborder/chart-data/1year/ HTTP/1.1" 200 393
INFO 2025-10-08 13:06:58,696 basehttp 22144 22956 "GET /joborder/chart-data/6month/ HTTP/1.1" 200 231
INFO 2025-10-08 13:07:00,043 basehttp 22144 22956 "GET /joborder/chart-data/1year/ HTTP/1.1" 200 393
INFO 2025-10-08 13:07:04,589 basehttp 22144 22956 "GET /joborder/chart-data/6month/ HTTP/1.1" 200 231
INFO 2025-10-08 13:07:05,079 basehttp 22144 22956 "GET /joborder/chart-data/6month/ HTTP/1.1" 200 231
INFO 2025-10-08 13:07:09,611 basehttp 22144 22956 "GET /overview/overview HTTP/1.1" 200 45916
INFO 2025-10-08 13:07:09,677 basehttp 22144 27300 "GET /overview/api/layout/ HTTP/1.1" 200 566
INFO 2025-10-08 13:07:09,711 basehttp 22144 22956 "GET /stock-declaration/api/notifications/ HTTP/1.1" 200 50
INFO 2025-10-08 13:07:09,731 basehttp 22144 22956 "POST /overview/api/layout/save/ HTTP/1.1" 200 21
INFO 2025-10-08 13:07:09,761 basehttp 22144 8136 "GET /overview/api/calendar/widget-1748043771087-570/ HTTP/1.1" 200 14
INFO 2025-10-08 13:07:09,800 basehttp 22144 19324 "GET /manhours/chart-data/ HTTP/1.1" 200 616
INFO 2025-10-08 13:07:09,830 basehttp 22144 27300 "GET /overview/api/notes/widget-1748043771086-564/ HTTP/1.1" 200 13
INFO 2025-10-08 13:07:09,880 basehttp 22144 1672 "GET /dcf/api/requestor-chart-data/6month/ HTTP/1.1" 200 2956
ERROR 2025-10-08 13:07:09,937 log 22144 12076 Internal Server Error: /joborder/chart-data/6month/
Traceback (most recent call last):
  File "C:\Users\User\AppData\Local\Programs\Python\Python312\Lib\site-packages\django\db\backends\utils.py", line 105, in _execute
    return self.cursor.execute(sql, params)
           ^^^^^^^^^^^^^^^^^^^^^^^^^^^^^^^^
  File "C:\Users\User\AppData\Local\Programs\Python\Python312\Lib\site-packages\django\db\backends\sqlite3\base.py", line 329, in execute
    return super().execute(query, params)
           ^^^^^^^^^^^^^^^^^^^^^^^^^^^^^^
sqlite3.OperationalError: database is locked

The above exception was the direct cause of the following exception:

Traceback (most recent call last):
  File "C:\Users\User\AppData\Local\Programs\Python\Python312\Lib\site-packages\django\core\handlers\exception.py", line 55, in inner
    response = get_response(request)
               ^^^^^^^^^^^^^^^^^^^^^
  File "C:\Users\User\Desktop\RPA\Website\PDN_Portal\pdnportal\chat\middleware.py", line 14, in __call__
    UserOnlineStatus.objects.update_or_create(
  File "C:\Users\User\AppData\Local\Programs\Python\Python312\Lib\site-packages\django\db\models\manager.py", line 87, in manager_method
    return getattr(self.get_queryset(), name)(*args, **kwargs)
           ^^^^^^^^^^^^^^^^^^^^^^^^^^^^^^^^^^^^^^^^^^^^^^^^^^^
  File "C:\Users\User\AppData\Local\Programs\Python\Python312\Lib\site-packages\django\db\models\query.py", line 1009, in update_or_create
    obj.save(using=self.db, update_fields=update_fields)
  File "C:\Users\User\AppData\Local\Programs\Python\Python312\Lib\site-packages\django\db\models\base.py", line 822, in save
    self.save_base(
  File "C:\Users\User\AppData\Local\Programs\Python\Python312\Lib\site-packages\django\db\models\base.py", line 909, in save_base
    updated = self._save_table(
              ^^^^^^^^^^^^^^^^^
  File "C:\Users\User\AppData\Local\Programs\Python\Python312\Lib\site-packages\django\db\models\base.py", line 1036, in _save_table
    updated = self._do_update(
              ^^^^^^^^^^^^^^^^
  File "C:\Users\User\AppData\Local\Programs\Python\Python312\Lib\site-packages\django\db\models\base.py", line 1101, in _do_update
    return filtered._update(values) > 0
           ^^^^^^^^^^^^^^^^^^^^^^^^
  File "C:\Users\User\AppData\Local\Programs\Python\Python312\Lib\site-packages\django\db\models\query.py", line 1278, in _update
    return query.get_compiler(self.db).execute_sql(CURSOR)
           ^^^^^^^^^^^^^^^^^^^^^^^^^^^^^^^^^^^^^^^^^^^^^^^
  File "C:\Users\User\AppData\Local\Programs\Python\Python312\Lib\site-packages\django\db\models\sql\compiler.py", line 1990, in execute_sql
    cursor = super().execute_sql(result_type)
             ^^^^^^^^^^^^^^^^^^^^^^^^^^^^^^^^
  File "C:\Users\User\AppData\Local\Programs\Python\Python312\Lib\site-packages\django\db\models\sql\compiler.py", line 1562, in execute_sql
    cursor.execute(sql, params)
  File "C:\Users\User\AppData\Local\Programs\Python\Python312\Lib\site-packages\django\db\backends\utils.py", line 122, in execute
    return super().execute(sql, params)
           ^^^^^^^^^^^^^^^^^^^^^^^^^^^^
  File "C:\Users\User\AppData\Local\Programs\Python\Python312\Lib\site-packages\django\db\backends\utils.py", line 79, in execute
    return self._execute_with_wrappers(
           ^^^^^^^^^^^^^^^^^^^^^^^^^^^^
  File "C:\Users\User\AppData\Local\Programs\Python\Python312\Lib\site-packages\django\db\backends\utils.py", line 92, in _execute_with_wrappers
    return executor(sql, params, many, context)
           ^^^^^^^^^^^^^^^^^^^^^^^^^^^^^^^^^^^^
  File "C:\Users\User\AppData\Local\Programs\Python\Python312\Lib\site-packages\django\db\backends\utils.py", line 100, in _execute
    with self.db.wrap_database_errors:
  File "C:\Users\User\AppData\Local\Programs\Python\Python312\Lib\site-packages\django\db\utils.py", line 91, in __exit__
    raise dj_exc_value.with_traceback(traceback) from exc_value
  File "C:\Users\User\AppData\Local\Programs\Python\Python312\Lib\site-packages\django\db\backends\utils.py", line 105, in _execute
    return self.cursor.execute(sql, params)
           ^^^^^^^^^^^^^^^^^^^^^^^^^^^^^^^^
  File "C:\Users\User\AppData\Local\Programs\Python\Python312\Lib\site-packages\django\db\backends\sqlite3\base.py", line 329, in execute
    return super().execute(query, params)
           ^^^^^^^^^^^^^^^^^^^^^^^^^^^^^^
django.db.utils.OperationalError: database is locked
ERROR 2025-10-08 13:07:09,943 basehttp 22144 12076 "GET /joborder/chart-data/6month/ HTTP/1.1" 500 167492
INFO 2025-10-08 13:07:09,969 basehttp 22144 1672 "GET /joborder/chart-data/6month/ HTTP/1.1" 200 231
INFO 2025-10-08 13:07:12,331 basehttp 22144 1672 "GET /dcf/api/requestor-chart-data/3month/ HTTP/1.1" 200 2860
INFO 2025-10-08 13:07:13,776 basehttp 22144 1672 "GET /dcf/api/requestor-chart-data/1year/ HTTP/1.1" 200 3148
INFO 2025-10-08 13:07:15,357 basehttp 22144 1672 "GET /dcf/api/requestor-chart-data/6month/ HTTP/1.1" 200 2956
INFO 2025-10-08 13:07:18,313 basehttp 22144 1672 "GET /joborder/chart-data/1year/ HTTP/1.1" 200 393
INFO 2025-10-08 13:08:04,404 basehttp 22144 1672 "GET /docu-notification/ HTTP/1.1" 200 56004
INFO 2025-10-08 13:08:04,453 basehttp 22144 1672 "GET /static/css/docunotification/docunotification.css HTTP/1.1" 304 0
INFO 2025-10-08 13:08:04,504 basehttp 22144 1672 "GET /stock-declaration/api/notifications/ HTTP/1.1" 200 50
WARNING 2025-10-08 13:08:06,383 log 22144 1672 Not Found: /.well-known/appspecific/com.chrome.devtools.json
WARNING 2025-10-08 13:08:06,384 basehttp 22144 1672 "GET /.well-known/appspecific/com.chrome.devtools.json HTTP/1.1" 404 4901
INFO 2025-10-08 13:08:48,900 basehttp 22144 1672 "GET /docu-notification/ HTTP/1.1" 200 56084
INFO 2025-10-08 13:08:48,958 basehttp 22144 12076 "GET /static/css/docunotification/docunotification.css HTTP/1.1" 304 0
WARNING 2025-10-08 13:08:48,973 log 22144 1672 Not Found: /.well-known/appspecific/com.chrome.devtools.json
WARNING 2025-10-08 13:08:48,975 basehttp 22144 1672 "GET /.well-known/appspecific/com.chrome.devtools.json HTTP/1.1" 404 4901
INFO 2025-10-08 13:08:49,185 basehttp 22144 1672 "GET /stock-declaration/api/notifications/ HTTP/1.1" 200 50
INFO 2025-10-08 13:09:09,062 basehttp 22144 1672 "GET /docu-notification/ HTTP/1.1" 200 56084
INFO 2025-10-08 13:09:09,173 basehttp 22144 1672 "GET /stock-declaration/api/notifications/ HTTP/1.1" 200 50
INFO 2025-10-08 13:09:46,023 basehttp 22144 1672 "GET /stock-declaration/ HTTP/1.1" 200 84615
INFO 2025-10-08 13:09:46,120 basehttp 22144 1672 "GET /stock-declaration/api/notifications/ HTTP/1.1" 200 50
INFO 2025-10-08 13:09:46,142 basehttp 22144 1672 "GET /stock-declaration/api/chart-data/?time_range=month&stock_type=all HTTP/1.1" 200 2223
INFO 2025-10-08 13:10:03,027 basehttp 22144 1672 "POST /stock-declaration/ HTTP/1.1" 302 0
INFO 2025-10-08 13:10:03,069 basehttp 22144 1672 "GET /stock-declaration/ HTTP/1.1" 200 85604
INFO 2025-10-08 13:10:03,134 basehttp 22144 1672 "GET /stock-declaration/api/notifications/ HTTP/1.1" 200 50
INFO 2025-10-08 13:10:03,150 basehttp 22144 12076 "GET /stock-declaration/api/chart-data/?time_range=month&stock_type=all HTTP/1.1" 200 2223
INFO 2025-10-08 13:10:06,234 basehttp 22144 12076 "GET /stock-declaration/ HTTP/1.1" 200 85057
INFO 2025-10-08 13:10:06,294 basehttp 22144 12076 "GET /stock-declaration/api/notifications/ HTTP/1.1" 200 50
INFO 2025-10-08 13:10:06,323 basehttp 22144 1672 "GET /stock-declaration/api/chart-data/?time_range=month&stock_type=all HTTP/1.1" 200 2223
INFO 2025-10-08 13:10:07,755 basehttp 22144 1672 "GET /stock-declaration/ HTTP/1.1" 200 85057
INFO 2025-10-08 13:10:07,843 basehttp 22144 1672 "GET /stock-declaration/api/notifications/ HTTP/1.1" 200 50
INFO 2025-10-08 13:10:07,862 basehttp 22144 12076 "GET /stock-declaration/api/chart-data/?time_range=month&stock_type=all HTTP/1.1" 200 2223
WARNING 2025-10-08 13:10:15,383 log 22144 12076 Bad Request: /stock-declaration/edit/17/
WARNING 2025-10-08 13:10:15,385 basehttp 22144 12076 "POST /stock-declaration/edit/17/ HTTP/1.1" 400 92
INFO 2025-10-08 13:10:20,565 basehttp 22144 12076 "GET /stock-declaration/ HTTP/1.1" 200 85057
INFO 2025-10-08 13:10:20,638 basehttp 22144 12076 "GET /stock-declaration/api/notifications/ HTTP/1.1" 200 50
INFO 2025-10-08 13:10:20,657 basehttp 22144 1672 "GET /stock-declaration/api/chart-data/?time_range=month&stock_type=all HTTP/1.1" 200 2223
WARNING 2025-10-08 13:10:23,259 log 22144 1672 Bad Request: /stock-declaration/edit/17/
WARNING 2025-10-08 13:10:23,259 basehttp 22144 1672 "POST /stock-declaration/edit/17/ HTTP/1.1" 400 92
INFO 2025-10-08 13:10:37,889 basehttp 22144 1672 "POST /stock-declaration/ HTTP/1.1" 302 0
INFO 2025-10-08 13:10:37,932 basehttp 22144 1672 "GET /stock-declaration/ HTTP/1.1" 200 95361
INFO 2025-10-08 13:10:38,007 basehttp 22144 12076 "GET /stock-declaration/api/chart-data/?time_range=month&stock_type=all HTTP/1.1" 200 2223
INFO 2025-10-08 13:10:38,012 basehttp 22144 1672 "GET /stock-declaration/api/notifications/ HTTP/1.1" 200 272
INFO 2025-10-08 13:18:26,356 basehttp 22144 27040 "GET /stock-declaration/api/notifications/ HTTP/1.1" 200 272
INFO 2025-10-08 13:20:38,739 basehttp 22144 22040 "GET /stock-declaration/api/notifications/ HTTP/1.1" 200 272
INFO 2025-10-08 13:25:38,725 basehttp 22144 27404 "GET /stock-declaration/api/notifications/ HTTP/1.1" 200 272
INFO 2025-10-08 13:28:47,460 autoreload 22144 23084 C:\Users\User\Desktop\RPA\Website\PDN_Portal\pdnportal\pdnportal\settings.py changed, reloading.
INFO 2025-10-08 13:28:50,747 autoreload 28376 24460 Watching for file changes with StatReloader
INFO 2025-10-08 13:30:38,770 basehttp 28376 26068 "GET /stock-declaration/api/notifications/ HTTP/1.1" 200 272
INFO 2025-10-08 13:30:53,601 autoreload 28376 24460 C:\Users\User\Desktop\RPA\Website\PDN_Portal\pdnportal\docunotification\views.py changed, reloading.
INFO 2025-10-08 13:30:55,105 autoreload 10808 23236 Watching for file changes with StatReloader
INFO 2025-10-08 13:32:20,843 autoreload 10808 23236 C:\Users\User\Desktop\RPA\Website\PDN_Portal\pdnportal\docunotification\urls.py changed, reloading.
INFO 2025-10-08 13:32:22,472 autoreload 27868 17952 Watching for file changes with StatReloader
ERROR 2025-10-08 13:33:14,936 log 27868 23436 Internal Server Error: /stock-declaration/
Traceback (most recent call last):
  File "C:\Users\User\AppData\Local\Programs\Python\Python312\Lib\site-packages\django\core\handlers\exception.py", line 55, in inner
    response = get_response(request)
               ^^^^^^^^^^^^^^^^^^^^^
  File "C:\Users\User\AppData\Local\Programs\Python\Python312\Lib\site-packages\django\core\handlers\base.py", line 197, in _get_response
    response = wrapped_callback(request, *callback_args, **callback_kwargs)
               ^^^^^^^^^^^^^^^^^^^^^^^^^^^^^^^^^^^^^^^^^^^^^^^^^^^^^^^^^^^^
  File "C:\Users\User\Desktop\RPA\Website\PDN_Portal\pdnportal\stockdeclaration\views.py", line 67, in stock_declaration_home
    return render(request, "stockdeclaration/stockdeclaration.html", context)
           ^^^^^^^^^^^^^^^^^^^^^^^^^^^^^^^^^^^^^^^^^^^^^^^^^^^^^^^^^^^^^^^^^^
  File "C:\Users\User\AppData\Local\Programs\Python\Python312\Lib\site-packages\django\shortcuts.py", line 25, in render
    content = loader.render_to_string(template_name, context, request, using=using)
              ^^^^^^^^^^^^^^^^^^^^^^^^^^^^^^^^^^^^^^^^^^^^^^^^^^^^^^^^^^^^^^^^^^^^^
  File "C:\Users\User\AppData\Local\Programs\Python\Python312\Lib\site-packages\django\template\loader.py", line 62, in render_to_string
    return template.render(context, request)
           ^^^^^^^^^^^^^^^^^^^^^^^^^^^^^^^^^
  File "C:\Users\User\AppData\Local\Programs\Python\Python312\Lib\site-packages\django\template\backends\django.py", line 61, in render
    return self.template.render(context)
           ^^^^^^^^^^^^^^^^^^^^^^^^^^^^^
  File "C:\Users\User\AppData\Local\Programs\Python\Python312\Lib\site-packages\django\template\base.py", line 171, in render
    return self._render(context)
           ^^^^^^^^^^^^^^^^^^^^^
  File "C:\Users\User\AppData\Local\Programs\Python\Python312\Lib\site-packages\django\template\base.py", line 163, in _render
    return self.nodelist.render(context)
           ^^^^^^^^^^^^^^^^^^^^^^^^^^^^^
  File "C:\Users\User\AppData\Local\Programs\Python\Python312\Lib\site-packages\django\template\base.py", line 1000, in render
    return SafeString("".join([node.render_annotated(context) for node in self]))
                               ^^^^^^^^^^^^^^^^^^^^^^^^^^^^^^
  File "C:\Users\User\AppData\Local\Programs\Python\Python312\Lib\site-packages\django\template\base.py", line 961, in render_annotated
    return self.render(context)
           ^^^^^^^^^^^^^^^^^^^^
  File "C:\Users\User\AppData\Local\Programs\Python\Python312\Lib\site-packages\django\template\loader_tags.py", line 159, in render
    return compiled_parent._render(context)
           ^^^^^^^^^^^^^^^^^^^^^^^^^^^^^^^^
  File "C:\Users\User\AppData\Local\Programs\Python\Python312\Lib\site-packages\django\template\base.py", line 163, in _render
    return self.nodelist.render(context)
           ^^^^^^^^^^^^^^^^^^^^^^^^^^^^^
  File "C:\Users\User\AppData\Local\Programs\Python\Python312\Lib\site-packages\django\template\base.py", line 1000, in render
    return SafeString("".join([node.render_annotated(context) for node in self]))
                               ^^^^^^^^^^^^^^^^^^^^^^^^^^^^^^
  File "C:\Users\User\AppData\Local\Programs\Python\Python312\Lib\site-packages\django\template\base.py", line 961, in render_annotated
    return self.render(context)
           ^^^^^^^^^^^^^^^^^^^^
  File "C:\Users\User\AppData\Local\Programs\Python\Python312\Lib\site-packages\django\template\loader_tags.py", line 210, in render
    return template.render(context)
           ^^^^^^^^^^^^^^^^^^^^^^^^
  File "C:\Users\User\AppData\Local\Programs\Python\Python312\Lib\site-packages\django\template\base.py", line 173, in render
    return self._render(context)
           ^^^^^^^^^^^^^^^^^^^^^
  File "C:\Users\User\AppData\Local\Programs\Python\Python312\Lib\site-packages\django\template\base.py", line 163, in _render
    return self.nodelist.render(context)
           ^^^^^^^^^^^^^^^^^^^^^^^^^^^^^
  File "C:\Users\User\AppData\Local\Programs\Python\Python312\Lib\site-packages\django\template\base.py", line 1000, in render
    return SafeString("".join([node.render_annotated(context) for node in self]))
                               ^^^^^^^^^^^^^^^^^^^^^^^^^^^^^^
  File "C:\Users\User\AppData\Local\Programs\Python\Python312\Lib\site-packages\django\template\base.py", line 961, in render_annotated
    return self.render(context)
           ^^^^^^^^^^^^^^^^^^^^
  File "C:\Users\User\AppData\Local\Programs\Python\Python312\Lib\site-packages\django\template\defaulttags.py", line 326, in render
    return nodelist.render(context)
           ^^^^^^^^^^^^^^^^^^^^^^^^
  File "C:\Users\User\AppData\Local\Programs\Python\Python312\Lib\site-packages\django\template\base.py", line 1000, in render
    return SafeString("".join([node.render_annotated(context) for node in self]))
                               ^^^^^^^^^^^^^^^^^^^^^^^^^^^^^^
  File "C:\Users\User\AppData\Local\Programs\Python\Python312\Lib\site-packages\django\template\base.py", line 961, in render_annotated
    return self.render(context)
           ^^^^^^^^^^^^^^^^^^^^
  File "C:\Users\User\AppData\Local\Programs\Python\Python312\Lib\site-packages\django\template\defaulttags.py", line 479, in render
    url = reverse(view_name, args=args, kwargs=kwargs, current_app=current_app)
          ^^^^^^^^^^^^^^^^^^^^^^^^^^^^^^^^^^^^^^^^^^^^^^^^^^^^^^^^^^^^^^^^^^^^^
  File "C:\Users\User\AppData\Local\Programs\Python\Python312\Lib\site-packages\django\urls\base.py", line 88, in reverse
    return resolver._reverse_with_prefix(view, prefix, *args, **kwargs)
           ^^^^^^^^^^^^^^^^^^^^^^^^^^^^^^^^^^^^^^^^^^^^^^^^^^^^^^^^^^^^
  File "C:\Users\User\AppData\Local\Programs\Python\Python312\Lib\site-packages\django\urls\resolvers.py", line 851, in _reverse_with_prefix
    raise NoReverseMatch(msg)
django.urls.exceptions.NoReverseMatch: Reverse for 'docunotification' not found. 'docunotification' is not a valid view function or pattern name.
ERROR 2025-10-08 13:33:14,963 basehttp 27868 23436 "GET /stock-declaration/ HTTP/1.1" 500 209884
INFO 2025-10-08 13:33:23,400 autoreload 27868 17952 C:\Users\User\Desktop\RPA\Website\PDN_Portal\pdnportal\docunotification\context_processors.py changed, reloading.
INFO 2025-10-08 13:33:24,218 autoreload 25288 27308 Watching for file changes with StatReloader
ERROR 2025-10-08 13:33:27,000 log 25288 27264 Internal Server Error: /stock-declaration/
Traceback (most recent call last):
  File "C:\Users\User\AppData\Local\Programs\Python\Python312\Lib\site-packages\django\core\handlers\exception.py", line 55, in inner
    response = get_response(request)
               ^^^^^^^^^^^^^^^^^^^^^
  File "C:\Users\User\AppData\Local\Programs\Python\Python312\Lib\site-packages\django\core\handlers\base.py", line 197, in _get_response
    response = wrapped_callback(request, *callback_args, **callback_kwargs)
               ^^^^^^^^^^^^^^^^^^^^^^^^^^^^^^^^^^^^^^^^^^^^^^^^^^^^^^^^^^^^
  File "C:\Users\User\Desktop\RPA\Website\PDN_Portal\pdnportal\stockdeclaration\views.py", line 67, in stock_declaration_home
    return render(request, "stockdeclaration/stockdeclaration.html", context)
           ^^^^^^^^^^^^^^^^^^^^^^^^^^^^^^^^^^^^^^^^^^^^^^^^^^^^^^^^^^^^^^^^^^
  File "C:\Users\User\AppData\Local\Programs\Python\Python312\Lib\site-packages\django\shortcuts.py", line 25, in render
    content = loader.render_to_string(template_name, context, request, using=using)
              ^^^^^^^^^^^^^^^^^^^^^^^^^^^^^^^^^^^^^^^^^^^^^^^^^^^^^^^^^^^^^^^^^^^^^
  File "C:\Users\User\AppData\Local\Programs\Python\Python312\Lib\site-packages\django\template\loader.py", line 62, in render_to_string
    return template.render(context, request)
           ^^^^^^^^^^^^^^^^^^^^^^^^^^^^^^^^^
  File "C:\Users\User\AppData\Local\Programs\Python\Python312\Lib\site-packages\django\template\backends\django.py", line 61, in render
    return self.template.render(context)
           ^^^^^^^^^^^^^^^^^^^^^^^^^^^^^
  File "C:\Users\User\AppData\Local\Programs\Python\Python312\Lib\site-packages\django\template\base.py", line 171, in render
    return self._render(context)
           ^^^^^^^^^^^^^^^^^^^^^
  File "C:\Users\User\AppData\Local\Programs\Python\Python312\Lib\site-packages\django\template\base.py", line 163, in _render
    return self.nodelist.render(context)
           ^^^^^^^^^^^^^^^^^^^^^^^^^^^^^
  File "C:\Users\User\AppData\Local\Programs\Python\Python312\Lib\site-packages\django\template\base.py", line 1000, in render
    return SafeString("".join([node.render_annotated(context) for node in self]))
                               ^^^^^^^^^^^^^^^^^^^^^^^^^^^^^^
  File "C:\Users\User\AppData\Local\Programs\Python\Python312\Lib\site-packages\django\template\base.py", line 961, in render_annotated
    return self.render(context)
           ^^^^^^^^^^^^^^^^^^^^
  File "C:\Users\User\AppData\Local\Programs\Python\Python312\Lib\site-packages\django\template\loader_tags.py", line 159, in render
    return compiled_parent._render(context)
           ^^^^^^^^^^^^^^^^^^^^^^^^^^^^^^^^
  File "C:\Users\User\AppData\Local\Programs\Python\Python312\Lib\site-packages\django\template\base.py", line 163, in _render
    return self.nodelist.render(context)
           ^^^^^^^^^^^^^^^^^^^^^^^^^^^^^
  File "C:\Users\User\AppData\Local\Programs\Python\Python312\Lib\site-packages\django\template\base.py", line 1000, in render
    return SafeString("".join([node.render_annotated(context) for node in self]))
                               ^^^^^^^^^^^^^^^^^^^^^^^^^^^^^^
  File "C:\Users\User\AppData\Local\Programs\Python\Python312\Lib\site-packages\django\template\base.py", line 961, in render_annotated
    return self.render(context)
           ^^^^^^^^^^^^^^^^^^^^
  File "C:\Users\User\AppData\Local\Programs\Python\Python312\Lib\site-packages\django\template\loader_tags.py", line 210, in render
    return template.render(context)
           ^^^^^^^^^^^^^^^^^^^^^^^^
  File "C:\Users\User\AppData\Local\Programs\Python\Python312\Lib\site-packages\django\template\base.py", line 173, in render
    return self._render(context)
           ^^^^^^^^^^^^^^^^^^^^^
  File "C:\Users\User\AppData\Local\Programs\Python\Python312\Lib\site-packages\django\template\base.py", line 163, in _render
    return self.nodelist.render(context)
           ^^^^^^^^^^^^^^^^^^^^^^^^^^^^^
  File "C:\Users\User\AppData\Local\Programs\Python\Python312\Lib\site-packages\django\template\base.py", line 1000, in render
    return SafeString("".join([node.render_annotated(context) for node in self]))
                               ^^^^^^^^^^^^^^^^^^^^^^^^^^^^^^
  File "C:\Users\User\AppData\Local\Programs\Python\Python312\Lib\site-packages\django\template\base.py", line 961, in render_annotated
    return self.render(context)
           ^^^^^^^^^^^^^^^^^^^^
  File "C:\Users\User\AppData\Local\Programs\Python\Python312\Lib\site-packages\django\template\defaulttags.py", line 326, in render
    return nodelist.render(context)
           ^^^^^^^^^^^^^^^^^^^^^^^^
  File "C:\Users\User\AppData\Local\Programs\Python\Python312\Lib\site-packages\django\template\base.py", line 1000, in render
    return SafeString("".join([node.render_annotated(context) for node in self]))
                               ^^^^^^^^^^^^^^^^^^^^^^^^^^^^^^
  File "C:\Users\User\AppData\Local\Programs\Python\Python312\Lib\site-packages\django\template\base.py", line 961, in render_annotated
    return self.render(context)
           ^^^^^^^^^^^^^^^^^^^^
  File "C:\Users\User\AppData\Local\Programs\Python\Python312\Lib\site-packages\django\template\defaulttags.py", line 479, in render
    url = reverse(view_name, args=args, kwargs=kwargs, current_app=current_app)
          ^^^^^^^^^^^^^^^^^^^^^^^^^^^^^^^^^^^^^^^^^^^^^^^^^^^^^^^^^^^^^^^^^^^^^
  File "C:\Users\User\AppData\Local\Programs\Python\Python312\Lib\site-packages\django\urls\base.py", line 88, in reverse
    return resolver._reverse_with_prefix(view, prefix, *args, **kwargs)
           ^^^^^^^^^^^^^^^^^^^^^^^^^^^^^^^^^^^^^^^^^^^^^^^^^^^^^^^^^^^^
  File "C:\Users\User\AppData\Local\Programs\Python\Python312\Lib\site-packages\django\urls\resolvers.py", line 851, in _reverse_with_prefix
    raise NoReverseMatch(msg)
django.urls.exceptions.NoReverseMatch: Reverse for 'docunotification' not found. 'docunotification' is not a valid view function or pattern name.
ERROR 2025-10-08 13:33:27,050 basehttp 25288 27264 "GET /stock-declaration/ HTTP/1.1" 500 209884
ERROR 2025-10-08 13:33:28,157 log 25288 27264 Internal Server Error: /stock-declaration/
Traceback (most recent call last):
  File "C:\Users\User\AppData\Local\Programs\Python\Python312\Lib\site-packages\django\core\handlers\exception.py", line 55, in inner
    response = get_response(request)
               ^^^^^^^^^^^^^^^^^^^^^
  File "C:\Users\User\AppData\Local\Programs\Python\Python312\Lib\site-packages\django\core\handlers\base.py", line 197, in _get_response
    response = wrapped_callback(request, *callback_args, **callback_kwargs)
               ^^^^^^^^^^^^^^^^^^^^^^^^^^^^^^^^^^^^^^^^^^^^^^^^^^^^^^^^^^^^
  File "C:\Users\User\Desktop\RPA\Website\PDN_Portal\pdnportal\stockdeclaration\views.py", line 67, in stock_declaration_home
    return render(request, "stockdeclaration/stockdeclaration.html", context)
           ^^^^^^^^^^^^^^^^^^^^^^^^^^^^^^^^^^^^^^^^^^^^^^^^^^^^^^^^^^^^^^^^^^
  File "C:\Users\User\AppData\Local\Programs\Python\Python312\Lib\site-packages\django\shortcuts.py", line 25, in render
    content = loader.render_to_string(template_name, context, request, using=using)
              ^^^^^^^^^^^^^^^^^^^^^^^^^^^^^^^^^^^^^^^^^^^^^^^^^^^^^^^^^^^^^^^^^^^^^
  File "C:\Users\User\AppData\Local\Programs\Python\Python312\Lib\site-packages\django\template\loader.py", line 62, in render_to_string
    return template.render(context, request)
           ^^^^^^^^^^^^^^^^^^^^^^^^^^^^^^^^^
  File "C:\Users\User\AppData\Local\Programs\Python\Python312\Lib\site-packages\django\template\backends\django.py", line 61, in render
    return self.template.render(context)
           ^^^^^^^^^^^^^^^^^^^^^^^^^^^^^
  File "C:\Users\User\AppData\Local\Programs\Python\Python312\Lib\site-packages\django\template\base.py", line 171, in render
    return self._render(context)
           ^^^^^^^^^^^^^^^^^^^^^
  File "C:\Users\User\AppData\Local\Programs\Python\Python312\Lib\site-packages\django\template\base.py", line 163, in _render
    return self.nodelist.render(context)
           ^^^^^^^^^^^^^^^^^^^^^^^^^^^^^
  File "C:\Users\User\AppData\Local\Programs\Python\Python312\Lib\site-packages\django\template\base.py", line 1000, in render
    return SafeString("".join([node.render_annotated(context) for node in self]))
                               ^^^^^^^^^^^^^^^^^^^^^^^^^^^^^^
  File "C:\Users\User\AppData\Local\Programs\Python\Python312\Lib\site-packages\django\template\base.py", line 961, in render_annotated
    return self.render(context)
           ^^^^^^^^^^^^^^^^^^^^
  File "C:\Users\User\AppData\Local\Programs\Python\Python312\Lib\site-packages\django\template\loader_tags.py", line 159, in render
    return compiled_parent._render(context)
           ^^^^^^^^^^^^^^^^^^^^^^^^^^^^^^^^
  File "C:\Users\User\AppData\Local\Programs\Python\Python312\Lib\site-packages\django\template\base.py", line 163, in _render
    return self.nodelist.render(context)
           ^^^^^^^^^^^^^^^^^^^^^^^^^^^^^
  File "C:\Users\User\AppData\Local\Programs\Python\Python312\Lib\site-packages\django\template\base.py", line 1000, in render
    return SafeString("".join([node.render_annotated(context) for node in self]))
                               ^^^^^^^^^^^^^^^^^^^^^^^^^^^^^^
  File "C:\Users\User\AppData\Local\Programs\Python\Python312\Lib\site-packages\django\template\base.py", line 961, in render_annotated
    return self.render(context)
           ^^^^^^^^^^^^^^^^^^^^
  File "C:\Users\User\AppData\Local\Programs\Python\Python312\Lib\site-packages\django\template\loader_tags.py", line 210, in render
    return template.render(context)
           ^^^^^^^^^^^^^^^^^^^^^^^^
  File "C:\Users\User\AppData\Local\Programs\Python\Python312\Lib\site-packages\django\template\base.py", line 173, in render
    return self._render(context)
           ^^^^^^^^^^^^^^^^^^^^^
  File "C:\Users\User\AppData\Local\Programs\Python\Python312\Lib\site-packages\django\template\base.py", line 163, in _render
    return self.nodelist.render(context)
           ^^^^^^^^^^^^^^^^^^^^^^^^^^^^^
  File "C:\Users\User\AppData\Local\Programs\Python\Python312\Lib\site-packages\django\template\base.py", line 1000, in render
    return SafeString("".join([node.render_annotated(context) for node in self]))
                               ^^^^^^^^^^^^^^^^^^^^^^^^^^^^^^
  File "C:\Users\User\AppData\Local\Programs\Python\Python312\Lib\site-packages\django\template\base.py", line 961, in render_annotated
    return self.render(context)
           ^^^^^^^^^^^^^^^^^^^^
  File "C:\Users\User\AppData\Local\Programs\Python\Python312\Lib\site-packages\django\template\defaulttags.py", line 326, in render
    return nodelist.render(context)
           ^^^^^^^^^^^^^^^^^^^^^^^^
  File "C:\Users\User\AppData\Local\Programs\Python\Python312\Lib\site-packages\django\template\base.py", line 1000, in render
    return SafeString("".join([node.render_annotated(context) for node in self]))
                               ^^^^^^^^^^^^^^^^^^^^^^^^^^^^^^
  File "C:\Users\User\AppData\Local\Programs\Python\Python312\Lib\site-packages\django\template\base.py", line 961, in render_annotated
    return self.render(context)
           ^^^^^^^^^^^^^^^^^^^^
  File "C:\Users\User\AppData\Local\Programs\Python\Python312\Lib\site-packages\django\template\defaulttags.py", line 479, in render
    url = reverse(view_name, args=args, kwargs=kwargs, current_app=current_app)
          ^^^^^^^^^^^^^^^^^^^^^^^^^^^^^^^^^^^^^^^^^^^^^^^^^^^^^^^^^^^^^^^^^^^^^
  File "C:\Users\User\AppData\Local\Programs\Python\Python312\Lib\site-packages\django\urls\base.py", line 88, in reverse
    return resolver._reverse_with_prefix(view, prefix, *args, **kwargs)
           ^^^^^^^^^^^^^^^^^^^^^^^^^^^^^^^^^^^^^^^^^^^^^^^^^^^^^^^^^^^^
  File "C:\Users\User\AppData\Local\Programs\Python\Python312\Lib\site-packages\django\urls\resolvers.py", line 851, in _reverse_with_prefix
    raise NoReverseMatch(msg)
django.urls.exceptions.NoReverseMatch: Reverse for 'docunotification' not found. 'docunotification' is not a valid view function or pattern name.
ERROR 2025-10-08 13:33:28,174 basehttp 25288 27264 "GET /stock-declaration/ HTTP/1.1" 500 209884
ERROR 2025-10-08 13:33:31,635 log 25288 27264 Internal Server Error: /stock-declaration/
Traceback (most recent call last):
  File "C:\Users\User\AppData\Local\Programs\Python\Python312\Lib\site-packages\django\core\handlers\exception.py", line 55, in inner
    response = get_response(request)
               ^^^^^^^^^^^^^^^^^^^^^
  File "C:\Users\User\AppData\Local\Programs\Python\Python312\Lib\site-packages\django\core\handlers\base.py", line 197, in _get_response
    response = wrapped_callback(request, *callback_args, **callback_kwargs)
               ^^^^^^^^^^^^^^^^^^^^^^^^^^^^^^^^^^^^^^^^^^^^^^^^^^^^^^^^^^^^
  File "C:\Users\User\Desktop\RPA\Website\PDN_Portal\pdnportal\stockdeclaration\views.py", line 67, in stock_declaration_home
    return render(request, "stockdeclaration/stockdeclaration.html", context)
           ^^^^^^^^^^^^^^^^^^^^^^^^^^^^^^^^^^^^^^^^^^^^^^^^^^^^^^^^^^^^^^^^^^
  File "C:\Users\User\AppData\Local\Programs\Python\Python312\Lib\site-packages\django\shortcuts.py", line 25, in render
    content = loader.render_to_string(template_name, context, request, using=using)
              ^^^^^^^^^^^^^^^^^^^^^^^^^^^^^^^^^^^^^^^^^^^^^^^^^^^^^^^^^^^^^^^^^^^^^
  File "C:\Users\User\AppData\Local\Programs\Python\Python312\Lib\site-packages\django\template\loader.py", line 62, in render_to_string
    return template.render(context, request)
           ^^^^^^^^^^^^^^^^^^^^^^^^^^^^^^^^^
  File "C:\Users\User\AppData\Local\Programs\Python\Python312\Lib\site-packages\django\template\backends\django.py", line 61, in render
    return self.template.render(context)
           ^^^^^^^^^^^^^^^^^^^^^^^^^^^^^
  File "C:\Users\User\AppData\Local\Programs\Python\Python312\Lib\site-packages\django\template\base.py", line 171, in render
    return self._render(context)
           ^^^^^^^^^^^^^^^^^^^^^
  File "C:\Users\User\AppData\Local\Programs\Python\Python312\Lib\site-packages\django\template\base.py", line 163, in _render
    return self.nodelist.render(context)
           ^^^^^^^^^^^^^^^^^^^^^^^^^^^^^
  File "C:\Users\User\AppData\Local\Programs\Python\Python312\Lib\site-packages\django\template\base.py", line 1000, in render
    return SafeString("".join([node.render_annotated(context) for node in self]))
                               ^^^^^^^^^^^^^^^^^^^^^^^^^^^^^^
  File "C:\Users\User\AppData\Local\Programs\Python\Python312\Lib\site-packages\django\template\base.py", line 961, in render_annotated
    return self.render(context)
           ^^^^^^^^^^^^^^^^^^^^
  File "C:\Users\User\AppData\Local\Programs\Python\Python312\Lib\site-packages\django\template\loader_tags.py", line 159, in render
    return compiled_parent._render(context)
           ^^^^^^^^^^^^^^^^^^^^^^^^^^^^^^^^
  File "C:\Users\User\AppData\Local\Programs\Python\Python312\Lib\site-packages\django\template\base.py", line 163, in _render
    return self.nodelist.render(context)
           ^^^^^^^^^^^^^^^^^^^^^^^^^^^^^
  File "C:\Users\User\AppData\Local\Programs\Python\Python312\Lib\site-packages\django\template\base.py", line 1000, in render
    return SafeString("".join([node.render_annotated(context) for node in self]))
                               ^^^^^^^^^^^^^^^^^^^^^^^^^^^^^^
  File "C:\Users\User\AppData\Local\Programs\Python\Python312\Lib\site-packages\django\template\base.py", line 961, in render_annotated
    return self.render(context)
           ^^^^^^^^^^^^^^^^^^^^
  File "C:\Users\User\AppData\Local\Programs\Python\Python312\Lib\site-packages\django\template\loader_tags.py", line 210, in render
    return template.render(context)
           ^^^^^^^^^^^^^^^^^^^^^^^^
  File "C:\Users\User\AppData\Local\Programs\Python\Python312\Lib\site-packages\django\template\base.py", line 173, in render
    return self._render(context)
           ^^^^^^^^^^^^^^^^^^^^^
  File "C:\Users\User\AppData\Local\Programs\Python\Python312\Lib\site-packages\django\template\base.py", line 163, in _render
    return self.nodelist.render(context)
           ^^^^^^^^^^^^^^^^^^^^^^^^^^^^^
  File "C:\Users\User\AppData\Local\Programs\Python\Python312\Lib\site-packages\django\template\base.py", line 1000, in render
    return SafeString("".join([node.render_annotated(context) for node in self]))
                               ^^^^^^^^^^^^^^^^^^^^^^^^^^^^^^
  File "C:\Users\User\AppData\Local\Programs\Python\Python312\Lib\site-packages\django\template\base.py", line 961, in render_annotated
    return self.render(context)
           ^^^^^^^^^^^^^^^^^^^^
  File "C:\Users\User\AppData\Local\Programs\Python\Python312\Lib\site-packages\django\template\defaulttags.py", line 326, in render
    return nodelist.render(context)
           ^^^^^^^^^^^^^^^^^^^^^^^^
  File "C:\Users\User\AppData\Local\Programs\Python\Python312\Lib\site-packages\django\template\base.py", line 1000, in render
    return SafeString("".join([node.render_annotated(context) for node in self]))
                               ^^^^^^^^^^^^^^^^^^^^^^^^^^^^^^
  File "C:\Users\User\AppData\Local\Programs\Python\Python312\Lib\site-packages\django\template\base.py", line 961, in render_annotated
    return self.render(context)
           ^^^^^^^^^^^^^^^^^^^^
  File "C:\Users\User\AppData\Local\Programs\Python\Python312\Lib\site-packages\django\template\defaulttags.py", line 479, in render
    url = reverse(view_name, args=args, kwargs=kwargs, current_app=current_app)
          ^^^^^^^^^^^^^^^^^^^^^^^^^^^^^^^^^^^^^^^^^^^^^^^^^^^^^^^^^^^^^^^^^^^^^
  File "C:\Users\User\AppData\Local\Programs\Python\Python312\Lib\site-packages\django\urls\base.py", line 88, in reverse
    return resolver._reverse_with_prefix(view, prefix, *args, **kwargs)
           ^^^^^^^^^^^^^^^^^^^^^^^^^^^^^^^^^^^^^^^^^^^^^^^^^^^^^^^^^^^^
  File "C:\Users\User\AppData\Local\Programs\Python\Python312\Lib\site-packages\django\urls\resolvers.py", line 851, in _reverse_with_prefix
    raise NoReverseMatch(msg)
django.urls.exceptions.NoReverseMatch: Reverse for 'docunotification' not found. 'docunotification' is not a valid view function or pattern name.
ERROR 2025-10-08 13:33:31,659 basehttp 25288 27264 "GET /stock-declaration/ HTTP/1.1" 500 210012
WARNING 2025-10-08 13:33:31,762 log 25288 27264 Not Found: /favicon.ico
WARNING 2025-10-08 13:33:31,763 basehttp 25288 27264 "GET /favicon.ico HTTP/1.1" 404 4790
INFO 2025-10-08 13:33:33,891 autoreload 25288 27308 C:\Users\User\Desktop\RPA\Website\PDN_Portal\pdnportal\docunotification\urls.py changed, reloading.
INFO 2025-10-08 13:33:34,592 autoreload 27380 11020 Watching for file changes with StatReloader
INFO 2025-10-08 13:34:07,305 basehttp 27380 27124 "POST /overview/api/layout/save/ HTTP/1.1" 200 21
INFO 2025-10-08 13:34:07,320 basehttp 27380 28352 "GET /manhours/chart-data/ HTTP/1.1" 200 616
INFO 2025-10-08 13:34:07,351 basehttp 27380 11128 "GET /joborder/chart-data/6month/ HTTP/1.1" 200 231
INFO 2025-10-08 13:34:07,397 basehttp 27380 11128 "GET /joborder/chart-data/6month/ HTTP/1.1" 200 231
ERROR 2025-10-08 13:34:07,448 log 27380 26588 Internal Server Error: /overview/api/notes/widget-1748043771086-564/
Traceback (most recent call last):
  File "C:\Users\User\AppData\Local\Programs\Python\Python312\Lib\site-packages\django\db\backends\utils.py", line 105, in _execute
    return self.cursor.execute(sql, params)
           ^^^^^^^^^^^^^^^^^^^^^^^^^^^^^^^^
  File "C:\Users\User\AppData\Local\Programs\Python\Python312\Lib\site-packages\django\db\backends\sqlite3\base.py", line 329, in execute
    return super().execute(query, params)
           ^^^^^^^^^^^^^^^^^^^^^^^^^^^^^^
sqlite3.OperationalError: database is locked

The above exception was the direct cause of the following exception:

Traceback (most recent call last):
  File "C:\Users\User\AppData\Local\Programs\Python\Python312\Lib\site-packages\django\core\handlers\exception.py", line 55, in inner
    response = get_response(request)
               ^^^^^^^^^^^^^^^^^^^^^
  File "C:\Users\User\Desktop\RPA\Website\PDN_Portal\pdnportal\chat\middleware.py", line 14, in __call__
    UserOnlineStatus.objects.update_or_create(
  File "C:\Users\User\AppData\Local\Programs\Python\Python312\Lib\site-packages\django\db\models\manager.py", line 87, in manager_method
    return getattr(self.get_queryset(), name)(*args, **kwargs)
           ^^^^^^^^^^^^^^^^^^^^^^^^^^^^^^^^^^^^^^^^^^^^^^^^^^^
  File "C:\Users\User\AppData\Local\Programs\Python\Python312\Lib\site-packages\django\db\models\query.py", line 1009, in update_or_create
    obj.save(using=self.db, update_fields=update_fields)
  File "C:\Users\User\AppData\Local\Programs\Python\Python312\Lib\site-packages\django\db\models\base.py", line 822, in save
    self.save_base(
  File "C:\Users\User\AppData\Local\Programs\Python\Python312\Lib\site-packages\django\db\models\base.py", line 909, in save_base
    updated = self._save_table(
              ^^^^^^^^^^^^^^^^^
  File "C:\Users\User\AppData\Local\Programs\Python\Python312\Lib\site-packages\django\db\models\base.py", line 1036, in _save_table
    updated = self._do_update(
              ^^^^^^^^^^^^^^^^
  File "C:\Users\User\AppData\Local\Programs\Python\Python312\Lib\site-packages\django\db\models\base.py", line 1101, in _do_update
    return filtered._update(values) > 0
           ^^^^^^^^^^^^^^^^^^^^^^^^
  File "C:\Users\User\AppData\Local\Programs\Python\Python312\Lib\site-packages\django\db\models\query.py", line 1278, in _update
    return query.get_compiler(self.db).execute_sql(CURSOR)
           ^^^^^^^^^^^^^^^^^^^^^^^^^^^^^^^^^^^^^^^^^^^^^^^
  File "C:\Users\User\AppData\Local\Programs\Python\Python312\Lib\site-packages\django\db\models\sql\compiler.py", line 1990, in execute_sql
    cursor = super().execute_sql(result_type)
             ^^^^^^^^^^^^^^^^^^^^^^^^^^^^^^^^
  File "C:\Users\User\AppData\Local\Programs\Python\Python312\Lib\site-packages\django\db\models\sql\compiler.py", line 1562, in execute_sql
    cursor.execute(sql, params)
  File "C:\Users\User\AppData\Local\Programs\Python\Python312\Lib\site-packages\django\db\backends\utils.py", line 122, in execute
    return super().execute(sql, params)
           ^^^^^^^^^^^^^^^^^^^^^^^^^^^^
  File "C:\Users\User\AppData\Local\Programs\Python\Python312\Lib\site-packages\django\db\backends\utils.py", line 79, in execute
    return self._execute_with_wrappers(
           ^^^^^^^^^^^^^^^^^^^^^^^^^^^^
  File "C:\Users\User\AppData\Local\Programs\Python\Python312\Lib\site-packages\django\db\backends\utils.py", line 92, in _execute_with_wrappers
    return executor(sql, params, many, context)
           ^^^^^^^^^^^^^^^^^^^^^^^^^^^^^^^^^^^^
  File "C:\Users\User\AppData\Local\Programs\Python\Python312\Lib\site-packages\django\db\backends\utils.py", line 100, in _execute
    with self.db.wrap_database_errors:
  File "C:\Users\User\AppData\Local\Programs\Python\Python312\Lib\site-packages\django\db\utils.py", line 91, in __exit__
    raise dj_exc_value.with_traceback(traceback) from exc_value
  File "C:\Users\User\AppData\Local\Programs\Python\Python312\Lib\site-packages\django\db\backends\utils.py", line 105, in _execute
    return self.cursor.execute(sql, params)
           ^^^^^^^^^^^^^^^^^^^^^^^^^^^^^^^^
  File "C:\Users\User\AppData\Local\Programs\Python\Python312\Lib\site-packages\django\db\backends\sqlite3\base.py", line 329, in execute
    return super().execute(query, params)
           ^^^^^^^^^^^^^^^^^^^^^^^^^^^^^^
django.db.utils.OperationalError: database is locked
INFO 2025-10-08 13:34:07,464 basehttp 27380 26092 "GET /dcf/api/requestor-chart-data/6month/ HTTP/1.1" 200 2956
ERROR 2025-10-08 13:34:07,464 basehttp 27380 26588 "GET /overview/api/notes/widget-1748043771086-564/ HTTP/1.1" 500 167752
ERROR 2025-10-08 13:34:07,521 log 27380 17192 Internal Server Error: /overview/api/calendar/widget-1748043771087-570/
Traceback (most recent call last):
  File "C:\Users\User\AppData\Local\Programs\Python\Python312\Lib\site-packages\django\db\backends\utils.py", line 105, in _execute
    return self.cursor.execute(sql, params)
           ^^^^^^^^^^^^^^^^^^^^^^^^^^^^^^^^
  File "C:\Users\User\AppData\Local\Programs\Python\Python312\Lib\site-packages\django\db\backends\sqlite3\base.py", line 329, in execute
    return super().execute(query, params)
           ^^^^^^^^^^^^^^^^^^^^^^^^^^^^^^
sqlite3.OperationalError: database is locked

The above exception was the direct cause of the following exception:

Traceback (most recent call last):
  File "C:\Users\User\AppData\Local\Programs\Python\Python312\Lib\site-packages\django\core\handlers\exception.py", line 55, in inner
    response = get_response(request)
               ^^^^^^^^^^^^^^^^^^^^^
  File "C:\Users\User\Desktop\RPA\Website\PDN_Portal\pdnportal\chat\middleware.py", line 14, in __call__
    UserOnlineStatus.objects.update_or_create(
  File "C:\Users\User\AppData\Local\Programs\Python\Python312\Lib\site-packages\django\db\models\manager.py", line 87, in manager_method
    return getattr(self.get_queryset(), name)(*args, **kwargs)
           ^^^^^^^^^^^^^^^^^^^^^^^^^^^^^^^^^^^^^^^^^^^^^^^^^^^
  File "C:\Users\User\AppData\Local\Programs\Python\Python312\Lib\site-packages\django\db\models\query.py", line 1009, in update_or_create
    obj.save(using=self.db, update_fields=update_fields)
  File "C:\Users\User\AppData\Local\Programs\Python\Python312\Lib\site-packages\django\db\models\base.py", line 822, in save
    self.save_base(
  File "C:\Users\User\AppData\Local\Programs\Python\Python312\Lib\site-packages\django\db\models\base.py", line 909, in save_base
    updated = self._save_table(
              ^^^^^^^^^^^^^^^^^
  File "C:\Users\User\AppData\Local\Programs\Python\Python312\Lib\site-packages\django\db\models\base.py", line 1036, in _save_table
    updated = self._do_update(
              ^^^^^^^^^^^^^^^^
  File "C:\Users\User\AppData\Local\Programs\Python\Python312\Lib\site-packages\django\db\models\base.py", line 1101, in _do_update
    return filtered._update(values) > 0
           ^^^^^^^^^^^^^^^^^^^^^^^^
  File "C:\Users\User\AppData\Local\Programs\Python\Python312\Lib\site-packages\django\db\models\query.py", line 1278, in _update
    return query.get_compiler(self.db).execute_sql(CURSOR)
           ^^^^^^^^^^^^^^^^^^^^^^^^^^^^^^^^^^^^^^^^^^^^^^^
  File "C:\Users\User\AppData\Local\Programs\Python\Python312\Lib\site-packages\django\db\models\sql\compiler.py", line 1990, in execute_sql
    cursor = super().execute_sql(result_type)
             ^^^^^^^^^^^^^^^^^^^^^^^^^^^^^^^^
  File "C:\Users\User\AppData\Local\Programs\Python\Python312\Lib\site-packages\django\db\models\sql\compiler.py", line 1562, in execute_sql
    cursor.execute(sql, params)
  File "C:\Users\User\AppData\Local\Programs\Python\Python312\Lib\site-packages\django\db\backends\utils.py", line 122, in execute
    return super().execute(sql, params)
           ^^^^^^^^^^^^^^^^^^^^^^^^^^^^
  File "C:\Users\User\AppData\Local\Programs\Python\Python312\Lib\site-packages\django\db\backends\utils.py", line 79, in execute
    return self._execute_with_wrappers(
           ^^^^^^^^^^^^^^^^^^^^^^^^^^^^
  File "C:\Users\User\AppData\Local\Programs\Python\Python312\Lib\site-packages\django\db\backends\utils.py", line 92, in _execute_with_wrappers
    return executor(sql, params, many, context)
           ^^^^^^^^^^^^^^^^^^^^^^^^^^^^^^^^^^^^
  File "C:\Users\User\AppData\Local\Programs\Python\Python312\Lib\site-packages\django\db\backends\utils.py", line 100, in _execute
    with self.db.wrap_database_errors:
  File "C:\Users\User\AppData\Local\Programs\Python\Python312\Lib\site-packages\django\db\utils.py", line 91, in __exit__
    raise dj_exc_value.with_traceback(traceback) from exc_value
  File "C:\Users\User\AppData\Local\Programs\Python\Python312\Lib\site-packages\django\db\backends\utils.py", line 105, in _execute
    return self.cursor.execute(sql, params)
           ^^^^^^^^^^^^^^^^^^^^^^^^^^^^^^^^
  File "C:\Users\User\AppData\Local\Programs\Python\Python312\Lib\site-packages\django\db\backends\sqlite3\base.py", line 329, in execute
    return super().execute(query, params)
           ^^^^^^^^^^^^^^^^^^^^^^^^^^^^^^
django.db.utils.OperationalError: database is locked
ERROR 2025-10-08 13:34:07,527 basehttp 27380 17192 "GET /overview/api/calendar/widget-1748043771087-570/ HTTP/1.1" 500 167783
ERROR 2025-10-08 13:34:09,248 log 27380 17192 Internal Server Error: /overview/overview
Traceback (most recent call last):
  File "C:\Users\User\AppData\Local\Programs\Python\Python312\Lib\site-packages\django\urls\base.py", line 71, in reverse
    extra, resolver = resolver.namespace_dict[ns]
                      ~~~~~~~~~~~~~~~~~~~~~~~^^^^
KeyError: 'docunotification'

During handling of the above exception, another exception occurred:

Traceback (most recent call last):
  File "C:\Users\User\AppData\Local\Programs\Python\Python312\Lib\site-packages\django\core\handlers\exception.py", line 55, in inner
    response = get_response(request)
               ^^^^^^^^^^^^^^^^^^^^^
  File "C:\Users\User\AppData\Local\Programs\Python\Python312\Lib\site-packages\django\core\handlers\base.py", line 197, in _get_response
    response = wrapped_callback(request, *callback_args, **callback_kwargs)
               ^^^^^^^^^^^^^^^^^^^^^^^^^^^^^^^^^^^^^^^^^^^^^^^^^^^^^^^^^^^^
  File "C:\Users\User\Desktop\RPA\Website\PDN_Portal\pdnportal\overview\views.py", line 22, in overview
    return render(request, 'overview/overview.html', context)
           ^^^^^^^^^^^^^^^^^^^^^^^^^^^^^^^^^^^^^^^^^^^^^^^^^^
  File "C:\Users\User\AppData\Local\Programs\Python\Python312\Lib\site-packages\django\shortcuts.py", line 25, in render
    content = loader.render_to_string(template_name, context, request, using=using)
              ^^^^^^^^^^^^^^^^^^^^^^^^^^^^^^^^^^^^^^^^^^^^^^^^^^^^^^^^^^^^^^^^^^^^^
  File "C:\Users\User\AppData\Local\Programs\Python\Python312\Lib\site-packages\django\template\loader.py", line 62, in render_to_string
    return template.render(context, request)
           ^^^^^^^^^^^^^^^^^^^^^^^^^^^^^^^^^
  File "C:\Users\User\AppData\Local\Programs\Python\Python312\Lib\site-packages\django\template\backends\django.py", line 61, in render
    return self.template.render(context)
           ^^^^^^^^^^^^^^^^^^^^^^^^^^^^^
  File "C:\Users\User\AppData\Local\Programs\Python\Python312\Lib\site-packages\django\template\base.py", line 171, in render
    return self._render(context)
           ^^^^^^^^^^^^^^^^^^^^^
  File "C:\Users\User\AppData\Local\Programs\Python\Python312\Lib\site-packages\django\template\base.py", line 163, in _render
    return self.nodelist.render(context)
           ^^^^^^^^^^^^^^^^^^^^^^^^^^^^^
  File "C:\Users\User\AppData\Local\Programs\Python\Python312\Lib\site-packages\django\template\base.py", line 1000, in render
    return SafeString("".join([node.render_annotated(context) for node in self]))
                               ^^^^^^^^^^^^^^^^^^^^^^^^^^^^^^
  File "C:\Users\User\AppData\Local\Programs\Python\Python312\Lib\site-packages\django\template\base.py", line 961, in render_annotated
    return self.render(context)
           ^^^^^^^^^^^^^^^^^^^^
  File "C:\Users\User\AppData\Local\Programs\Python\Python312\Lib\site-packages\django\template\loader_tags.py", line 159, in render
    return compiled_parent._render(context)
           ^^^^^^^^^^^^^^^^^^^^^^^^^^^^^^^^
  File "C:\Users\User\AppData\Local\Programs\Python\Python312\Lib\site-packages\django\template\base.py", line 163, in _render
    return self.nodelist.render(context)
           ^^^^^^^^^^^^^^^^^^^^^^^^^^^^^
  File "C:\Users\User\AppData\Local\Programs\Python\Python312\Lib\site-packages\django\template\base.py", line 1000, in render
    return SafeString("".join([node.render_annotated(context) for node in self]))
                               ^^^^^^^^^^^^^^^^^^^^^^^^^^^^^^
  File "C:\Users\User\AppData\Local\Programs\Python\Python312\Lib\site-packages\django\template\base.py", line 961, in render_annotated
    return self.render(context)
           ^^^^^^^^^^^^^^^^^^^^
  File "C:\Users\User\AppData\Local\Programs\Python\Python312\Lib\site-packages\django\template\defaulttags.py", line 479, in render
    url = reverse(view_name, args=args, kwargs=kwargs, current_app=current_app)
          ^^^^^^^^^^^^^^^^^^^^^^^^^^^^^^^^^^^^^^^^^^^^^^^^^^^^^^^^^^^^^^^^^^^^^
  File "C:\Users\User\AppData\Local\Programs\Python\Python312\Lib\site-packages\django\urls\base.py", line 82, in reverse
    raise NoReverseMatch("%s is not a registered namespace" % key)
django.urls.exceptions.NoReverseMatch: 'docunotification' is not a registered namespace
ERROR 2025-10-08 13:34:09,265 basehttp 27380 17192 "GET /overview/overview HTTP/1.1" 500 158271
INFO 2025-10-08 13:34:16,066 autoreload 27380 11020 C:\Users\User\Desktop\RPA\Website\PDN_Portal\pdnportal\docunotification\urls.py changed, reloading.
INFO 2025-10-08 13:34:16,893 autoreload 25868 27480 Watching for file changes with StatReloader
INFO 2025-10-08 13:34:19,787 autoreload 25868 27480 C:\Users\User\Desktop\RPA\Website\PDN_Portal\pdnportal\docunotification\urls.py changed, reloading.
INFO 2025-10-08 13:34:20,564 autoreload 12876 24740 Watching for file changes with StatReloader
ERROR 2025-10-08 13:34:29,046 log 12876 26504 Internal Server Error: /overview/overview
Traceback (most recent call last):
  File "C:\Users\User\AppData\Local\Programs\Python\Python312\Lib\site-packages\django\urls\base.py", line 71, in reverse
    extra, resolver = resolver.namespace_dict[ns]
                      ~~~~~~~~~~~~~~~~~~~~~~~^^^^
KeyError: 'docunotification'

During handling of the above exception, another exception occurred:

Traceback (most recent call last):
  File "C:\Users\User\AppData\Local\Programs\Python\Python312\Lib\site-packages\django\core\handlers\exception.py", line 55, in inner
    response = get_response(request)
               ^^^^^^^^^^^^^^^^^^^^^
  File "C:\Users\User\AppData\Local\Programs\Python\Python312\Lib\site-packages\django\core\handlers\base.py", line 197, in _get_response
    response = wrapped_callback(request, *callback_args, **callback_kwargs)
               ^^^^^^^^^^^^^^^^^^^^^^^^^^^^^^^^^^^^^^^^^^^^^^^^^^^^^^^^^^^^
  File "C:\Users\User\Desktop\RPA\Website\PDN_Portal\pdnportal\overview\views.py", line 22, in overview
    return render(request, 'overview/overview.html', context)
           ^^^^^^^^^^^^^^^^^^^^^^^^^^^^^^^^^^^^^^^^^^^^^^^^^^
  File "C:\Users\User\AppData\Local\Programs\Python\Python312\Lib\site-packages\django\shortcuts.py", line 25, in render
    content = loader.render_to_string(template_name, context, request, using=using)
              ^^^^^^^^^^^^^^^^^^^^^^^^^^^^^^^^^^^^^^^^^^^^^^^^^^^^^^^^^^^^^^^^^^^^^
  File "C:\Users\User\AppData\Local\Programs\Python\Python312\Lib\site-packages\django\template\loader.py", line 62, in render_to_string
    return template.render(context, request)
           ^^^^^^^^^^^^^^^^^^^^^^^^^^^^^^^^^
  File "C:\Users\User\AppData\Local\Programs\Python\Python312\Lib\site-packages\django\template\backends\django.py", line 61, in render
    return self.template.render(context)
           ^^^^^^^^^^^^^^^^^^^^^^^^^^^^^
  File "C:\Users\User\AppData\Local\Programs\Python\Python312\Lib\site-packages\django\template\base.py", line 171, in render
    return self._render(context)
           ^^^^^^^^^^^^^^^^^^^^^
  File "C:\Users\User\AppData\Local\Programs\Python\Python312\Lib\site-packages\django\template\base.py", line 163, in _render
    return self.nodelist.render(context)
           ^^^^^^^^^^^^^^^^^^^^^^^^^^^^^
  File "C:\Users\User\AppData\Local\Programs\Python\Python312\Lib\site-packages\django\template\base.py", line 1000, in render
    return SafeString("".join([node.render_annotated(context) for node in self]))
                               ^^^^^^^^^^^^^^^^^^^^^^^^^^^^^^
  File "C:\Users\User\AppData\Local\Programs\Python\Python312\Lib\site-packages\django\template\base.py", line 961, in render_annotated
    return self.render(context)
           ^^^^^^^^^^^^^^^^^^^^
  File "C:\Users\User\AppData\Local\Programs\Python\Python312\Lib\site-packages\django\template\loader_tags.py", line 159, in render
    return compiled_parent._render(context)
           ^^^^^^^^^^^^^^^^^^^^^^^^^^^^^^^^
  File "C:\Users\User\AppData\Local\Programs\Python\Python312\Lib\site-packages\django\template\base.py", line 163, in _render
    return self.nodelist.render(context)
           ^^^^^^^^^^^^^^^^^^^^^^^^^^^^^
  File "C:\Users\User\AppData\Local\Programs\Python\Python312\Lib\site-packages\django\template\base.py", line 1000, in render
    return SafeString("".join([node.render_annotated(context) for node in self]))
                               ^^^^^^^^^^^^^^^^^^^^^^^^^^^^^^
  File "C:\Users\User\AppData\Local\Programs\Python\Python312\Lib\site-packages\django\template\base.py", line 961, in render_annotated
    return self.render(context)
           ^^^^^^^^^^^^^^^^^^^^
  File "C:\Users\User\AppData\Local\Programs\Python\Python312\Lib\site-packages\django\template\defaulttags.py", line 479, in render
    url = reverse(view_name, args=args, kwargs=kwargs, current_app=current_app)
          ^^^^^^^^^^^^^^^^^^^^^^^^^^^^^^^^^^^^^^^^^^^^^^^^^^^^^^^^^^^^^^^^^^^^^
  File "C:\Users\User\AppData\Local\Programs\Python\Python312\Lib\site-packages\django\urls\base.py", line 82, in reverse
    raise NoReverseMatch("%s is not a registered namespace" % key)
django.urls.exceptions.NoReverseMatch: 'docunotification' is not a registered namespace
ERROR 2025-10-08 13:34:29,073 basehttp 12876 26504 "GET /overview/overview HTTP/1.1" 500 158208
ERROR 2025-10-08 13:34:29,901 log 12876 26504 Internal Server Error: /overview/overview
Traceback (most recent call last):
  File "C:\Users\User\AppData\Local\Programs\Python\Python312\Lib\site-packages\django\urls\base.py", line 71, in reverse
    extra, resolver = resolver.namespace_dict[ns]
                      ~~~~~~~~~~~~~~~~~~~~~~~^^^^
KeyError: 'docunotification'

During handling of the above exception, another exception occurred:

Traceback (most recent call last):
  File "C:\Users\User\AppData\Local\Programs\Python\Python312\Lib\site-packages\django\core\handlers\exception.py", line 55, in inner
    response = get_response(request)
               ^^^^^^^^^^^^^^^^^^^^^
  File "C:\Users\User\AppData\Local\Programs\Python\Python312\Lib\site-packages\django\core\handlers\base.py", line 197, in _get_response
    response = wrapped_callback(request, *callback_args, **callback_kwargs)
               ^^^^^^^^^^^^^^^^^^^^^^^^^^^^^^^^^^^^^^^^^^^^^^^^^^^^^^^^^^^^
  File "C:\Users\User\Desktop\RPA\Website\PDN_Portal\pdnportal\overview\views.py", line 22, in overview
    return render(request, 'overview/overview.html', context)
           ^^^^^^^^^^^^^^^^^^^^^^^^^^^^^^^^^^^^^^^^^^^^^^^^^^
  File "C:\Users\User\AppData\Local\Programs\Python\Python312\Lib\site-packages\django\shortcuts.py", line 25, in render
    content = loader.render_to_string(template_name, context, request, using=using)
              ^^^^^^^^^^^^^^^^^^^^^^^^^^^^^^^^^^^^^^^^^^^^^^^^^^^^^^^^^^^^^^^^^^^^^
  File "C:\Users\User\AppData\Local\Programs\Python\Python312\Lib\site-packages\django\template\loader.py", line 62, in render_to_string
    return template.render(context, request)
           ^^^^^^^^^^^^^^^^^^^^^^^^^^^^^^^^^
  File "C:\Users\User\AppData\Local\Programs\Python\Python312\Lib\site-packages\django\template\backends\django.py", line 61, in render
    return self.template.render(context)
           ^^^^^^^^^^^^^^^^^^^^^^^^^^^^^
  File "C:\Users\User\AppData\Local\Programs\Python\Python312\Lib\site-packages\django\template\base.py", line 171, in render
    return self._render(context)
           ^^^^^^^^^^^^^^^^^^^^^
  File "C:\Users\User\AppData\Local\Programs\Python\Python312\Lib\site-packages\django\template\base.py", line 163, in _render
    return self.nodelist.render(context)
           ^^^^^^^^^^^^^^^^^^^^^^^^^^^^^
  File "C:\Users\User\AppData\Local\Programs\Python\Python312\Lib\site-packages\django\template\base.py", line 1000, in render
    return SafeString("".join([node.render_annotated(context) for node in self]))
                               ^^^^^^^^^^^^^^^^^^^^^^^^^^^^^^
  File "C:\Users\User\AppData\Local\Programs\Python\Python312\Lib\site-packages\django\template\base.py", line 961, in render_annotated
    return self.render(context)
           ^^^^^^^^^^^^^^^^^^^^
  File "C:\Users\User\AppData\Local\Programs\Python\Python312\Lib\site-packages\django\template\loader_tags.py", line 159, in render
    return compiled_parent._render(context)
           ^^^^^^^^^^^^^^^^^^^^^^^^^^^^^^^^
  File "C:\Users\User\AppData\Local\Programs\Python\Python312\Lib\site-packages\django\template\base.py", line 163, in _render
    return self.nodelist.render(context)
           ^^^^^^^^^^^^^^^^^^^^^^^^^^^^^
  File "C:\Users\User\AppData\Local\Programs\Python\Python312\Lib\site-packages\django\template\base.py", line 1000, in render
    return SafeString("".join([node.render_annotated(context) for node in self]))
                               ^^^^^^^^^^^^^^^^^^^^^^^^^^^^^^
  File "C:\Users\User\AppData\Local\Programs\Python\Python312\Lib\site-packages\django\template\base.py", line 961, in render_annotated
    return self.render(context)
           ^^^^^^^^^^^^^^^^^^^^
  File "C:\Users\User\AppData\Local\Programs\Python\Python312\Lib\site-packages\django\template\defaulttags.py", line 479, in render
    url = reverse(view_name, args=args, kwargs=kwargs, current_app=current_app)
          ^^^^^^^^^^^^^^^^^^^^^^^^^^^^^^^^^^^^^^^^^^^^^^^^^^^^^^^^^^^^^^^^^^^^^
  File "C:\Users\User\AppData\Local\Programs\Python\Python312\Lib\site-packages\django\urls\base.py", line 82, in reverse
    raise NoReverseMatch("%s is not a registered namespace" % key)
django.urls.exceptions.NoReverseMatch: 'docunotification' is not a registered namespace
ERROR 2025-10-08 13:34:29,967 basehttp 12876 26504 "GET /overview/overview HTTP/1.1" 500 158208
INFO 2025-10-08 13:34:39,966 basehttp 12876 26504 "GET /overview/overview HTTP/1.1" 200 63889
INFO 2025-10-08 13:34:40,050 basehttp 12876 26504 "GET /docu-notification/api/notifications/ HTTP/1.1" 200 564
INFO 2025-10-08 13:34:40,081 basehttp 12876 26216 "GET /overview/api/layout/ HTTP/1.1" 200 566
INFO 2025-10-08 13:34:40,142 basehttp 12876 26216 "GET /overview/api/notes/widget-1748043771086-564/ HTTP/1.1" 200 13
INFO 2025-10-08 13:34:40,188 basehttp 12876 16060 "GET /manhours/chart-data/ HTTP/1.1" 200 616
INFO 2025-10-08 13:34:40,212 basehttp 12876 23052 "GET /joborder/chart-data/6month/ HTTP/1.1" 200 231
INFO 2025-10-08 13:34:40,243 basehttp 12876 26216 "POST /overview/api/layout/save/ HTTP/1.1" 200 21
INFO 2025-10-08 13:34:40,290 basehttp 12876 16060 "GET /joborder/chart-data/6month/ HTTP/1.1" 200 231
INFO 2025-10-08 13:34:40,353 basehttp 12876 4132 "GET /dcf/api/requestor-chart-data/6month/ HTTP/1.1" 200 2956
ERROR 2025-10-08 13:34:40,403 log 12876 22100 Internal Server Error: /stock-declaration/api/notifications/
Traceback (most recent call last):
  File "C:\Users\User\AppData\Local\Programs\Python\Python312\Lib\site-packages\django\db\backends\utils.py", line 105, in _execute
    return self.cursor.execute(sql, params)
           ^^^^^^^^^^^^^^^^^^^^^^^^^^^^^^^^
  File "C:\Users\User\AppData\Local\Programs\Python\Python312\Lib\site-packages\django\db\backends\sqlite3\base.py", line 329, in execute
    return super().execute(query, params)
           ^^^^^^^^^^^^^^^^^^^^^^^^^^^^^^
sqlite3.OperationalError: database is locked

The above exception was the direct cause of the following exception:

Traceback (most recent call last):
  File "C:\Users\User\AppData\Local\Programs\Python\Python312\Lib\site-packages\django\core\handlers\exception.py", line 55, in inner
    response = get_response(request)
               ^^^^^^^^^^^^^^^^^^^^^
  File "C:\Users\User\Desktop\RPA\Website\PDN_Portal\pdnportal\chat\middleware.py", line 14, in __call__
    UserOnlineStatus.objects.update_or_create(
  File "C:\Users\User\AppData\Local\Programs\Python\Python312\Lib\site-packages\django\db\models\manager.py", line 87, in manager_method
    return getattr(self.get_queryset(), name)(*args, **kwargs)
           ^^^^^^^^^^^^^^^^^^^^^^^^^^^^^^^^^^^^^^^^^^^^^^^^^^^
  File "C:\Users\User\AppData\Local\Programs\Python\Python312\Lib\site-packages\django\db\models\query.py", line 1009, in update_or_create
    obj.save(using=self.db, update_fields=update_fields)
  File "C:\Users\User\AppData\Local\Programs\Python\Python312\Lib\site-packages\django\db\models\base.py", line 822, in save
    self.save_base(
  File "C:\Users\User\AppData\Local\Programs\Python\Python312\Lib\site-packages\django\db\models\base.py", line 909, in save_base
    updated = self._save_table(
              ^^^^^^^^^^^^^^^^^
  File "C:\Users\User\AppData\Local\Programs\Python\Python312\Lib\site-packages\django\db\models\base.py", line 1036, in _save_table
    updated = self._do_update(
              ^^^^^^^^^^^^^^^^
  File "C:\Users\User\AppData\Local\Programs\Python\Python312\Lib\site-packages\django\db\models\base.py", line 1101, in _do_update
    return filtered._update(values) > 0
           ^^^^^^^^^^^^^^^^^^^^^^^^
  File "C:\Users\User\AppData\Local\Programs\Python\Python312\Lib\site-packages\django\db\models\query.py", line 1278, in _update
    return query.get_compiler(self.db).execute_sql(CURSOR)
           ^^^^^^^^^^^^^^^^^^^^^^^^^^^^^^^^^^^^^^^^^^^^^^^
  File "C:\Users\User\AppData\Local\Programs\Python\Python312\Lib\site-packages\django\db\models\sql\compiler.py", line 1990, in execute_sql
    cursor = super().execute_sql(result_type)
             ^^^^^^^^^^^^^^^^^^^^^^^^^^^^^^^^
  File "C:\Users\User\AppData\Local\Programs\Python\Python312\Lib\site-packages\django\db\models\sql\compiler.py", line 1562, in execute_sql
    cursor.execute(sql, params)
  File "C:\Users\User\AppData\Local\Programs\Python\Python312\Lib\site-packages\django\db\backends\utils.py", line 122, in execute
    return super().execute(sql, params)
           ^^^^^^^^^^^^^^^^^^^^^^^^^^^^
  File "C:\Users\User\AppData\Local\Programs\Python\Python312\Lib\site-packages\django\db\backends\utils.py", line 79, in execute
    return self._execute_with_wrappers(
           ^^^^^^^^^^^^^^^^^^^^^^^^^^^^
  File "C:\Users\User\AppData\Local\Programs\Python\Python312\Lib\site-packages\django\db\backends\utils.py", line 92, in _execute_with_wrappers
    return executor(sql, params, many, context)
           ^^^^^^^^^^^^^^^^^^^^^^^^^^^^^^^^^^^^
  File "C:\Users\User\AppData\Local\Programs\Python\Python312\Lib\site-packages\django\db\backends\utils.py", line 100, in _execute
    with self.db.wrap_database_errors:
  File "C:\Users\User\AppData\Local\Programs\Python\Python312\Lib\site-packages\django\db\utils.py", line 91, in __exit__
    raise dj_exc_value.with_traceback(traceback) from exc_value
  File "C:\Users\User\AppData\Local\Programs\Python\Python312\Lib\site-packages\django\db\backends\utils.py", line 105, in _execute
    return self.cursor.execute(sql, params)
           ^^^^^^^^^^^^^^^^^^^^^^^^^^^^^^^^
  File "C:\Users\User\AppData\Local\Programs\Python\Python312\Lib\site-packages\django\db\backends\sqlite3\base.py", line 329, in execute
    return super().execute(query, params)
           ^^^^^^^^^^^^^^^^^^^^^^^^^^^^^^
django.db.utils.OperationalError: database is locked
ERROR 2025-10-08 13:34:40,429 log 12876 26504 Internal Server Error: /overview/api/calendar/widget-1748043771087-570/
Traceback (most recent call last):
  File "C:\Users\User\AppData\Local\Programs\Python\Python312\Lib\site-packages\django\db\backends\utils.py", line 105, in _execute
    return self.cursor.execute(sql, params)
           ^^^^^^^^^^^^^^^^^^^^^^^^^^^^^^^^
  File "C:\Users\User\AppData\Local\Programs\Python\Python312\Lib\site-packages\django\db\backends\sqlite3\base.py", line 329, in execute
    return super().execute(query, params)
           ^^^^^^^^^^^^^^^^^^^^^^^^^^^^^^
sqlite3.OperationalError: database is locked

The above exception was the direct cause of the following exception:

Traceback (most recent call last):
  File "C:\Users\User\AppData\Local\Programs\Python\Python312\Lib\site-packages\django\core\handlers\exception.py", line 55, in inner
    response = get_response(request)
               ^^^^^^^^^^^^^^^^^^^^^
  File "C:\Users\User\Desktop\RPA\Website\PDN_Portal\pdnportal\chat\middleware.py", line 14, in __call__
    UserOnlineStatus.objects.update_or_create(
  File "C:\Users\User\AppData\Local\Programs\Python\Python312\Lib\site-packages\django\db\models\manager.py", line 87, in manager_method
    return getattr(self.get_queryset(), name)(*args, **kwargs)
           ^^^^^^^^^^^^^^^^^^^^^^^^^^^^^^^^^^^^^^^^^^^^^^^^^^^
  File "C:\Users\User\AppData\Local\Programs\Python\Python312\Lib\site-packages\django\db\models\query.py", line 1009, in update_or_create
    obj.save(using=self.db, update_fields=update_fields)
  File "C:\Users\User\AppData\Local\Programs\Python\Python312\Lib\site-packages\django\db\models\base.py", line 822, in save
    self.save_base(
  File "C:\Users\User\AppData\Local\Programs\Python\Python312\Lib\site-packages\django\db\models\base.py", line 909, in save_base
    updated = self._save_table(
              ^^^^^^^^^^^^^^^^^
  File "C:\Users\User\AppData\Local\Programs\Python\Python312\Lib\site-packages\django\db\models\base.py", line 1036, in _save_table
    updated = self._do_update(
              ^^^^^^^^^^^^^^^^
  File "C:\Users\User\AppData\Local\Programs\Python\Python312\Lib\site-packages\django\db\models\base.py", line 1101, in _do_update
    return filtered._update(values) > 0
           ^^^^^^^^^^^^^^^^^^^^^^^^
  File "C:\Users\User\AppData\Local\Programs\Python\Python312\Lib\site-packages\django\db\models\query.py", line 1278, in _update
    return query.get_compiler(self.db).execute_sql(CURSOR)
           ^^^^^^^^^^^^^^^^^^^^^^^^^^^^^^^^^^^^^^^^^^^^^^^
  File "C:\Users\User\AppData\Local\Programs\Python\Python312\Lib\site-packages\django\db\models\sql\compiler.py", line 1990, in execute_sql
    cursor = super().execute_sql(result_type)
             ^^^^^^^^^^^^^^^^^^^^^^^^^^^^^^^^
  File "C:\Users\User\AppData\Local\Programs\Python\Python312\Lib\site-packages\django\db\models\sql\compiler.py", line 1562, in execute_sql
    cursor.execute(sql, params)
  File "C:\Users\User\AppData\Local\Programs\Python\Python312\Lib\site-packages\django\db\backends\utils.py", line 122, in execute
    return super().execute(sql, params)
           ^^^^^^^^^^^^^^^^^^^^^^^^^^^^
  File "C:\Users\User\AppData\Local\Programs\Python\Python312\Lib\site-packages\django\db\backends\utils.py", line 79, in execute
    return self._execute_with_wrappers(
           ^^^^^^^^^^^^^^^^^^^^^^^^^^^^
  File "C:\Users\User\AppData\Local\Programs\Python\Python312\Lib\site-packages\django\db\backends\utils.py", line 92, in _execute_with_wrappers
    return executor(sql, params, many, context)
           ^^^^^^^^^^^^^^^^^^^^^^^^^^^^^^^^^^^^
  File "C:\Users\User\AppData\Local\Programs\Python\Python312\Lib\site-packages\django\db\backends\utils.py", line 100, in _execute
    with self.db.wrap_database_errors:
  File "C:\Users\User\AppData\Local\Programs\Python\Python312\Lib\site-packages\django\db\utils.py", line 91, in __exit__
    raise dj_exc_value.with_traceback(traceback) from exc_value
  File "C:\Users\User\AppData\Local\Programs\Python\Python312\Lib\site-packages\django\db\backends\utils.py", line 105, in _execute
    return self.cursor.execute(sql, params)
           ^^^^^^^^^^^^^^^^^^^^^^^^^^^^^^^^
  File "C:\Users\User\AppData\Local\Programs\Python\Python312\Lib\site-packages\django\db\backends\sqlite3\base.py", line 329, in execute
    return super().execute(query, params)
           ^^^^^^^^^^^^^^^^^^^^^^^^^^^^^^
django.db.utils.OperationalError: database is locked
ERROR 2025-10-08 13:34:40,442 basehttp 12876 22100 "GET /stock-declaration/api/notifications/ HTTP/1.1" 500 167696
ERROR 2025-10-08 13:34:40,443 basehttp 12876 26504 "GET /overview/api/calendar/widget-1748043771087-570/ HTTP/1.1" 500 167786
INFO 2025-10-08 13:34:49,716 basehttp 12876 26504 "GET /docu-notification/ HTTP/1.1" 200 74057
INFO 2025-10-08 13:34:49,754 basehttp 12876 22100 "GET /static/js/docunotification/docunotification.js HTTP/1.1" 304 0
INFO 2025-10-08 13:34:49,754 basehttp 12876 26504 "GET /static/css/docunotification/docunotification.css HTTP/1.1" 304 0
INFO 2025-10-08 13:34:49,808 basehttp 12876 22100 "GET /docu-notification/api/notifications/ HTTP/1.1" 200 564
ERROR 2025-10-08 13:34:49,871 log 12876 26504 Internal Server Error: /stock-declaration/api/notifications/
Traceback (most recent call last):
  File "C:\Users\User\AppData\Local\Programs\Python\Python312\Lib\site-packages\django\db\backends\utils.py", line 105, in _execute
    return self.cursor.execute(sql, params)
           ^^^^^^^^^^^^^^^^^^^^^^^^^^^^^^^^
  File "C:\Users\User\AppData\Local\Programs\Python\Python312\Lib\site-packages\django\db\backends\sqlite3\base.py", line 329, in execute
    return super().execute(query, params)
           ^^^^^^^^^^^^^^^^^^^^^^^^^^^^^^
sqlite3.OperationalError: database is locked

The above exception was the direct cause of the following exception:

Traceback (most recent call last):
  File "C:\Users\User\AppData\Local\Programs\Python\Python312\Lib\site-packages\django\core\handlers\exception.py", line 55, in inner
    response = get_response(request)
               ^^^^^^^^^^^^^^^^^^^^^
  File "C:\Users\User\Desktop\RPA\Website\PDN_Portal\pdnportal\chat\middleware.py", line 14, in __call__
    UserOnlineStatus.objects.update_or_create(
  File "C:\Users\User\AppData\Local\Programs\Python\Python312\Lib\site-packages\django\db\models\manager.py", line 87, in manager_method
    return getattr(self.get_queryset(), name)(*args, **kwargs)
           ^^^^^^^^^^^^^^^^^^^^^^^^^^^^^^^^^^^^^^^^^^^^^^^^^^^
  File "C:\Users\User\AppData\Local\Programs\Python\Python312\Lib\site-packages\django\db\models\query.py", line 1009, in update_or_create
    obj.save(using=self.db, update_fields=update_fields)
  File "C:\Users\User\AppData\Local\Programs\Python\Python312\Lib\site-packages\django\db\models\base.py", line 822, in save
    self.save_base(
  File "C:\Users\User\AppData\Local\Programs\Python\Python312\Lib\site-packages\django\db\models\base.py", line 909, in save_base
    updated = self._save_table(
              ^^^^^^^^^^^^^^^^^
  File "C:\Users\User\AppData\Local\Programs\Python\Python312\Lib\site-packages\django\db\models\base.py", line 1036, in _save_table
    updated = self._do_update(
              ^^^^^^^^^^^^^^^^
  File "C:\Users\User\AppData\Local\Programs\Python\Python312\Lib\site-packages\django\db\models\base.py", line 1101, in _do_update
    return filtered._update(values) > 0
           ^^^^^^^^^^^^^^^^^^^^^^^^
  File "C:\Users\User\AppData\Local\Programs\Python\Python312\Lib\site-packages\django\db\models\query.py", line 1278, in _update
    return query.get_compiler(self.db).execute_sql(CURSOR)
           ^^^^^^^^^^^^^^^^^^^^^^^^^^^^^^^^^^^^^^^^^^^^^^^
  File "C:\Users\User\AppData\Local\Programs\Python\Python312\Lib\site-packages\django\db\models\sql\compiler.py", line 1990, in execute_sql
    cursor = super().execute_sql(result_type)
             ^^^^^^^^^^^^^^^^^^^^^^^^^^^^^^^^
  File "C:\Users\User\AppData\Local\Programs\Python\Python312\Lib\site-packages\django\db\models\sql\compiler.py", line 1562, in execute_sql
    cursor.execute(sql, params)
  File "C:\Users\User\AppData\Local\Programs\Python\Python312\Lib\site-packages\django\db\backends\utils.py", line 122, in execute
    return super().execute(sql, params)
           ^^^^^^^^^^^^^^^^^^^^^^^^^^^^
  File "C:\Users\User\AppData\Local\Programs\Python\Python312\Lib\site-packages\django\db\backends\utils.py", line 79, in execute
    return self._execute_with_wrappers(
           ^^^^^^^^^^^^^^^^^^^^^^^^^^^^
  File "C:\Users\User\AppData\Local\Programs\Python\Python312\Lib\site-packages\django\db\backends\utils.py", line 92, in _execute_with_wrappers
    return executor(sql, params, many, context)
           ^^^^^^^^^^^^^^^^^^^^^^^^^^^^^^^^^^^^
  File "C:\Users\User\AppData\Local\Programs\Python\Python312\Lib\site-packages\django\db\backends\utils.py", line 100, in _execute
    with self.db.wrap_database_errors:
  File "C:\Users\User\AppData\Local\Programs\Python\Python312\Lib\site-packages\django\db\utils.py", line 91, in __exit__
    raise dj_exc_value.with_traceback(traceback) from exc_value
  File "C:\Users\User\AppData\Local\Programs\Python\Python312\Lib\site-packages\django\db\backends\utils.py", line 105, in _execute
    return self.cursor.execute(sql, params)
           ^^^^^^^^^^^^^^^^^^^^^^^^^^^^^^^^
  File "C:\Users\User\AppData\Local\Programs\Python\Python312\Lib\site-packages\django\db\backends\sqlite3\base.py", line 329, in execute
    return super().execute(query, params)
           ^^^^^^^^^^^^^^^^^^^^^^^^^^^^^^
django.db.utils.OperationalError: database is locked
ERROR 2025-10-08 13:34:49,879 basehttp 12876 26504 "GET /stock-declaration/api/notifications/ HTTP/1.1" 500 167700
INFO 2025-10-08 13:34:57,116 basehttp 12876 26504 "GET /docu-notification/ HTTP/1.1" 200 74057
INFO 2025-10-08 13:34:57,186 basehttp 12876 22100 "GET /docu-notification/api/notifications/ HTTP/1.1" 200 564
INFO 2025-10-08 13:34:57,191 basehttp 12876 26504 "GET /stock-declaration/api/notifications/ HTTP/1.1" 200 272
INFO 2025-10-08 13:34:59,598 basehttp 12876 26504 "GET /docu-notification/ HTTP/1.1" 200 74057
INFO 2025-10-08 13:34:59,671 basehttp 12876 26504 "GET /stock-declaration/api/notifications/ HTTP/1.1" 200 272
INFO 2025-10-08 13:34:59,677 basehttp 12876 22100 "GET /docu-notification/api/notifications/ HTTP/1.1" 200 564
INFO 2025-10-08 13:35:01,455 basehttp 12876 22100 "GET /docu-notification/ HTTP/1.1" 200 74057
INFO 2025-10-08 13:35:01,536 basehttp 12876 26504 "GET /docu-notification/api/notifications/ HTTP/1.1" 200 564
INFO 2025-10-08 13:35:01,557 basehttp 12876 22100 "GET /stock-declaration/api/notifications/ HTTP/1.1" 200 272
INFO 2025-10-08 13:35:02,949 basehttp 12876 22100 "GET /docu-notification/ HTTP/1.1" 200 74057
INFO 2025-10-08 13:35:03,022 basehttp 12876 22100 "GET /stock-declaration/api/notifications/ HTTP/1.1" 200 272
INFO 2025-10-08 13:35:03,043 basehttp 12876 26504 "GET /docu-notification/api/notifications/ HTTP/1.1" 200 564
INFO 2025-10-08 13:35:04,299 basehttp 12876 26504 "GET /docu-notification/ HTTP/1.1" 200 74057
INFO 2025-10-08 13:35:04,366 basehttp 12876 22100 "GET /docu-notification/api/notifications/ HTTP/1.1" 200 564
ERROR 2025-10-08 13:35:04,418 log 12876 26504 Internal Server Error: /stock-declaration/api/notifications/
Traceback (most recent call last):
  File "C:\Users\User\AppData\Local\Programs\Python\Python312\Lib\site-packages\django\db\backends\utils.py", line 105, in _execute
    return self.cursor.execute(sql, params)
           ^^^^^^^^^^^^^^^^^^^^^^^^^^^^^^^^
  File "C:\Users\User\AppData\Local\Programs\Python\Python312\Lib\site-packages\django\db\backends\sqlite3\base.py", line 329, in execute
    return super().execute(query, params)
           ^^^^^^^^^^^^^^^^^^^^^^^^^^^^^^
sqlite3.OperationalError: database is locked

The above exception was the direct cause of the following exception:

Traceback (most recent call last):
  File "C:\Users\User\AppData\Local\Programs\Python\Python312\Lib\site-packages\django\core\handlers\exception.py", line 55, in inner
    response = get_response(request)
               ^^^^^^^^^^^^^^^^^^^^^
  File "C:\Users\User\Desktop\RPA\Website\PDN_Portal\pdnportal\chat\middleware.py", line 14, in __call__
    UserOnlineStatus.objects.update_or_create(
  File "C:\Users\User\AppData\Local\Programs\Python\Python312\Lib\site-packages\django\db\models\manager.py", line 87, in manager_method
    return getattr(self.get_queryset(), name)(*args, **kwargs)
           ^^^^^^^^^^^^^^^^^^^^^^^^^^^^^^^^^^^^^^^^^^^^^^^^^^^
  File "C:\Users\User\AppData\Local\Programs\Python\Python312\Lib\site-packages\django\db\models\query.py", line 1009, in update_or_create
    obj.save(using=self.db, update_fields=update_fields)
  File "C:\Users\User\AppData\Local\Programs\Python\Python312\Lib\site-packages\django\db\models\base.py", line 822, in save
    self.save_base(
  File "C:\Users\User\AppData\Local\Programs\Python\Python312\Lib\site-packages\django\db\models\base.py", line 909, in save_base
    updated = self._save_table(
              ^^^^^^^^^^^^^^^^^
  File "C:\Users\User\AppData\Local\Programs\Python\Python312\Lib\site-packages\django\db\models\base.py", line 1036, in _save_table
    updated = self._do_update(
              ^^^^^^^^^^^^^^^^
  File "C:\Users\User\AppData\Local\Programs\Python\Python312\Lib\site-packages\django\db\models\base.py", line 1101, in _do_update
    return filtered._update(values) > 0
           ^^^^^^^^^^^^^^^^^^^^^^^^
  File "C:\Users\User\AppData\Local\Programs\Python\Python312\Lib\site-packages\django\db\models\query.py", line 1278, in _update
    return query.get_compiler(self.db).execute_sql(CURSOR)
           ^^^^^^^^^^^^^^^^^^^^^^^^^^^^^^^^^^^^^^^^^^^^^^^
  File "C:\Users\User\AppData\Local\Programs\Python\Python312\Lib\site-packages\django\db\models\sql\compiler.py", line 1990, in execute_sql
    cursor = super().execute_sql(result_type)
             ^^^^^^^^^^^^^^^^^^^^^^^^^^^^^^^^
  File "C:\Users\User\AppData\Local\Programs\Python\Python312\Lib\site-packages\django\db\models\sql\compiler.py", line 1562, in execute_sql
    cursor.execute(sql, params)
  File "C:\Users\User\AppData\Local\Programs\Python\Python312\Lib\site-packages\django\db\backends\utils.py", line 122, in execute
    return super().execute(sql, params)
           ^^^^^^^^^^^^^^^^^^^^^^^^^^^^
  File "C:\Users\User\AppData\Local\Programs\Python\Python312\Lib\site-packages\django\db\backends\utils.py", line 79, in execute
    return self._execute_with_wrappers(
           ^^^^^^^^^^^^^^^^^^^^^^^^^^^^
  File "C:\Users\User\AppData\Local\Programs\Python\Python312\Lib\site-packages\django\db\backends\utils.py", line 92, in _execute_with_wrappers
    return executor(sql, params, many, context)
           ^^^^^^^^^^^^^^^^^^^^^^^^^^^^^^^^^^^^
  File "C:\Users\User\AppData\Local\Programs\Python\Python312\Lib\site-packages\django\db\backends\utils.py", line 100, in _execute
    with self.db.wrap_database_errors:
  File "C:\Users\User\AppData\Local\Programs\Python\Python312\Lib\site-packages\django\db\utils.py", line 91, in __exit__
    raise dj_exc_value.with_traceback(traceback) from exc_value
  File "C:\Users\User\AppData\Local\Programs\Python\Python312\Lib\site-packages\django\db\backends\utils.py", line 105, in _execute
    return self.cursor.execute(sql, params)
           ^^^^^^^^^^^^^^^^^^^^^^^^^^^^^^^^
  File "C:\Users\User\AppData\Local\Programs\Python\Python312\Lib\site-packages\django\db\backends\sqlite3\base.py", line 329, in execute
    return super().execute(query, params)
           ^^^^^^^^^^^^^^^^^^^^^^^^^^^^^^
django.db.utils.OperationalError: database is locked
ERROR 2025-10-08 13:35:04,433 basehttp 12876 26504 "GET /stock-declaration/api/notifications/ HTTP/1.1" 500 167697
INFO 2025-10-08 13:35:06,020 basehttp 12876 26504 "GET /docu-notification/ HTTP/1.1" 200 74057
INFO 2025-10-08 13:35:06,081 basehttp 12876 26504 "GET /stock-declaration/api/notifications/ HTTP/1.1" 200 272
INFO 2025-10-08 13:35:06,086 basehttp 12876 22100 "GET /docu-notification/api/notifications/ HTTP/1.1" 200 564
INFO 2025-10-08 13:35:07,264 basehttp 12876 22100 "GET /docu-notification/ HTTP/1.1" 200 74057
INFO 2025-10-08 13:35:07,330 basehttp 12876 22100 "GET /stock-declaration/api/notifications/ HTTP/1.1" 200 272
INFO 2025-10-08 13:35:07,348 basehttp 12876 26504 "GET /docu-notification/api/notifications/ HTTP/1.1" 200 564
INFO 2025-10-08 13:35:08,760 basehttp 12876 26504 "GET /docu-notification/ HTTP/1.1" 200 74057
INFO 2025-10-08 13:35:08,812 basehttp 12876 26504 "GET /stock-declaration/api/notifications/ HTTP/1.1" 200 272
INFO 2025-10-08 13:35:08,832 basehttp 12876 22100 "GET /docu-notification/api/notifications/ HTTP/1.1" 200 564
INFO 2025-10-08 13:35:10,040 basehttp 12876 22100 "GET /docu-notification/ HTTP/1.1" 200 74057
INFO 2025-10-08 13:35:10,110 basehttp 12876 26504 "GET /docu-notification/api/notifications/ HTTP/1.1" 200 564
INFO 2025-10-08 13:35:10,118 basehttp 12876 22100 "GET /stock-declaration/api/notifications/ HTTP/1.1" 200 272
INFO 2025-10-08 13:35:11,344 basehttp 12876 22100 "GET /docu-notification/ HTTP/1.1" 200 74057
INFO 2025-10-08 13:35:11,409 basehttp 12876 22100 "GET /stock-declaration/api/notifications/ HTTP/1.1" 200 272
INFO 2025-10-08 13:35:11,433 basehttp 12876 26504 "GET /docu-notification/api/notifications/ HTTP/1.1" 200 564
INFO 2025-10-08 13:35:12,592 basehttp 12876 26504 "GET /docu-notification/ HTTP/1.1" 200 74057
INFO 2025-10-08 13:35:12,661 basehttp 12876 22100 "GET /docu-notification/api/notifications/ HTTP/1.1" 200 564
INFO 2025-10-08 13:35:12,688 basehttp 12876 26504 "GET /stock-declaration/api/notifications/ HTTP/1.1" 200 272
INFO 2025-10-08 13:35:13,736 basehttp 12876 26504 "GET /docu-notification/ HTTP/1.1" 200 74057
INFO 2025-10-08 13:35:13,808 basehttp 12876 22100 "GET /docu-notification/api/notifications/ HTTP/1.1" 200 564
INFO 2025-10-08 13:35:13,815 basehttp 12876 26504 "GET /stock-declaration/api/notifications/ HTTP/1.1" 200 272
INFO 2025-10-08 13:35:15,190 basehttp 12876 26504 "GET /docu-notification/ HTTP/1.1" 200 74057
INFO 2025-10-08 13:35:15,280 basehttp 12876 22100 "GET /docu-notification/api/notifications/ HTTP/1.1" 200 564
ERROR 2025-10-08 13:35:15,360 log 12876 26504 Internal Server Error: /stock-declaration/api/notifications/
Traceback (most recent call last):
  File "C:\Users\User\AppData\Local\Programs\Python\Python312\Lib\site-packages\django\db\backends\utils.py", line 105, in _execute
    return self.cursor.execute(sql, params)
           ^^^^^^^^^^^^^^^^^^^^^^^^^^^^^^^^
  File "C:\Users\User\AppData\Local\Programs\Python\Python312\Lib\site-packages\django\db\backends\sqlite3\base.py", line 329, in execute
    return super().execute(query, params)
           ^^^^^^^^^^^^^^^^^^^^^^^^^^^^^^
sqlite3.OperationalError: database is locked

The above exception was the direct cause of the following exception:

Traceback (most recent call last):
  File "C:\Users\User\AppData\Local\Programs\Python\Python312\Lib\site-packages\django\core\handlers\exception.py", line 55, in inner
    response = get_response(request)
               ^^^^^^^^^^^^^^^^^^^^^
  File "C:\Users\User\Desktop\RPA\Website\PDN_Portal\pdnportal\chat\middleware.py", line 14, in __call__
    UserOnlineStatus.objects.update_or_create(
  File "C:\Users\User\AppData\Local\Programs\Python\Python312\Lib\site-packages\django\db\models\manager.py", line 87, in manager_method
    return getattr(self.get_queryset(), name)(*args, **kwargs)
           ^^^^^^^^^^^^^^^^^^^^^^^^^^^^^^^^^^^^^^^^^^^^^^^^^^^
  File "C:\Users\User\AppData\Local\Programs\Python\Python312\Lib\site-packages\django\db\models\query.py", line 1009, in update_or_create
    obj.save(using=self.db, update_fields=update_fields)
  File "C:\Users\User\AppData\Local\Programs\Python\Python312\Lib\site-packages\django\db\models\base.py", line 822, in save
    self.save_base(
  File "C:\Users\User\AppData\Local\Programs\Python\Python312\Lib\site-packages\django\db\models\base.py", line 909, in save_base
    updated = self._save_table(
              ^^^^^^^^^^^^^^^^^
  File "C:\Users\User\AppData\Local\Programs\Python\Python312\Lib\site-packages\django\db\models\base.py", line 1036, in _save_table
    updated = self._do_update(
              ^^^^^^^^^^^^^^^^
  File "C:\Users\User\AppData\Local\Programs\Python\Python312\Lib\site-packages\django\db\models\base.py", line 1101, in _do_update
    return filtered._update(values) > 0
           ^^^^^^^^^^^^^^^^^^^^^^^^
  File "C:\Users\User\AppData\Local\Programs\Python\Python312\Lib\site-packages\django\db\models\query.py", line 1278, in _update
    return query.get_compiler(self.db).execute_sql(CURSOR)
           ^^^^^^^^^^^^^^^^^^^^^^^^^^^^^^^^^^^^^^^^^^^^^^^
  File "C:\Users\User\AppData\Local\Programs\Python\Python312\Lib\site-packages\django\db\models\sql\compiler.py", line 1990, in execute_sql
    cursor = super().execute_sql(result_type)
             ^^^^^^^^^^^^^^^^^^^^^^^^^^^^^^^^
  File "C:\Users\User\AppData\Local\Programs\Python\Python312\Lib\site-packages\django\db\models\sql\compiler.py", line 1562, in execute_sql
    cursor.execute(sql, params)
  File "C:\Users\User\AppData\Local\Programs\Python\Python312\Lib\site-packages\django\db\backends\utils.py", line 122, in execute
    return super().execute(sql, params)
           ^^^^^^^^^^^^^^^^^^^^^^^^^^^^
  File "C:\Users\User\AppData\Local\Programs\Python\Python312\Lib\site-packages\django\db\backends\utils.py", line 79, in execute
    return self._execute_with_wrappers(
           ^^^^^^^^^^^^^^^^^^^^^^^^^^^^
  File "C:\Users\User\AppData\Local\Programs\Python\Python312\Lib\site-packages\django\db\backends\utils.py", line 92, in _execute_with_wrappers
    return executor(sql, params, many, context)
           ^^^^^^^^^^^^^^^^^^^^^^^^^^^^^^^^^^^^
  File "C:\Users\User\AppData\Local\Programs\Python\Python312\Lib\site-packages\django\db\backends\utils.py", line 100, in _execute
    with self.db.wrap_database_errors:
  File "C:\Users\User\AppData\Local\Programs\Python\Python312\Lib\site-packages\django\db\utils.py", line 91, in __exit__
    raise dj_exc_value.with_traceback(traceback) from exc_value
  File "C:\Users\User\AppData\Local\Programs\Python\Python312\Lib\site-packages\django\db\backends\utils.py", line 105, in _execute
    return self.cursor.execute(sql, params)
           ^^^^^^^^^^^^^^^^^^^^^^^^^^^^^^^^
  File "C:\Users\User\AppData\Local\Programs\Python\Python312\Lib\site-packages\django\db\backends\sqlite3\base.py", line 329, in execute
    return super().execute(query, params)
           ^^^^^^^^^^^^^^^^^^^^^^^^^^^^^^
django.db.utils.OperationalError: database is locked
ERROR 2025-10-08 13:35:15,371 basehttp 12876 26504 "GET /stock-declaration/api/notifications/ HTTP/1.1" 500 167700
INFO 2025-10-08 13:35:22,317 basehttp 12876 26504 "GET /docu-notification/ HTTP/1.1" 200 74057
INFO 2025-10-08 13:35:22,401 basehttp 12876 22100 "GET /docu-notification/api/notifications/ HTTP/1.1" 200 564
ERROR 2025-10-08 13:35:22,467 log 12876 26504 Internal Server Error: /stock-declaration/api/notifications/
Traceback (most recent call last):
  File "C:\Users\User\AppData\Local\Programs\Python\Python312\Lib\site-packages\django\db\backends\utils.py", line 105, in _execute
    return self.cursor.execute(sql, params)
           ^^^^^^^^^^^^^^^^^^^^^^^^^^^^^^^^
  File "C:\Users\User\AppData\Local\Programs\Python\Python312\Lib\site-packages\django\db\backends\sqlite3\base.py", line 329, in execute
    return super().execute(query, params)
           ^^^^^^^^^^^^^^^^^^^^^^^^^^^^^^
sqlite3.OperationalError: database is locked

The above exception was the direct cause of the following exception:

Traceback (most recent call last):
  File "C:\Users\User\AppData\Local\Programs\Python\Python312\Lib\site-packages\django\core\handlers\exception.py", line 55, in inner
    response = get_response(request)
               ^^^^^^^^^^^^^^^^^^^^^
  File "C:\Users\User\Desktop\RPA\Website\PDN_Portal\pdnportal\chat\middleware.py", line 14, in __call__
    UserOnlineStatus.objects.update_or_create(
  File "C:\Users\User\AppData\Local\Programs\Python\Python312\Lib\site-packages\django\db\models\manager.py", line 87, in manager_method
    return getattr(self.get_queryset(), name)(*args, **kwargs)
           ^^^^^^^^^^^^^^^^^^^^^^^^^^^^^^^^^^^^^^^^^^^^^^^^^^^
  File "C:\Users\User\AppData\Local\Programs\Python\Python312\Lib\site-packages\django\db\models\query.py", line 1009, in update_or_create
    obj.save(using=self.db, update_fields=update_fields)
  File "C:\Users\User\AppData\Local\Programs\Python\Python312\Lib\site-packages\django\db\models\base.py", line 822, in save
    self.save_base(
  File "C:\Users\User\AppData\Local\Programs\Python\Python312\Lib\site-packages\django\db\models\base.py", line 909, in save_base
    updated = self._save_table(
              ^^^^^^^^^^^^^^^^^
  File "C:\Users\User\AppData\Local\Programs\Python\Python312\Lib\site-packages\django\db\models\base.py", line 1036, in _save_table
    updated = self._do_update(
              ^^^^^^^^^^^^^^^^
  File "C:\Users\User\AppData\Local\Programs\Python\Python312\Lib\site-packages\django\db\models\base.py", line 1101, in _do_update
    return filtered._update(values) > 0
           ^^^^^^^^^^^^^^^^^^^^^^^^
  File "C:\Users\User\AppData\Local\Programs\Python\Python312\Lib\site-packages\django\db\models\query.py", line 1278, in _update
    return query.get_compiler(self.db).execute_sql(CURSOR)
           ^^^^^^^^^^^^^^^^^^^^^^^^^^^^^^^^^^^^^^^^^^^^^^^
  File "C:\Users\User\AppData\Local\Programs\Python\Python312\Lib\site-packages\django\db\models\sql\compiler.py", line 1990, in execute_sql
    cursor = super().execute_sql(result_type)
             ^^^^^^^^^^^^^^^^^^^^^^^^^^^^^^^^
  File "C:\Users\User\AppData\Local\Programs\Python\Python312\Lib\site-packages\django\db\models\sql\compiler.py", line 1562, in execute_sql
    cursor.execute(sql, params)
  File "C:\Users\User\AppData\Local\Programs\Python\Python312\Lib\site-packages\django\db\backends\utils.py", line 122, in execute
    return super().execute(sql, params)
           ^^^^^^^^^^^^^^^^^^^^^^^^^^^^
  File "C:\Users\User\AppData\Local\Programs\Python\Python312\Lib\site-packages\django\db\backends\utils.py", line 79, in execute
    return self._execute_with_wrappers(
           ^^^^^^^^^^^^^^^^^^^^^^^^^^^^
  File "C:\Users\User\AppData\Local\Programs\Python\Python312\Lib\site-packages\django\db\backends\utils.py", line 92, in _execute_with_wrappers
    return executor(sql, params, many, context)
           ^^^^^^^^^^^^^^^^^^^^^^^^^^^^^^^^^^^^
  File "C:\Users\User\AppData\Local\Programs\Python\Python312\Lib\site-packages\django\db\backends\utils.py", line 100, in _execute
    with self.db.wrap_database_errors:
  File "C:\Users\User\AppData\Local\Programs\Python\Python312\Lib\site-packages\django\db\utils.py", line 91, in __exit__
    raise dj_exc_value.with_traceback(traceback) from exc_value
  File "C:\Users\User\AppData\Local\Programs\Python\Python312\Lib\site-packages\django\db\backends\utils.py", line 105, in _execute
    return self.cursor.execute(sql, params)
           ^^^^^^^^^^^^^^^^^^^^^^^^^^^^^^^^
  File "C:\Users\User\AppData\Local\Programs\Python\Python312\Lib\site-packages\django\db\backends\sqlite3\base.py", line 329, in execute
    return super().execute(query, params)
           ^^^^^^^^^^^^^^^^^^^^^^^^^^^^^^
django.db.utils.OperationalError: database is locked
ERROR 2025-10-08 13:35:22,483 basehttp 12876 26504 "GET /stock-declaration/api/notifications/ HTTP/1.1" 500 167700
INFO 2025-10-08 13:36:19,303 basehttp 12876 26504 "GET /docu-notification/ HTTP/1.1" 200 74057
INFO 2025-10-08 13:36:19,398 basehttp 12876 22100 "GET /docu-notification/api/notifications/ HTTP/1.1" 200 564
ERROR 2025-10-08 13:36:19,471 log 12876 26504 Internal Server Error: /stock-declaration/api/notifications/
Traceback (most recent call last):
  File "C:\Users\User\AppData\Local\Programs\Python\Python312\Lib\site-packages\django\db\backends\utils.py", line 105, in _execute
    return self.cursor.execute(sql, params)
           ^^^^^^^^^^^^^^^^^^^^^^^^^^^^^^^^
  File "C:\Users\User\AppData\Local\Programs\Python\Python312\Lib\site-packages\django\db\backends\sqlite3\base.py", line 329, in execute
    return super().execute(query, params)
           ^^^^^^^^^^^^^^^^^^^^^^^^^^^^^^
sqlite3.OperationalError: database is locked

The above exception was the direct cause of the following exception:

Traceback (most recent call last):
  File "C:\Users\User\AppData\Local\Programs\Python\Python312\Lib\site-packages\django\core\handlers\exception.py", line 55, in inner
    response = get_response(request)
               ^^^^^^^^^^^^^^^^^^^^^
  File "C:\Users\User\Desktop\RPA\Website\PDN_Portal\pdnportal\chat\middleware.py", line 14, in __call__
    UserOnlineStatus.objects.update_or_create(
  File "C:\Users\User\AppData\Local\Programs\Python\Python312\Lib\site-packages\django\db\models\manager.py", line 87, in manager_method
    return getattr(self.get_queryset(), name)(*args, **kwargs)
           ^^^^^^^^^^^^^^^^^^^^^^^^^^^^^^^^^^^^^^^^^^^^^^^^^^^
  File "C:\Users\User\AppData\Local\Programs\Python\Python312\Lib\site-packages\django\db\models\query.py", line 1009, in update_or_create
    obj.save(using=self.db, update_fields=update_fields)
  File "C:\Users\User\AppData\Local\Programs\Python\Python312\Lib\site-packages\django\db\models\base.py", line 822, in save
    self.save_base(
  File "C:\Users\User\AppData\Local\Programs\Python\Python312\Lib\site-packages\django\db\models\base.py", line 909, in save_base
    updated = self._save_table(
              ^^^^^^^^^^^^^^^^^
  File "C:\Users\User\AppData\Local\Programs\Python\Python312\Lib\site-packages\django\db\models\base.py", line 1036, in _save_table
    updated = self._do_update(
              ^^^^^^^^^^^^^^^^
  File "C:\Users\User\AppData\Local\Programs\Python\Python312\Lib\site-packages\django\db\models\base.py", line 1101, in _do_update
    return filtered._update(values) > 0
           ^^^^^^^^^^^^^^^^^^^^^^^^
  File "C:\Users\User\AppData\Local\Programs\Python\Python312\Lib\site-packages\django\db\models\query.py", line 1278, in _update
    return query.get_compiler(self.db).execute_sql(CURSOR)
           ^^^^^^^^^^^^^^^^^^^^^^^^^^^^^^^^^^^^^^^^^^^^^^^
  File "C:\Users\User\AppData\Local\Programs\Python\Python312\Lib\site-packages\django\db\models\sql\compiler.py", line 1990, in execute_sql
    cursor = super().execute_sql(result_type)
             ^^^^^^^^^^^^^^^^^^^^^^^^^^^^^^^^
  File "C:\Users\User\AppData\Local\Programs\Python\Python312\Lib\site-packages\django\db\models\sql\compiler.py", line 1562, in execute_sql
    cursor.execute(sql, params)
  File "C:\Users\User\AppData\Local\Programs\Python\Python312\Lib\site-packages\django\db\backends\utils.py", line 122, in execute
    return super().execute(sql, params)
           ^^^^^^^^^^^^^^^^^^^^^^^^^^^^
  File "C:\Users\User\AppData\Local\Programs\Python\Python312\Lib\site-packages\django\db\backends\utils.py", line 79, in execute
    return self._execute_with_wrappers(
           ^^^^^^^^^^^^^^^^^^^^^^^^^^^^
  File "C:\Users\User\AppData\Local\Programs\Python\Python312\Lib\site-packages\django\db\backends\utils.py", line 92, in _execute_with_wrappers
    return executor(sql, params, many, context)
           ^^^^^^^^^^^^^^^^^^^^^^^^^^^^^^^^^^^^
  File "C:\Users\User\AppData\Local\Programs\Python\Python312\Lib\site-packages\django\db\backends\utils.py", line 100, in _execute
    with self.db.wrap_database_errors:
  File "C:\Users\User\AppData\Local\Programs\Python\Python312\Lib\site-packages\django\db\utils.py", line 91, in __exit__
    raise dj_exc_value.with_traceback(traceback) from exc_value
  File "C:\Users\User\AppData\Local\Programs\Python\Python312\Lib\site-packages\django\db\backends\utils.py", line 105, in _execute
    return self.cursor.execute(sql, params)
           ^^^^^^^^^^^^^^^^^^^^^^^^^^^^^^^^
  File "C:\Users\User\AppData\Local\Programs\Python\Python312\Lib\site-packages\django\db\backends\sqlite3\base.py", line 329, in execute
    return super().execute(query, params)
           ^^^^^^^^^^^^^^^^^^^^^^^^^^^^^^
django.db.utils.OperationalError: database is locked
ERROR 2025-10-08 13:36:19,479 basehttp 12876 26504 "GET /stock-declaration/api/notifications/ HTTP/1.1" 500 167700
INFO 2025-10-08 13:36:30,093 basehttp 12876 26504 "GET /docu-notification/ HTTP/1.1" 200 74057
INFO 2025-10-08 13:36:30,174 basehttp 12876 22100 "GET /docu-notification/api/notifications/ HTTP/1.1" 200 564
ERROR 2025-10-08 13:36:30,242 log 12876 26504 Internal Server Error: /stock-declaration/api/notifications/
Traceback (most recent call last):
  File "C:\Users\User\AppData\Local\Programs\Python\Python312\Lib\site-packages\django\db\backends\utils.py", line 105, in _execute
    return self.cursor.execute(sql, params)
           ^^^^^^^^^^^^^^^^^^^^^^^^^^^^^^^^
  File "C:\Users\User\AppData\Local\Programs\Python\Python312\Lib\site-packages\django\db\backends\sqlite3\base.py", line 329, in execute
    return super().execute(query, params)
           ^^^^^^^^^^^^^^^^^^^^^^^^^^^^^^
sqlite3.OperationalError: database is locked

The above exception was the direct cause of the following exception:

Traceback (most recent call last):
  File "C:\Users\User\AppData\Local\Programs\Python\Python312\Lib\site-packages\django\core\handlers\exception.py", line 55, in inner
    response = get_response(request)
               ^^^^^^^^^^^^^^^^^^^^^
  File "C:\Users\User\Desktop\RPA\Website\PDN_Portal\pdnportal\chat\middleware.py", line 14, in __call__
    UserOnlineStatus.objects.update_or_create(
  File "C:\Users\User\AppData\Local\Programs\Python\Python312\Lib\site-packages\django\db\models\manager.py", line 87, in manager_method
    return getattr(self.get_queryset(), name)(*args, **kwargs)
           ^^^^^^^^^^^^^^^^^^^^^^^^^^^^^^^^^^^^^^^^^^^^^^^^^^^
  File "C:\Users\User\AppData\Local\Programs\Python\Python312\Lib\site-packages\django\db\models\query.py", line 1009, in update_or_create
    obj.save(using=self.db, update_fields=update_fields)
  File "C:\Users\User\AppData\Local\Programs\Python\Python312\Lib\site-packages\django\db\models\base.py", line 822, in save
    self.save_base(
  File "C:\Users\User\AppData\Local\Programs\Python\Python312\Lib\site-packages\django\db\models\base.py", line 909, in save_base
    updated = self._save_table(
              ^^^^^^^^^^^^^^^^^
  File "C:\Users\User\AppData\Local\Programs\Python\Python312\Lib\site-packages\django\db\models\base.py", line 1036, in _save_table
    updated = self._do_update(
              ^^^^^^^^^^^^^^^^
  File "C:\Users\User\AppData\Local\Programs\Python\Python312\Lib\site-packages\django\db\models\base.py", line 1101, in _do_update
    return filtered._update(values) > 0
           ^^^^^^^^^^^^^^^^^^^^^^^^
  File "C:\Users\User\AppData\Local\Programs\Python\Python312\Lib\site-packages\django\db\models\query.py", line 1278, in _update
    return query.get_compiler(self.db).execute_sql(CURSOR)
           ^^^^^^^^^^^^^^^^^^^^^^^^^^^^^^^^^^^^^^^^^^^^^^^
  File "C:\Users\User\AppData\Local\Programs\Python\Python312\Lib\site-packages\django\db\models\sql\compiler.py", line 1990, in execute_sql
    cursor = super().execute_sql(result_type)
             ^^^^^^^^^^^^^^^^^^^^^^^^^^^^^^^^
  File "C:\Users\User\AppData\Local\Programs\Python\Python312\Lib\site-packages\django\db\models\sql\compiler.py", line 1562, in execute_sql
    cursor.execute(sql, params)
  File "C:\Users\User\AppData\Local\Programs\Python\Python312\Lib\site-packages\django\db\backends\utils.py", line 122, in execute
    return super().execute(sql, params)
           ^^^^^^^^^^^^^^^^^^^^^^^^^^^^
  File "C:\Users\User\AppData\Local\Programs\Python\Python312\Lib\site-packages\django\db\backends\utils.py", line 79, in execute
    return self._execute_with_wrappers(
           ^^^^^^^^^^^^^^^^^^^^^^^^^^^^
  File "C:\Users\User\AppData\Local\Programs\Python\Python312\Lib\site-packages\django\db\backends\utils.py", line 92, in _execute_with_wrappers
    return executor(sql, params, many, context)
           ^^^^^^^^^^^^^^^^^^^^^^^^^^^^^^^^^^^^
  File "C:\Users\User\AppData\Local\Programs\Python\Python312\Lib\site-packages\django\db\backends\utils.py", line 100, in _execute
    with self.db.wrap_database_errors:
  File "C:\Users\User\AppData\Local\Programs\Python\Python312\Lib\site-packages\django\db\utils.py", line 91, in __exit__
    raise dj_exc_value.with_traceback(traceback) from exc_value
  File "C:\Users\User\AppData\Local\Programs\Python\Python312\Lib\site-packages\django\db\backends\utils.py", line 105, in _execute
    return self.cursor.execute(sql, params)
           ^^^^^^^^^^^^^^^^^^^^^^^^^^^^^^^^
  File "C:\Users\User\AppData\Local\Programs\Python\Python312\Lib\site-packages\django\db\backends\sqlite3\base.py", line 329, in execute
    return super().execute(query, params)
           ^^^^^^^^^^^^^^^^^^^^^^^^^^^^^^
django.db.utils.OperationalError: database is locked
ERROR 2025-10-08 13:36:30,257 basehttp 12876 26504 "GET /stock-declaration/api/notifications/ HTTP/1.1" 500 167700
INFO 2025-10-08 13:37:29,130 basehttp 12876 26504 "GET /docu-notification/ HTTP/1.1" 200 74057
INFO 2025-10-08 13:37:29,178 basehttp 12876 26504 "GET /static/css/style-ver2.css HTTP/1.1" 200 12438
INFO 2025-10-08 13:37:29,188 basehttp 12876 4132 "GET /static/css/stockdeclaration/stockdeclaration.css HTTP/1.1" 200 3684
INFO 2025-10-08 13:37:29,189 basehttp 12876 22100 "GET /static/css/job-order.css HTTP/1.1" 200 39525
INFO 2025-10-08 13:37:29,191 basehttp 12876 16060 "GET /static/css/qualitycontrol/qualitycontrol.css HTTP/1.1" 200 9691
INFO 2025-10-08 13:37:29,194 basehttp 12876 23052 "GET /static/css/docunotification/docunotification.css HTTP/1.1" 200 8546
INFO 2025-10-08 13:37:29,203 basehttp 12876 22100 "GET /static/images/icons/amd%20(1).svg HTTP/1.1" 200 230
INFO 2025-10-08 13:37:29,203 basehttp 12876 26216 "GET /static/css/overview/overview.css HTTP/1.1" 200 33881
INFO 2025-10-08 13:37:29,224 basehttp 12876 26504 "GET /media/profile/avatar8.png HTTP/1.1" 200 32718
INFO 2025-10-08 13:37:29,306 basehttp 12876 26504 "GET /static/js/script2.js HTTP/1.1" 200 10849
INFO 2025-10-08 13:37:29,307 basehttp 12876 26216 "GET /static/js/docunotification/docunotification.js HTTP/1.1" 200 27343
INFO 2025-10-08 13:37:29,726 basehttp 12876 26504 "GET /docu-notification/api/notifications/ HTTP/1.1" 200 564
ERROR 2025-10-08 13:37:29,847 log 12876 26216 Internal Server Error: /stock-declaration/api/notifications/
Traceback (most recent call last):
  File "C:\Users\User\AppData\Local\Programs\Python\Python312\Lib\site-packages\django\db\backends\utils.py", line 105, in _execute
    return self.cursor.execute(sql, params)
           ^^^^^^^^^^^^^^^^^^^^^^^^^^^^^^^^
  File "C:\Users\User\AppData\Local\Programs\Python\Python312\Lib\site-packages\django\db\backends\sqlite3\base.py", line 329, in execute
    return super().execute(query, params)
           ^^^^^^^^^^^^^^^^^^^^^^^^^^^^^^
sqlite3.OperationalError: database is locked

The above exception was the direct cause of the following exception:

Traceback (most recent call last):
  File "C:\Users\User\AppData\Local\Programs\Python\Python312\Lib\site-packages\django\core\handlers\exception.py", line 55, in inner
    response = get_response(request)
               ^^^^^^^^^^^^^^^^^^^^^
  File "C:\Users\User\Desktop\RPA\Website\PDN_Portal\pdnportal\chat\middleware.py", line 14, in __call__
    UserOnlineStatus.objects.update_or_create(
  File "C:\Users\User\AppData\Local\Programs\Python\Python312\Lib\site-packages\django\db\models\manager.py", line 87, in manager_method
    return getattr(self.get_queryset(), name)(*args, **kwargs)
           ^^^^^^^^^^^^^^^^^^^^^^^^^^^^^^^^^^^^^^^^^^^^^^^^^^^
  File "C:\Users\User\AppData\Local\Programs\Python\Python312\Lib\site-packages\django\db\models\query.py", line 1009, in update_or_create
    obj.save(using=self.db, update_fields=update_fields)
  File "C:\Users\User\AppData\Local\Programs\Python\Python312\Lib\site-packages\django\db\models\base.py", line 822, in save
    self.save_base(
  File "C:\Users\User\AppData\Local\Programs\Python\Python312\Lib\site-packages\django\db\models\base.py", line 909, in save_base
    updated = self._save_table(
              ^^^^^^^^^^^^^^^^^
  File "C:\Users\User\AppData\Local\Programs\Python\Python312\Lib\site-packages\django\db\models\base.py", line 1036, in _save_table
    updated = self._do_update(
              ^^^^^^^^^^^^^^^^
  File "C:\Users\User\AppData\Local\Programs\Python\Python312\Lib\site-packages\django\db\models\base.py", line 1101, in _do_update
    return filtered._update(values) > 0
           ^^^^^^^^^^^^^^^^^^^^^^^^
  File "C:\Users\User\AppData\Local\Programs\Python\Python312\Lib\site-packages\django\db\models\query.py", line 1278, in _update
    return query.get_compiler(self.db).execute_sql(CURSOR)
           ^^^^^^^^^^^^^^^^^^^^^^^^^^^^^^^^^^^^^^^^^^^^^^^
  File "C:\Users\User\AppData\Local\Programs\Python\Python312\Lib\site-packages\django\db\models\sql\compiler.py", line 1990, in execute_sql
    cursor = super().execute_sql(result_type)
             ^^^^^^^^^^^^^^^^^^^^^^^^^^^^^^^^
  File "C:\Users\User\AppData\Local\Programs\Python\Python312\Lib\site-packages\django\db\models\sql\compiler.py", line 1562, in execute_sql
    cursor.execute(sql, params)
  File "C:\Users\User\AppData\Local\Programs\Python\Python312\Lib\site-packages\django\db\backends\utils.py", line 122, in execute
    return super().execute(sql, params)
           ^^^^^^^^^^^^^^^^^^^^^^^^^^^^
  File "C:\Users\User\AppData\Local\Programs\Python\Python312\Lib\site-packages\django\db\backends\utils.py", line 79, in execute
    return self._execute_with_wrappers(
           ^^^^^^^^^^^^^^^^^^^^^^^^^^^^
  File "C:\Users\User\AppData\Local\Programs\Python\Python312\Lib\site-packages\django\db\backends\utils.py", line 92, in _execute_with_wrappers
    return executor(sql, params, many, context)
           ^^^^^^^^^^^^^^^^^^^^^^^^^^^^^^^^^^^^
  File "C:\Users\User\AppData\Local\Programs\Python\Python312\Lib\site-packages\django\db\backends\utils.py", line 100, in _execute
    with self.db.wrap_database_errors:
  File "C:\Users\User\AppData\Local\Programs\Python\Python312\Lib\site-packages\django\db\utils.py", line 91, in __exit__
    raise dj_exc_value.with_traceback(traceback) from exc_value
  File "C:\Users\User\AppData\Local\Programs\Python\Python312\Lib\site-packages\django\db\backends\utils.py", line 105, in _execute
    return self.cursor.execute(sql, params)
           ^^^^^^^^^^^^^^^^^^^^^^^^^^^^^^^^
  File "C:\Users\User\AppData\Local\Programs\Python\Python312\Lib\site-packages\django\db\backends\sqlite3\base.py", line 329, in execute
    return super().execute(query, params)
           ^^^^^^^^^^^^^^^^^^^^^^^^^^^^^^
django.db.utils.OperationalError: database is locked
ERROR 2025-10-08 13:37:29,857 basehttp 12876 26216 "GET /stock-declaration/api/notifications/ HTTP/1.1" 500 167965
WARNING 2025-10-08 13:37:29,966 log 12876 26216 Not Found: /favicon.ico
WARNING 2025-10-08 13:37:29,971 basehttp 12876 26216 "GET /favicon.ico HTTP/1.1" 404 4790
INFO 2025-10-08 13:38:41,825 basehttp 12876 26216 "GET /docu-notification/ HTTP/1.1" 200 73985
INFO 2025-10-08 13:38:41,909 basehttp 12876 26504 "GET /docu-notification/api/notifications/ HTTP/1.1" 200 564
INFO 2025-10-08 13:38:41,925 basehttp 12876 26216 "GET /stock-declaration/api/notifications/ HTTP/1.1" 200 272
INFO 2025-10-08 13:38:44,633 basehttp 12876 26216 "GET /docu-notification/ HTTP/1.1" 200 73985
INFO 2025-10-08 13:38:44,676 basehttp 12876 22100 "GET /static/css/stockdeclaration/stockdeclaration.css HTTP/1.1" 200 3684
INFO 2025-10-08 13:38:44,676 basehttp 12876 16060 "GET /static/css/qualitycontrol/qualitycontrol.css HTTP/1.1" 200 9691
INFO 2025-10-08 13:38:44,677 basehttp 12876 26216 "GET /static/css/style-ver2.css HTTP/1.1" 200 12438
INFO 2025-10-08 13:38:44,677 basehttp 12876 4132 "GET /static/css/docunotification/docunotification.css HTTP/1.1" 200 8546
INFO 2025-10-08 13:38:44,677 basehttp 12876 26504 "GET /static/css/job-order.css HTTP/1.1" 200 39525
INFO 2025-10-08 13:38:44,678 basehttp 12876 23052 "GET /static/css/overview/overview.css HTTP/1.1" 200 33881
INFO 2025-10-08 13:38:44,682 basehttp 12876 22100 "GET /static/images/icons/amd%20(1).svg HTTP/1.1" 200 230
INFO 2025-10-08 13:38:44,689 basehttp 12876 26504 "GET /static/js/script2.js HTTP/1.1" 200 10849
INFO 2025-10-08 13:38:44,698 basehttp 12876 16060 "GET /media/profile/avatar8.png HTTP/1.1" 200 32718
INFO 2025-10-08 13:38:44,750 basehttp 12876 16060 "GET /static/js/docunotification/docunotification.js HTTP/1.1" 200 27343
INFO 2025-10-08 13:38:45,318 basehttp 12876 26504 "GET /docu-notification/api/notifications/ HTTP/1.1" 200 564
WARNING 2025-10-08 13:38:45,336 log 12876 22100 Not Found: /favicon.ico
WARNING 2025-10-08 13:38:45,338 basehttp 12876 22100 "GET /favicon.ico HTTP/1.1" 404 4790
ERROR 2025-10-08 13:38:45,446 log 12876 16060 Internal Server Error: /stock-declaration/api/notifications/
Traceback (most recent call last):
  File "C:\Users\User\AppData\Local\Programs\Python\Python312\Lib\site-packages\django\db\backends\utils.py", line 105, in _execute
    return self.cursor.execute(sql, params)
           ^^^^^^^^^^^^^^^^^^^^^^^^^^^^^^^^
  File "C:\Users\User\AppData\Local\Programs\Python\Python312\Lib\site-packages\django\db\backends\sqlite3\base.py", line 329, in execute
    return super().execute(query, params)
           ^^^^^^^^^^^^^^^^^^^^^^^^^^^^^^
sqlite3.OperationalError: database is locked

The above exception was the direct cause of the following exception:

Traceback (most recent call last):
  File "C:\Users\User\AppData\Local\Programs\Python\Python312\Lib\site-packages\django\core\handlers\exception.py", line 55, in inner
    response = get_response(request)
               ^^^^^^^^^^^^^^^^^^^^^
  File "C:\Users\User\Desktop\RPA\Website\PDN_Portal\pdnportal\chat\middleware.py", line 14, in __call__
    UserOnlineStatus.objects.update_or_create(
  File "C:\Users\User\AppData\Local\Programs\Python\Python312\Lib\site-packages\django\db\models\manager.py", line 87, in manager_method
    return getattr(self.get_queryset(), name)(*args, **kwargs)
           ^^^^^^^^^^^^^^^^^^^^^^^^^^^^^^^^^^^^^^^^^^^^^^^^^^^
  File "C:\Users\User\AppData\Local\Programs\Python\Python312\Lib\site-packages\django\db\models\query.py", line 1009, in update_or_create
    obj.save(using=self.db, update_fields=update_fields)
  File "C:\Users\User\AppData\Local\Programs\Python\Python312\Lib\site-packages\django\db\models\base.py", line 822, in save
    self.save_base(
  File "C:\Users\User\AppData\Local\Programs\Python\Python312\Lib\site-packages\django\db\models\base.py", line 909, in save_base
    updated = self._save_table(
              ^^^^^^^^^^^^^^^^^
  File "C:\Users\User\AppData\Local\Programs\Python\Python312\Lib\site-packages\django\db\models\base.py", line 1036, in _save_table
    updated = self._do_update(
              ^^^^^^^^^^^^^^^^
  File "C:\Users\User\AppData\Local\Programs\Python\Python312\Lib\site-packages\django\db\models\base.py", line 1101, in _do_update
    return filtered._update(values) > 0
           ^^^^^^^^^^^^^^^^^^^^^^^^
  File "C:\Users\User\AppData\Local\Programs\Python\Python312\Lib\site-packages\django\db\models\query.py", line 1278, in _update
    return query.get_compiler(self.db).execute_sql(CURSOR)
           ^^^^^^^^^^^^^^^^^^^^^^^^^^^^^^^^^^^^^^^^^^^^^^^
  File "C:\Users\User\AppData\Local\Programs\Python\Python312\Lib\site-packages\django\db\models\sql\compiler.py", line 1990, in execute_sql
    cursor = super().execute_sql(result_type)
             ^^^^^^^^^^^^^^^^^^^^^^^^^^^^^^^^
  File "C:\Users\User\AppData\Local\Programs\Python\Python312\Lib\site-packages\django\db\models\sql\compiler.py", line 1562, in execute_sql
    cursor.execute(sql, params)
  File "C:\Users\User\AppData\Local\Programs\Python\Python312\Lib\site-packages\django\db\backends\utils.py", line 122, in execute
    return super().execute(sql, params)
           ^^^^^^^^^^^^^^^^^^^^^^^^^^^^
  File "C:\Users\User\AppData\Local\Programs\Python\Python312\Lib\site-packages\django\db\backends\utils.py", line 79, in execute
    return self._execute_with_wrappers(
           ^^^^^^^^^^^^^^^^^^^^^^^^^^^^
  File "C:\Users\User\AppData\Local\Programs\Python\Python312\Lib\site-packages\django\db\backends\utils.py", line 92, in _execute_with_wrappers
    return executor(sql, params, many, context)
           ^^^^^^^^^^^^^^^^^^^^^^^^^^^^^^^^^^^^
  File "C:\Users\User\AppData\Local\Programs\Python\Python312\Lib\site-packages\django\db\backends\utils.py", line 100, in _execute
    with self.db.wrap_database_errors:
  File "C:\Users\User\AppData\Local\Programs\Python\Python312\Lib\site-packages\django\db\utils.py", line 91, in __exit__
    raise dj_exc_value.with_traceback(traceback) from exc_value
  File "C:\Users\User\AppData\Local\Programs\Python\Python312\Lib\site-packages\django\db\backends\utils.py", line 105, in _execute
    return self.cursor.execute(sql, params)
           ^^^^^^^^^^^^^^^^^^^^^^^^^^^^^^^^
  File "C:\Users\User\AppData\Local\Programs\Python\Python312\Lib\site-packages\django\db\backends\sqlite3\base.py", line 329, in execute
    return super().execute(query, params)
           ^^^^^^^^^^^^^^^^^^^^^^^^^^^^^^
django.db.utils.OperationalError: database is locked
ERROR 2025-10-08 13:38:45,454 basehttp 12876 16060 "GET /stock-declaration/api/notifications/ HTTP/1.1" 500 167965
INFO 2025-10-08 13:43:43,377 basehttp 12876 16060 "GET /docu-notification/ HTTP/1.1" 200 75314
INFO 2025-10-08 13:43:43,413 basehttp 12876 16060 "GET /static/css/docunotification/docunotification.css HTTP/1.1" 304 0
INFO 2025-10-08 13:43:43,475 basehttp 12876 16060 "GET /stock-declaration/api/notifications/ HTTP/1.1" 200 272
INFO 2025-10-08 13:43:43,494 basehttp 12876 22100 "GET /docu-notification/api/notifications/ HTTP/1.1" 200 564
INFO 2025-10-08 13:43:59,986 basehttp 12876 22100 "GET /docu-notification/ HTTP/1.1" 200 75314
INFO 2025-10-08 13:44:00,065 basehttp 12876 16060 "GET /docu-notification/api/notifications/ HTTP/1.1" 200 564
ERROR 2025-10-08 13:44:00,116 log 12876 22100 Internal Server Error: /stock-declaration/api/notifications/
Traceback (most recent call last):
  File "C:\Users\User\AppData\Local\Programs\Python\Python312\Lib\site-packages\django\db\backends\utils.py", line 105, in _execute
    return self.cursor.execute(sql, params)
           ^^^^^^^^^^^^^^^^^^^^^^^^^^^^^^^^
  File "C:\Users\User\AppData\Local\Programs\Python\Python312\Lib\site-packages\django\db\backends\sqlite3\base.py", line 329, in execute
    return super().execute(query, params)
           ^^^^^^^^^^^^^^^^^^^^^^^^^^^^^^
sqlite3.OperationalError: database is locked

The above exception was the direct cause of the following exception:

Traceback (most recent call last):
  File "C:\Users\User\AppData\Local\Programs\Python\Python312\Lib\site-packages\django\core\handlers\exception.py", line 55, in inner
    response = get_response(request)
               ^^^^^^^^^^^^^^^^^^^^^
  File "C:\Users\User\Desktop\RPA\Website\PDN_Portal\pdnportal\chat\middleware.py", line 14, in __call__
    UserOnlineStatus.objects.update_or_create(
  File "C:\Users\User\AppData\Local\Programs\Python\Python312\Lib\site-packages\django\db\models\manager.py", line 87, in manager_method
    return getattr(self.get_queryset(), name)(*args, **kwargs)
           ^^^^^^^^^^^^^^^^^^^^^^^^^^^^^^^^^^^^^^^^^^^^^^^^^^^
  File "C:\Users\User\AppData\Local\Programs\Python\Python312\Lib\site-packages\django\db\models\query.py", line 1009, in update_or_create
    obj.save(using=self.db, update_fields=update_fields)
  File "C:\Users\User\AppData\Local\Programs\Python\Python312\Lib\site-packages\django\db\models\base.py", line 822, in save
    self.save_base(
  File "C:\Users\User\AppData\Local\Programs\Python\Python312\Lib\site-packages\django\db\models\base.py", line 909, in save_base
    updated = self._save_table(
              ^^^^^^^^^^^^^^^^^
  File "C:\Users\User\AppData\Local\Programs\Python\Python312\Lib\site-packages\django\db\models\base.py", line 1036, in _save_table
    updated = self._do_update(
              ^^^^^^^^^^^^^^^^
  File "C:\Users\User\AppData\Local\Programs\Python\Python312\Lib\site-packages\django\db\models\base.py", line 1101, in _do_update
    return filtered._update(values) > 0
           ^^^^^^^^^^^^^^^^^^^^^^^^
  File "C:\Users\User\AppData\Local\Programs\Python\Python312\Lib\site-packages\django\db\models\query.py", line 1278, in _update
    return query.get_compiler(self.db).execute_sql(CURSOR)
           ^^^^^^^^^^^^^^^^^^^^^^^^^^^^^^^^^^^^^^^^^^^^^^^
  File "C:\Users\User\AppData\Local\Programs\Python\Python312\Lib\site-packages\django\db\models\sql\compiler.py", line 1990, in execute_sql
    cursor = super().execute_sql(result_type)
             ^^^^^^^^^^^^^^^^^^^^^^^^^^^^^^^^
  File "C:\Users\User\AppData\Local\Programs\Python\Python312\Lib\site-packages\django\db\models\sql\compiler.py", line 1562, in execute_sql
    cursor.execute(sql, params)
  File "C:\Users\User\AppData\Local\Programs\Python\Python312\Lib\site-packages\django\db\backends\utils.py", line 122, in execute
    return super().execute(sql, params)
           ^^^^^^^^^^^^^^^^^^^^^^^^^^^^
  File "C:\Users\User\AppData\Local\Programs\Python\Python312\Lib\site-packages\django\db\backends\utils.py", line 79, in execute
    return self._execute_with_wrappers(
           ^^^^^^^^^^^^^^^^^^^^^^^^^^^^
  File "C:\Users\User\AppData\Local\Programs\Python\Python312\Lib\site-packages\django\db\backends\utils.py", line 92, in _execute_with_wrappers
    return executor(sql, params, many, context)
           ^^^^^^^^^^^^^^^^^^^^^^^^^^^^^^^^^^^^
  File "C:\Users\User\AppData\Local\Programs\Python\Python312\Lib\site-packages\django\db\backends\utils.py", line 100, in _execute
    with self.db.wrap_database_errors:
  File "C:\Users\User\AppData\Local\Programs\Python\Python312\Lib\site-packages\django\db\utils.py", line 91, in __exit__
    raise dj_exc_value.with_traceback(traceback) from exc_value
  File "C:\Users\User\AppData\Local\Programs\Python\Python312\Lib\site-packages\django\db\backends\utils.py", line 105, in _execute
    return self.cursor.execute(sql, params)
           ^^^^^^^^^^^^^^^^^^^^^^^^^^^^^^^^
  File "C:\Users\User\AppData\Local\Programs\Python\Python312\Lib\site-packages\django\db\backends\sqlite3\base.py", line 329, in execute
    return super().execute(query, params)
           ^^^^^^^^^^^^^^^^^^^^^^^^^^^^^^
django.db.utils.OperationalError: database is locked
ERROR 2025-10-08 13:44:00,116 basehttp 12876 22100 "GET /stock-declaration/api/notifications/ HTTP/1.1" 500 167694
INFO 2025-10-08 13:44:04,793 basehttp 12876 22100 "GET /docu-notification/ HTTP/1.1" 200 75314
INFO 2025-10-08 13:44:04,827 basehttp 12876 22100 "GET /static/css/style-ver2.css HTTP/1.1" 200 12438
INFO 2025-10-08 13:44:04,831 basehttp 12876 16060 "GET /static/css/job-order.css HTTP/1.1" 200 39525
INFO 2025-10-08 13:44:04,831 basehttp 12876 14152 "GET /static/css/stockdeclaration/stockdeclaration.css HTTP/1.1" 200 3684
INFO 2025-10-08 13:44:04,832 basehttp 12876 22100 "GET /static/images/icons/amd%20(1).svg HTTP/1.1" 200 230
INFO 2025-10-08 13:44:04,832 basehttp 12876 19424 "GET /static/css/qualitycontrol/qualitycontrol.css HTTP/1.1" 200 9691
INFO 2025-10-08 13:44:04,834 basehttp 12876 4092 "GET /static/css/docunotification/docunotification.css HTTP/1.1" 200 8546
INFO 2025-10-08 13:44:04,834 basehttp 12876 21168 "GET /static/css/overview/overview.css HTTP/1.1" 200 33881
INFO 2025-10-08 13:44:04,843 basehttp 12876 16060 "GET /static/js/script2.js HTTP/1.1" 200 10849
INFO 2025-10-08 13:44:04,844 basehttp 12876 21168 "GET /static/js/docunotification/docunotification.js HTTP/1.1" 200 27343
INFO 2025-10-08 13:44:04,854 basehttp 12876 19424 "GET /media/profile/avatar8.png HTTP/1.1" 200 32718
INFO 2025-10-08 13:44:05,454 basehttp 12876 19424 "GET /stock-declaration/api/notifications/ HTTP/1.1" 200 272
INFO 2025-10-08 13:44:05,465 basehttp 12876 21168 "GET /docu-notification/api/notifications/ HTTP/1.1" 200 564
WARNING 2025-10-08 13:44:05,563 log 12876 21168 Not Found: /favicon.ico
WARNING 2025-10-08 13:44:05,563 basehttp 12876 21168 "GET /favicon.ico HTTP/1.1" 404 4790
INFO 2025-10-08 13:44:07,314 basehttp 12876 21168 "GET /docu-notification/ HTTP/1.1" 200 75314
INFO 2025-10-08 13:44:07,395 basehttp 12876 19424 "GET /docu-notification/api/notifications/ HTTP/1.1" 200 564
ERROR 2025-10-08 13:44:07,443 log 12876 21168 Internal Server Error: /stock-declaration/api/notifications/
Traceback (most recent call last):
  File "C:\Users\User\AppData\Local\Programs\Python\Python312\Lib\site-packages\django\db\backends\utils.py", line 105, in _execute
    return self.cursor.execute(sql, params)
           ^^^^^^^^^^^^^^^^^^^^^^^^^^^^^^^^
  File "C:\Users\User\AppData\Local\Programs\Python\Python312\Lib\site-packages\django\db\backends\sqlite3\base.py", line 329, in execute
    return super().execute(query, params)
           ^^^^^^^^^^^^^^^^^^^^^^^^^^^^^^
sqlite3.OperationalError: database is locked

The above exception was the direct cause of the following exception:

Traceback (most recent call last):
  File "C:\Users\User\AppData\Local\Programs\Python\Python312\Lib\site-packages\django\core\handlers\exception.py", line 55, in inner
    response = get_response(request)
               ^^^^^^^^^^^^^^^^^^^^^
  File "C:\Users\User\Desktop\RPA\Website\PDN_Portal\pdnportal\chat\middleware.py", line 14, in __call__
    UserOnlineStatus.objects.update_or_create(
  File "C:\Users\User\AppData\Local\Programs\Python\Python312\Lib\site-packages\django\db\models\manager.py", line 87, in manager_method
    return getattr(self.get_queryset(), name)(*args, **kwargs)
           ^^^^^^^^^^^^^^^^^^^^^^^^^^^^^^^^^^^^^^^^^^^^^^^^^^^
  File "C:\Users\User\AppData\Local\Programs\Python\Python312\Lib\site-packages\django\db\models\query.py", line 1009, in update_or_create
    obj.save(using=self.db, update_fields=update_fields)
  File "C:\Users\User\AppData\Local\Programs\Python\Python312\Lib\site-packages\django\db\models\base.py", line 822, in save
    self.save_base(
  File "C:\Users\User\AppData\Local\Programs\Python\Python312\Lib\site-packages\django\db\models\base.py", line 909, in save_base
    updated = self._save_table(
              ^^^^^^^^^^^^^^^^^
  File "C:\Users\User\AppData\Local\Programs\Python\Python312\Lib\site-packages\django\db\models\base.py", line 1036, in _save_table
    updated = self._do_update(
              ^^^^^^^^^^^^^^^^
  File "C:\Users\User\AppData\Local\Programs\Python\Python312\Lib\site-packages\django\db\models\base.py", line 1101, in _do_update
    return filtered._update(values) > 0
           ^^^^^^^^^^^^^^^^^^^^^^^^
  File "C:\Users\User\AppData\Local\Programs\Python\Python312\Lib\site-packages\django\db\models\query.py", line 1278, in _update
    return query.get_compiler(self.db).execute_sql(CURSOR)
           ^^^^^^^^^^^^^^^^^^^^^^^^^^^^^^^^^^^^^^^^^^^^^^^
  File "C:\Users\User\AppData\Local\Programs\Python\Python312\Lib\site-packages\django\db\models\sql\compiler.py", line 1990, in execute_sql
    cursor = super().execute_sql(result_type)
             ^^^^^^^^^^^^^^^^^^^^^^^^^^^^^^^^
  File "C:\Users\User\AppData\Local\Programs\Python\Python312\Lib\site-packages\django\db\models\sql\compiler.py", line 1562, in execute_sql
    cursor.execute(sql, params)
  File "C:\Users\User\AppData\Local\Programs\Python\Python312\Lib\site-packages\django\db\backends\utils.py", line 122, in execute
    return super().execute(sql, params)
           ^^^^^^^^^^^^^^^^^^^^^^^^^^^^
  File "C:\Users\User\AppData\Local\Programs\Python\Python312\Lib\site-packages\django\db\backends\utils.py", line 79, in execute
    return self._execute_with_wrappers(
           ^^^^^^^^^^^^^^^^^^^^^^^^^^^^
  File "C:\Users\User\AppData\Local\Programs\Python\Python312\Lib\site-packages\django\db\backends\utils.py", line 92, in _execute_with_wrappers
    return executor(sql, params, many, context)
           ^^^^^^^^^^^^^^^^^^^^^^^^^^^^^^^^^^^^
  File "C:\Users\User\AppData\Local\Programs\Python\Python312\Lib\site-packages\django\db\backends\utils.py", line 100, in _execute
    with self.db.wrap_database_errors:
  File "C:\Users\User\AppData\Local\Programs\Python\Python312\Lib\site-packages\django\db\utils.py", line 91, in __exit__
    raise dj_exc_value.with_traceback(traceback) from exc_value
  File "C:\Users\User\AppData\Local\Programs\Python\Python312\Lib\site-packages\django\db\backends\utils.py", line 105, in _execute
    return self.cursor.execute(sql, params)
           ^^^^^^^^^^^^^^^^^^^^^^^^^^^^^^^^
  File "C:\Users\User\AppData\Local\Programs\Python\Python312\Lib\site-packages\django\db\backends\sqlite3\base.py", line 329, in execute
    return super().execute(query, params)
           ^^^^^^^^^^^^^^^^^^^^^^^^^^^^^^
django.db.utils.OperationalError: database is locked
ERROR 2025-10-08 13:44:07,443 basehttp 12876 21168 "GET /stock-declaration/api/notifications/ HTTP/1.1" 500 167697
INFO 2025-10-08 13:44:08,891 basehttp 12876 21168 "GET /docu-notification/ HTTP/1.1" 200 75314
INFO 2025-10-08 13:44:08,962 basehttp 12876 21168 "GET /stock-declaration/api/notifications/ HTTP/1.1" 200 272
ERROR 2025-10-08 13:44:09,008 log 12876 19424 Internal Server Error: /docu-notification/api/notifications/
Traceback (most recent call last):
  File "C:\Users\User\AppData\Local\Programs\Python\Python312\Lib\site-packages\django\db\backends\utils.py", line 105, in _execute
    return self.cursor.execute(sql, params)
           ^^^^^^^^^^^^^^^^^^^^^^^^^^^^^^^^
  File "C:\Users\User\AppData\Local\Programs\Python\Python312\Lib\site-packages\django\db\backends\sqlite3\base.py", line 329, in execute
    return super().execute(query, params)
           ^^^^^^^^^^^^^^^^^^^^^^^^^^^^^^
sqlite3.OperationalError: database is locked

The above exception was the direct cause of the following exception:

Traceback (most recent call last):
  File "C:\Users\User\AppData\Local\Programs\Python\Python312\Lib\site-packages\django\core\handlers\exception.py", line 55, in inner
    response = get_response(request)
               ^^^^^^^^^^^^^^^^^^^^^
  File "C:\Users\User\Desktop\RPA\Website\PDN_Portal\pdnportal\chat\middleware.py", line 14, in __call__
    UserOnlineStatus.objects.update_or_create(
  File "C:\Users\User\AppData\Local\Programs\Python\Python312\Lib\site-packages\django\db\models\manager.py", line 87, in manager_method
    return getattr(self.get_queryset(), name)(*args, **kwargs)
           ^^^^^^^^^^^^^^^^^^^^^^^^^^^^^^^^^^^^^^^^^^^^^^^^^^^
  File "C:\Users\User\AppData\Local\Programs\Python\Python312\Lib\site-packages\django\db\models\query.py", line 1009, in update_or_create
    obj.save(using=self.db, update_fields=update_fields)
  File "C:\Users\User\AppData\Local\Programs\Python\Python312\Lib\site-packages\django\db\models\base.py", line 822, in save
    self.save_base(
  File "C:\Users\User\AppData\Local\Programs\Python\Python312\Lib\site-packages\django\db\models\base.py", line 909, in save_base
    updated = self._save_table(
              ^^^^^^^^^^^^^^^^^
  File "C:\Users\User\AppData\Local\Programs\Python\Python312\Lib\site-packages\django\db\models\base.py", line 1036, in _save_table
    updated = self._do_update(
              ^^^^^^^^^^^^^^^^
  File "C:\Users\User\AppData\Local\Programs\Python\Python312\Lib\site-packages\django\db\models\base.py", line 1101, in _do_update
    return filtered._update(values) > 0
           ^^^^^^^^^^^^^^^^^^^^^^^^
  File "C:\Users\User\AppData\Local\Programs\Python\Python312\Lib\site-packages\django\db\models\query.py", line 1278, in _update
    return query.get_compiler(self.db).execute_sql(CURSOR)
           ^^^^^^^^^^^^^^^^^^^^^^^^^^^^^^^^^^^^^^^^^^^^^^^
  File "C:\Users\User\AppData\Local\Programs\Python\Python312\Lib\site-packages\django\db\models\sql\compiler.py", line 1990, in execute_sql
    cursor = super().execute_sql(result_type)
             ^^^^^^^^^^^^^^^^^^^^^^^^^^^^^^^^
  File "C:\Users\User\AppData\Local\Programs\Python\Python312\Lib\site-packages\django\db\models\sql\compiler.py", line 1562, in execute_sql
    cursor.execute(sql, params)
  File "C:\Users\User\AppData\Local\Programs\Python\Python312\Lib\site-packages\django\db\backends\utils.py", line 122, in execute
    return super().execute(sql, params)
           ^^^^^^^^^^^^^^^^^^^^^^^^^^^^
  File "C:\Users\User\AppData\Local\Programs\Python\Python312\Lib\site-packages\django\db\backends\utils.py", line 79, in execute
    return self._execute_with_wrappers(
           ^^^^^^^^^^^^^^^^^^^^^^^^^^^^
  File "C:\Users\User\AppData\Local\Programs\Python\Python312\Lib\site-packages\django\db\backends\utils.py", line 92, in _execute_with_wrappers
    return executor(sql, params, many, context)
           ^^^^^^^^^^^^^^^^^^^^^^^^^^^^^^^^^^^^
  File "C:\Users\User\AppData\Local\Programs\Python\Python312\Lib\site-packages\django\db\backends\utils.py", line 100, in _execute
    with self.db.wrap_database_errors:
  File "C:\Users\User\AppData\Local\Programs\Python\Python312\Lib\site-packages\django\db\utils.py", line 91, in __exit__
    raise dj_exc_value.with_traceback(traceback) from exc_value
  File "C:\Users\User\AppData\Local\Programs\Python\Python312\Lib\site-packages\django\db\backends\utils.py", line 105, in _execute
    return self.cursor.execute(sql, params)
           ^^^^^^^^^^^^^^^^^^^^^^^^^^^^^^^^
  File "C:\Users\User\AppData\Local\Programs\Python\Python312\Lib\site-packages\django\db\backends\sqlite3\base.py", line 329, in execute
    return super().execute(query, params)
           ^^^^^^^^^^^^^^^^^^^^^^^^^^^^^^
django.db.utils.OperationalError: database is locked
ERROR 2025-10-08 13:44:09,008 basehttp 12876 19424 "GET /docu-notification/api/notifications/ HTTP/1.1" 500 167700
INFO 2025-10-08 13:44:10,356 basehttp 12876 19424 "GET /stock-declaration/ HTTP/1.1" 200 104878
INFO 2025-10-08 13:44:10,461 basehttp 12876 21168 "GET /docu-notification/api/notifications/ HTTP/1.1" 200 564
INFO 2025-10-08 13:44:10,504 basehttp 12876 16060 "GET /stock-declaration/api/chart-data/?time_range=month&stock_type=all HTTP/1.1" 200 2223
ERROR 2025-10-08 13:44:10,563 log 12876 19424 Internal Server Error: /stock-declaration/api/notifications/
Traceback (most recent call last):
  File "C:\Users\User\AppData\Local\Programs\Python\Python312\Lib\site-packages\django\db\backends\utils.py", line 105, in _execute
    return self.cursor.execute(sql, params)
           ^^^^^^^^^^^^^^^^^^^^^^^^^^^^^^^^
  File "C:\Users\User\AppData\Local\Programs\Python\Python312\Lib\site-packages\django\db\backends\sqlite3\base.py", line 329, in execute
    return super().execute(query, params)
           ^^^^^^^^^^^^^^^^^^^^^^^^^^^^^^
sqlite3.OperationalError: database is locked

The above exception was the direct cause of the following exception:

Traceback (most recent call last):
  File "C:\Users\User\AppData\Local\Programs\Python\Python312\Lib\site-packages\django\core\handlers\exception.py", line 55, in inner
    response = get_response(request)
               ^^^^^^^^^^^^^^^^^^^^^
  File "C:\Users\User\Desktop\RPA\Website\PDN_Portal\pdnportal\chat\middleware.py", line 14, in __call__
    UserOnlineStatus.objects.update_or_create(
  File "C:\Users\User\AppData\Local\Programs\Python\Python312\Lib\site-packages\django\db\models\manager.py", line 87, in manager_method
    return getattr(self.get_queryset(), name)(*args, **kwargs)
           ^^^^^^^^^^^^^^^^^^^^^^^^^^^^^^^^^^^^^^^^^^^^^^^^^^^
  File "C:\Users\User\AppData\Local\Programs\Python\Python312\Lib\site-packages\django\db\models\query.py", line 1009, in update_or_create
    obj.save(using=self.db, update_fields=update_fields)
  File "C:\Users\User\AppData\Local\Programs\Python\Python312\Lib\site-packages\django\db\models\base.py", line 822, in save
    self.save_base(
  File "C:\Users\User\AppData\Local\Programs\Python\Python312\Lib\site-packages\django\db\models\base.py", line 909, in save_base
    updated = self._save_table(
              ^^^^^^^^^^^^^^^^^
  File "C:\Users\User\AppData\Local\Programs\Python\Python312\Lib\site-packages\django\db\models\base.py", line 1036, in _save_table
    updated = self._do_update(
              ^^^^^^^^^^^^^^^^
  File "C:\Users\User\AppData\Local\Programs\Python\Python312\Lib\site-packages\django\db\models\base.py", line 1101, in _do_update
    return filtered._update(values) > 0
           ^^^^^^^^^^^^^^^^^^^^^^^^
  File "C:\Users\User\AppData\Local\Programs\Python\Python312\Lib\site-packages\django\db\models\query.py", line 1278, in _update
    return query.get_compiler(self.db).execute_sql(CURSOR)
           ^^^^^^^^^^^^^^^^^^^^^^^^^^^^^^^^^^^^^^^^^^^^^^^
  File "C:\Users\User\AppData\Local\Programs\Python\Python312\Lib\site-packages\django\db\models\sql\compiler.py", line 1990, in execute_sql
    cursor = super().execute_sql(result_type)
             ^^^^^^^^^^^^^^^^^^^^^^^^^^^^^^^^
  File "C:\Users\User\AppData\Local\Programs\Python\Python312\Lib\site-packages\django\db\models\sql\compiler.py", line 1562, in execute_sql
    cursor.execute(sql, params)
  File "C:\Users\User\AppData\Local\Programs\Python\Python312\Lib\site-packages\django\db\backends\utils.py", line 122, in execute
    return super().execute(sql, params)
           ^^^^^^^^^^^^^^^^^^^^^^^^^^^^
  File "C:\Users\User\AppData\Local\Programs\Python\Python312\Lib\site-packages\django\db\backends\utils.py", line 79, in execute
    return self._execute_with_wrappers(
           ^^^^^^^^^^^^^^^^^^^^^^^^^^^^
  File "C:\Users\User\AppData\Local\Programs\Python\Python312\Lib\site-packages\django\db\backends\utils.py", line 92, in _execute_with_wrappers
    return executor(sql, params, many, context)
           ^^^^^^^^^^^^^^^^^^^^^^^^^^^^^^^^^^^^
  File "C:\Users\User\AppData\Local\Programs\Python\Python312\Lib\site-packages\django\db\backends\utils.py", line 100, in _execute
    with self.db.wrap_database_errors:
  File "C:\Users\User\AppData\Local\Programs\Python\Python312\Lib\site-packages\django\db\utils.py", line 91, in __exit__
    raise dj_exc_value.with_traceback(traceback) from exc_value
  File "C:\Users\User\AppData\Local\Programs\Python\Python312\Lib\site-packages\django\db\backends\utils.py", line 105, in _execute
    return self.cursor.execute(sql, params)
           ^^^^^^^^^^^^^^^^^^^^^^^^^^^^^^^^
  File "C:\Users\User\AppData\Local\Programs\Python\Python312\Lib\site-packages\django\db\backends\sqlite3\base.py", line 329, in execute
    return super().execute(query, params)
           ^^^^^^^^^^^^^^^^^^^^^^^^^^^^^^
django.db.utils.OperationalError: database is locked
ERROR 2025-10-08 13:44:10,574 basehttp 12876 19424 "GET /stock-declaration/api/notifications/ HTTP/1.1" 500 167700
INFO 2025-10-08 13:44:12,085 basehttp 12876 19424 "GET /docu-notification/ HTTP/1.1" 200 75314
INFO 2025-10-08 13:44:12,176 basehttp 12876 16060 "GET /docu-notification/api/notifications/ HTTP/1.1" 200 564
INFO 2025-10-08 13:44:12,194 basehttp 12876 19424 "GET /stock-declaration/api/notifications/ HTTP/1.1" 200 272
INFO 2025-10-08 13:45:45,857 basehttp 12876 19424 "GET /docu-notification/ HTTP/1.1" 200 75314
INFO 2025-10-08 13:45:45,953 basehttp 12876 16060 "GET /docu-notification/api/notifications/ HTTP/1.1" 200 564
INFO 2025-10-08 13:45:45,966 basehttp 12876 19424 "GET /stock-declaration/api/notifications/ HTTP/1.1" 200 272
INFO 2025-10-08 13:47:28,398 autoreload 12876 24740 C:\Users\User\Desktop\RPA\Website\PDN_Portal\pdnportal\docunotification\urls.py changed, reloading.
INFO 2025-10-08 13:47:29,134 autoreload 22776 22960 Watching for file changes with StatReloader
INFO 2025-10-08 13:48:10,324 autoreload 22776 22960 C:\Users\User\Desktop\RPA\Website\PDN_Portal\pdnportal\docunotification\views.py changed, reloading.
INFO 2025-10-08 13:48:11,072 autoreload 2376 23652 Watching for file changes with StatReloader
INFO 2025-10-08 13:48:26,086 autoreload 2376 23652 C:\Users\User\Desktop\RPA\Website\PDN_Portal\pdnportal\docunotification\views.py changed, reloading.
INFO 2025-10-08 13:48:26,843 autoreload 26296 28500 Watching for file changes with StatReloader
INFO 2025-10-08 13:48:37,268 autoreload 26296 28500 C:\Users\User\Desktop\RPA\Website\PDN_Portal\pdnportal\docunotification\views.py changed, reloading.
INFO 2025-10-08 13:48:38,139 autoreload 9996 27840 Watching for file changes with StatReloader
INFO 2025-10-08 13:48:42,337 basehttp 9996 12516 "POST /docu-notification/delete-document/14/ HTTP/1.1" 200 62
INFO 2025-10-08 13:48:43,974 basehttp 9996 12516 "GET /docu-notification/ HTTP/1.1" 200 68937
INFO 2025-10-08 13:48:43,999 basehttp 9996 12516 "GET /static/css/docunotification/docunotification.css HTTP/1.1" 304 0
INFO 2025-10-08 13:48:44,117 basehttp 9996 12516 "GET /stock-declaration/api/notifications/ HTTP/1.1" 200 272
INFO 2025-10-08 13:48:44,125 basehttp 9996 9424 "GET /docu-notification/api/notifications/ HTTP/1.1" 200 50
INFO 2025-10-08 13:48:47,857 basehttp 9996 9424 "GET /docu-notification/ HTTP/1.1" 200 68937
INFO 2025-10-08 13:48:47,928 basehttp 9996 12516 "GET /docu-notification/api/notifications/ HTTP/1.1" 200 50
ERROR 2025-10-08 13:48:48,049 log 9996 9424 Internal Server Error: /stock-declaration/api/notifications/
Traceback (most recent call last):
  File "C:\Users\User\AppData\Local\Programs\Python\Python312\Lib\site-packages\django\db\backends\utils.py", line 105, in _execute
    return self.cursor.execute(sql, params)
           ^^^^^^^^^^^^^^^^^^^^^^^^^^^^^^^^
  File "C:\Users\User\AppData\Local\Programs\Python\Python312\Lib\site-packages\django\db\backends\sqlite3\base.py", line 329, in execute
    return super().execute(query, params)
           ^^^^^^^^^^^^^^^^^^^^^^^^^^^^^^
sqlite3.OperationalError: database is locked

The above exception was the direct cause of the following exception:

Traceback (most recent call last):
  File "C:\Users\User\AppData\Local\Programs\Python\Python312\Lib\site-packages\django\core\handlers\exception.py", line 55, in inner
    response = get_response(request)
               ^^^^^^^^^^^^^^^^^^^^^
  File "C:\Users\User\Desktop\RPA\Website\PDN_Portal\pdnportal\chat\middleware.py", line 14, in __call__
    UserOnlineStatus.objects.update_or_create(
  File "C:\Users\User\AppData\Local\Programs\Python\Python312\Lib\site-packages\django\db\models\manager.py", line 87, in manager_method
    return getattr(self.get_queryset(), name)(*args, **kwargs)
           ^^^^^^^^^^^^^^^^^^^^^^^^^^^^^^^^^^^^^^^^^^^^^^^^^^^
  File "C:\Users\User\AppData\Local\Programs\Python\Python312\Lib\site-packages\django\db\models\query.py", line 1009, in update_or_create
    obj.save(using=self.db, update_fields=update_fields)
  File "C:\Users\User\AppData\Local\Programs\Python\Python312\Lib\site-packages\django\db\models\base.py", line 822, in save
    self.save_base(
  File "C:\Users\User\AppData\Local\Programs\Python\Python312\Lib\site-packages\django\db\models\base.py", line 909, in save_base
    updated = self._save_table(
              ^^^^^^^^^^^^^^^^^
  File "C:\Users\User\AppData\Local\Programs\Python\Python312\Lib\site-packages\django\db\models\base.py", line 1036, in _save_table
    updated = self._do_update(
              ^^^^^^^^^^^^^^^^
  File "C:\Users\User\AppData\Local\Programs\Python\Python312\Lib\site-packages\django\db\models\base.py", line 1101, in _do_update
    return filtered._update(values) > 0
           ^^^^^^^^^^^^^^^^^^^^^^^^
  File "C:\Users\User\AppData\Local\Programs\Python\Python312\Lib\site-packages\django\db\models\query.py", line 1278, in _update
    return query.get_compiler(self.db).execute_sql(CURSOR)
           ^^^^^^^^^^^^^^^^^^^^^^^^^^^^^^^^^^^^^^^^^^^^^^^
  File "C:\Users\User\AppData\Local\Programs\Python\Python312\Lib\site-packages\django\db\models\sql\compiler.py", line 1990, in execute_sql
    cursor = super().execute_sql(result_type)
             ^^^^^^^^^^^^^^^^^^^^^^^^^^^^^^^^
  File "C:\Users\User\AppData\Local\Programs\Python\Python312\Lib\site-packages\django\db\models\sql\compiler.py", line 1562, in execute_sql
    cursor.execute(sql, params)
  File "C:\Users\User\AppData\Local\Programs\Python\Python312\Lib\site-packages\django\db\backends\utils.py", line 122, in execute
    return super().execute(sql, params)
           ^^^^^^^^^^^^^^^^^^^^^^^^^^^^
  File "C:\Users\User\AppData\Local\Programs\Python\Python312\Lib\site-packages\django\db\backends\utils.py", line 79, in execute
    return self._execute_with_wrappers(
           ^^^^^^^^^^^^^^^^^^^^^^^^^^^^
  File "C:\Users\User\AppData\Local\Programs\Python\Python312\Lib\site-packages\django\db\backends\utils.py", line 92, in _execute_with_wrappers
    return executor(sql, params, many, context)
           ^^^^^^^^^^^^^^^^^^^^^^^^^^^^^^^^^^^^
  File "C:\Users\User\AppData\Local\Programs\Python\Python312\Lib\site-packages\django\db\backends\utils.py", line 100, in _execute
    with self.db.wrap_database_errors:
  File "C:\Users\User\AppData\Local\Programs\Python\Python312\Lib\site-packages\django\db\utils.py", line 91, in __exit__
    raise dj_exc_value.with_traceback(traceback) from exc_value
  File "C:\Users\User\AppData\Local\Programs\Python\Python312\Lib\site-packages\django\db\backends\utils.py", line 105, in _execute
    return self.cursor.execute(sql, params)
           ^^^^^^^^^^^^^^^^^^^^^^^^^^^^^^^^
  File "C:\Users\User\AppData\Local\Programs\Python\Python312\Lib\site-packages\django\db\backends\sqlite3\base.py", line 329, in execute
    return super().execute(query, params)
           ^^^^^^^^^^^^^^^^^^^^^^^^^^^^^^
django.db.utils.OperationalError: database is locked
ERROR 2025-10-08 13:48:48,079 basehttp 9996 9424 "GET /stock-declaration/api/notifications/ HTTP/1.1" 500 167700
INFO 2025-10-08 13:48:50,015 basehttp 9996 9424 "GET /stock-declaration/ HTTP/1.1" 200 101646
INFO 2025-10-08 13:48:50,089 basehttp 9996 9424 "GET /stock-declaration/api/notifications/ HTTP/1.1" 200 272
INFO 2025-10-08 13:48:50,101 basehttp 9996 12516 "GET /docu-notification/api/notifications/ HTTP/1.1" 200 50
INFO 2025-10-08 13:48:50,122 basehttp 9996 13072 "GET /stock-declaration/api/chart-data/?time_range=month&stock_type=all HTTP/1.1" 200 2223
INFO 2025-10-08 13:48:55,828 basehttp 9996 13072 "GET /stock-declaration/ HTTP/1.1" 200 101646
INFO 2025-10-08 13:48:55,927 basehttp 9996 12516 "GET /docu-notification/api/notifications/ HTTP/1.1" 200 50
INFO 2025-10-08 13:48:55,961 basehttp 9996 13072 "GET /stock-declaration/api/notifications/ HTTP/1.1" 200 272
INFO 2025-10-08 13:48:55,982 basehttp 9996 9424 "GET /stock-declaration/api/chart-data/?time_range=month&stock_type=all HTTP/1.1" 200 2223
INFO 2025-10-08 13:48:57,452 basehttp 9996 9424 "GET /stock-declaration/ HTTP/1.1" 200 101646
INFO 2025-10-08 13:48:57,530 basehttp 9996 13072 "GET /docu-notification/api/notifications/ HTTP/1.1" 200 50
INFO 2025-10-08 13:48:57,554 basehttp 9996 12516 "GET /stock-declaration/api/chart-data/?time_range=month&stock_type=all HTTP/1.1" 200 2223
INFO 2025-10-08 13:48:57,564 basehttp 9996 9424 "GET /stock-declaration/api/notifications/ HTTP/1.1" 200 272
INFO 2025-10-08 13:48:58,505 basehttp 9996 9424 "GET /stock-declaration/ HTTP/1.1" 200 101646
INFO 2025-10-08 13:48:58,555 basehttp 9996 12516 "GET /docu-notification/api/notifications/ HTTP/1.1" 200 50
INFO 2025-10-08 13:48:58,592 basehttp 9996 13072 "GET /stock-declaration/api/chart-data/?time_range=month&stock_type=all HTTP/1.1" 200 2223
ERROR 2025-10-08 13:48:58,651 log 9996 9424 Internal Server Error: /stock-declaration/api/notifications/
Traceback (most recent call last):
  File "C:\Users\User\AppData\Local\Programs\Python\Python312\Lib\site-packages\django\db\backends\utils.py", line 105, in _execute
    return self.cursor.execute(sql, params)
           ^^^^^^^^^^^^^^^^^^^^^^^^^^^^^^^^
  File "C:\Users\User\AppData\Local\Programs\Python\Python312\Lib\site-packages\django\db\backends\sqlite3\base.py", line 329, in execute
    return super().execute(query, params)
           ^^^^^^^^^^^^^^^^^^^^^^^^^^^^^^
sqlite3.OperationalError: database is locked

The above exception was the direct cause of the following exception:

Traceback (most recent call last):
  File "C:\Users\User\AppData\Local\Programs\Python\Python312\Lib\site-packages\django\core\handlers\exception.py", line 55, in inner
    response = get_response(request)
               ^^^^^^^^^^^^^^^^^^^^^
  File "C:\Users\User\Desktop\RPA\Website\PDN_Portal\pdnportal\chat\middleware.py", line 14, in __call__
    UserOnlineStatus.objects.update_or_create(
  File "C:\Users\User\AppData\Local\Programs\Python\Python312\Lib\site-packages\django\db\models\manager.py", line 87, in manager_method
    return getattr(self.get_queryset(), name)(*args, **kwargs)
           ^^^^^^^^^^^^^^^^^^^^^^^^^^^^^^^^^^^^^^^^^^^^^^^^^^^
  File "C:\Users\User\AppData\Local\Programs\Python\Python312\Lib\site-packages\django\db\models\query.py", line 1009, in update_or_create
    obj.save(using=self.db, update_fields=update_fields)
  File "C:\Users\User\AppData\Local\Programs\Python\Python312\Lib\site-packages\django\db\models\base.py", line 822, in save
    self.save_base(
  File "C:\Users\User\AppData\Local\Programs\Python\Python312\Lib\site-packages\django\db\models\base.py", line 909, in save_base
    updated = self._save_table(
              ^^^^^^^^^^^^^^^^^
  File "C:\Users\User\AppData\Local\Programs\Python\Python312\Lib\site-packages\django\db\models\base.py", line 1036, in _save_table
    updated = self._do_update(
              ^^^^^^^^^^^^^^^^
  File "C:\Users\User\AppData\Local\Programs\Python\Python312\Lib\site-packages\django\db\models\base.py", line 1101, in _do_update
    return filtered._update(values) > 0
           ^^^^^^^^^^^^^^^^^^^^^^^^
  File "C:\Users\User\AppData\Local\Programs\Python\Python312\Lib\site-packages\django\db\models\query.py", line 1278, in _update
    return query.get_compiler(self.db).execute_sql(CURSOR)
           ^^^^^^^^^^^^^^^^^^^^^^^^^^^^^^^^^^^^^^^^^^^^^^^
  File "C:\Users\User\AppData\Local\Programs\Python\Python312\Lib\site-packages\django\db\models\sql\compiler.py", line 1990, in execute_sql
    cursor = super().execute_sql(result_type)
             ^^^^^^^^^^^^^^^^^^^^^^^^^^^^^^^^
  File "C:\Users\User\AppData\Local\Programs\Python\Python312\Lib\site-packages\django\db\models\sql\compiler.py", line 1562, in execute_sql
    cursor.execute(sql, params)
  File "C:\Users\User\AppData\Local\Programs\Python\Python312\Lib\site-packages\django\db\backends\utils.py", line 122, in execute
    return super().execute(sql, params)
           ^^^^^^^^^^^^^^^^^^^^^^^^^^^^
  File "C:\Users\User\AppData\Local\Programs\Python\Python312\Lib\site-packages\django\db\backends\utils.py", line 79, in execute
    return self._execute_with_wrappers(
           ^^^^^^^^^^^^^^^^^^^^^^^^^^^^
  File "C:\Users\User\AppData\Local\Programs\Python\Python312\Lib\site-packages\django\db\backends\utils.py", line 92, in _execute_with_wrappers
    return executor(sql, params, many, context)
           ^^^^^^^^^^^^^^^^^^^^^^^^^^^^^^^^^^^^
  File "C:\Users\User\AppData\Local\Programs\Python\Python312\Lib\site-packages\django\db\backends\utils.py", line 100, in _execute
    with self.db.wrap_database_errors:
  File "C:\Users\User\AppData\Local\Programs\Python\Python312\Lib\site-packages\django\db\utils.py", line 91, in __exit__
    raise dj_exc_value.with_traceback(traceback) from exc_value
  File "C:\Users\User\AppData\Local\Programs\Python\Python312\Lib\site-packages\django\db\backends\utils.py", line 105, in _execute
    return self.cursor.execute(sql, params)
           ^^^^^^^^^^^^^^^^^^^^^^^^^^^^^^^^
  File "C:\Users\User\AppData\Local\Programs\Python\Python312\Lib\site-packages\django\db\backends\sqlite3\base.py", line 329, in execute
    return super().execute(query, params)
           ^^^^^^^^^^^^^^^^^^^^^^^^^^^^^^
django.db.utils.OperationalError: database is locked
ERROR 2025-10-08 13:48:58,657 basehttp 9996 9424 "GET /stock-declaration/api/notifications/ HTTP/1.1" 500 167700
INFO 2025-10-08 13:50:01,467 basehttp 9996 9424 "GET /stock-declaration/ HTTP/1.1" 200 101646
INFO 2025-10-08 13:50:01,573 basehttp 9996 9424 "GET /stock-declaration/api/notifications/ HTTP/1.1" 200 272
INFO 2025-10-08 13:50:01,599 basehttp 9996 12516 "GET /stock-declaration/api/chart-data/?time_range=month&stock_type=all HTTP/1.1" 200 2223
INFO 2025-10-08 13:50:01,609 basehttp 9996 13072 "GET /docu-notification/api/notifications/ HTTP/1.1" 200 50
INFO 2025-10-08 13:50:09,190 basehttp 9996 13072 "GET /stock-declaration/ HTTP/1.1" 200 101646
INFO 2025-10-08 13:50:09,281 basehttp 9996 13072 "GET /stock-declaration/api/notifications/ HTTP/1.1" 200 272
INFO 2025-10-08 13:50:09,327 basehttp 9996 9424 "GET /stock-declaration/api/chart-data/?time_range=month&stock_type=all HTTP/1.1" 200 2223
ERROR 2025-10-08 13:50:09,399 log 9996 12516 Internal Server Error: /docu-notification/api/notifications/
Traceback (most recent call last):
  File "C:\Users\User\AppData\Local\Programs\Python\Python312\Lib\site-packages\django\db\backends\utils.py", line 105, in _execute
    return self.cursor.execute(sql, params)
           ^^^^^^^^^^^^^^^^^^^^^^^^^^^^^^^^
  File "C:\Users\User\AppData\Local\Programs\Python\Python312\Lib\site-packages\django\db\backends\sqlite3\base.py", line 329, in execute
    return super().execute(query, params)
           ^^^^^^^^^^^^^^^^^^^^^^^^^^^^^^
sqlite3.OperationalError: database is locked

The above exception was the direct cause of the following exception:

Traceback (most recent call last):
  File "C:\Users\User\AppData\Local\Programs\Python\Python312\Lib\site-packages\django\core\handlers\exception.py", line 55, in inner
    response = get_response(request)
               ^^^^^^^^^^^^^^^^^^^^^
  File "C:\Users\User\Desktop\RPA\Website\PDN_Portal\pdnportal\chat\middleware.py", line 14, in __call__
    UserOnlineStatus.objects.update_or_create(
  File "C:\Users\User\AppData\Local\Programs\Python\Python312\Lib\site-packages\django\db\models\manager.py", line 87, in manager_method
    return getattr(self.get_queryset(), name)(*args, **kwargs)
           ^^^^^^^^^^^^^^^^^^^^^^^^^^^^^^^^^^^^^^^^^^^^^^^^^^^
  File "C:\Users\User\AppData\Local\Programs\Python\Python312\Lib\site-packages\django\db\models\query.py", line 1009, in update_or_create
    obj.save(using=self.db, update_fields=update_fields)
  File "C:\Users\User\AppData\Local\Programs\Python\Python312\Lib\site-packages\django\db\models\base.py", line 822, in save
    self.save_base(
  File "C:\Users\User\AppData\Local\Programs\Python\Python312\Lib\site-packages\django\db\models\base.py", line 909, in save_base
    updated = self._save_table(
              ^^^^^^^^^^^^^^^^^
  File "C:\Users\User\AppData\Local\Programs\Python\Python312\Lib\site-packages\django\db\models\base.py", line 1036, in _save_table
    updated = self._do_update(
              ^^^^^^^^^^^^^^^^
  File "C:\Users\User\AppData\Local\Programs\Python\Python312\Lib\site-packages\django\db\models\base.py", line 1101, in _do_update
    return filtered._update(values) > 0
           ^^^^^^^^^^^^^^^^^^^^^^^^
  File "C:\Users\User\AppData\Local\Programs\Python\Python312\Lib\site-packages\django\db\models\query.py", line 1278, in _update
    return query.get_compiler(self.db).execute_sql(CURSOR)
           ^^^^^^^^^^^^^^^^^^^^^^^^^^^^^^^^^^^^^^^^^^^^^^^
  File "C:\Users\User\AppData\Local\Programs\Python\Python312\Lib\site-packages\django\db\models\sql\compiler.py", line 1990, in execute_sql
    cursor = super().execute_sql(result_type)
             ^^^^^^^^^^^^^^^^^^^^^^^^^^^^^^^^
  File "C:\Users\User\AppData\Local\Programs\Python\Python312\Lib\site-packages\django\db\models\sql\compiler.py", line 1562, in execute_sql
    cursor.execute(sql, params)
  File "C:\Users\User\AppData\Local\Programs\Python\Python312\Lib\site-packages\django\db\backends\utils.py", line 122, in execute
    return super().execute(sql, params)
           ^^^^^^^^^^^^^^^^^^^^^^^^^^^^
  File "C:\Users\User\AppData\Local\Programs\Python\Python312\Lib\site-packages\django\db\backends\utils.py", line 79, in execute
    return self._execute_with_wrappers(
           ^^^^^^^^^^^^^^^^^^^^^^^^^^^^
  File "C:\Users\User\AppData\Local\Programs\Python\Python312\Lib\site-packages\django\db\backends\utils.py", line 92, in _execute_with_wrappers
    return executor(sql, params, many, context)
           ^^^^^^^^^^^^^^^^^^^^^^^^^^^^^^^^^^^^
  File "C:\Users\User\AppData\Local\Programs\Python\Python312\Lib\site-packages\django\db\backends\utils.py", line 100, in _execute
    with self.db.wrap_database_errors:
  File "C:\Users\User\AppData\Local\Programs\Python\Python312\Lib\site-packages\django\db\utils.py", line 91, in __exit__
    raise dj_exc_value.with_traceback(traceback) from exc_value
  File "C:\Users\User\AppData\Local\Programs\Python\Python312\Lib\site-packages\django\db\backends\utils.py", line 105, in _execute
    return self.cursor.execute(sql, params)
           ^^^^^^^^^^^^^^^^^^^^^^^^^^^^^^^^
  File "C:\Users\User\AppData\Local\Programs\Python\Python312\Lib\site-packages\django\db\backends\sqlite3\base.py", line 329, in execute
    return super().execute(query, params)
           ^^^^^^^^^^^^^^^^^^^^^^^^^^^^^^
django.db.utils.OperationalError: database is locked
ERROR 2025-10-08 13:50:09,399 basehttp 9996 12516 "GET /docu-notification/api/notifications/ HTTP/1.1" 500 167700
INFO 2025-10-08 13:50:28,372 basehttp 9996 12516 "GET /overview/overview HTTP/1.1" 200 61914
INFO 2025-10-08 13:50:28,564 basehttp 9996 13072 "GET /overview/api/layout/ HTTP/1.1" 200 566
INFO 2025-10-08 13:50:28,598 basehttp 9996 9424 "GET /docu-notification/api/notifications/ HTTP/1.1" 200 50
INFO 2025-10-08 13:50:28,660 basehttp 9996 13072 "GET /overview/api/notes/widget-1748043771086-564/ HTTP/1.1" 200 13
INFO 2025-10-08 13:50:28,704 basehttp 9996 13072 "POST /overview/api/layout/save/ HTTP/1.1" 200 21
INFO 2025-10-08 13:50:28,747 basehttp 9996 9424 "GET /dcf/api/requestor-chart-data/6month/ HTTP/1.1" 200 2956
ERROR 2025-10-08 13:50:28,914 log 9996 12516 Internal Server Error: /stock-declaration/api/notifications/
Traceback (most recent call last):
  File "C:\Users\User\AppData\Local\Programs\Python\Python312\Lib\site-packages\django\db\backends\utils.py", line 105, in _execute
    return self.cursor.execute(sql, params)
           ^^^^^^^^^^^^^^^^^^^^^^^^^^^^^^^^
  File "C:\Users\User\AppData\Local\Programs\Python\Python312\Lib\site-packages\django\db\backends\sqlite3\base.py", line 329, in execute
    return super().execute(query, params)
           ^^^^^^^^^^^^^^^^^^^^^^^^^^^^^^
sqlite3.OperationalError: database is locked

The above exception was the direct cause of the following exception:

Traceback (most recent call last):
  File "C:\Users\User\AppData\Local\Programs\Python\Python312\Lib\site-packages\django\core\handlers\exception.py", line 55, in inner
    response = get_response(request)
               ^^^^^^^^^^^^^^^^^^^^^
  File "C:\Users\User\Desktop\RPA\Website\PDN_Portal\pdnportal\chat\middleware.py", line 14, in __call__
    UserOnlineStatus.objects.update_or_create(
  File "C:\Users\User\AppData\Local\Programs\Python\Python312\Lib\site-packages\django\db\models\manager.py", line 87, in manager_method
    return getattr(self.get_queryset(), name)(*args, **kwargs)
           ^^^^^^^^^^^^^^^^^^^^^^^^^^^^^^^^^^^^^^^^^^^^^^^^^^^
  File "C:\Users\User\AppData\Local\Programs\Python\Python312\Lib\site-packages\django\db\models\query.py", line 1009, in update_or_create
    obj.save(using=self.db, update_fields=update_fields)
  File "C:\Users\User\AppData\Local\Programs\Python\Python312\Lib\site-packages\django\db\models\base.py", line 822, in save
    self.save_base(
  File "C:\Users\User\AppData\Local\Programs\Python\Python312\Lib\site-packages\django\db\models\base.py", line 909, in save_base
    updated = self._save_table(
              ^^^^^^^^^^^^^^^^^
  File "C:\Users\User\AppData\Local\Programs\Python\Python312\Lib\site-packages\django\db\models\base.py", line 1036, in _save_table
    updated = self._do_update(
              ^^^^^^^^^^^^^^^^
  File "C:\Users\User\AppData\Local\Programs\Python\Python312\Lib\site-packages\django\db\models\base.py", line 1101, in _do_update
    return filtered._update(values) > 0
           ^^^^^^^^^^^^^^^^^^^^^^^^
  File "C:\Users\User\AppData\Local\Programs\Python\Python312\Lib\site-packages\django\db\models\query.py", line 1278, in _update
    return query.get_compiler(self.db).execute_sql(CURSOR)
           ^^^^^^^^^^^^^^^^^^^^^^^^^^^^^^^^^^^^^^^^^^^^^^^
  File "C:\Users\User\AppData\Local\Programs\Python\Python312\Lib\site-packages\django\db\models\sql\compiler.py", line 1990, in execute_sql
    cursor = super().execute_sql(result_type)
             ^^^^^^^^^^^^^^^^^^^^^^^^^^^^^^^^
  File "C:\Users\User\AppData\Local\Programs\Python\Python312\Lib\site-packages\django\db\models\sql\compiler.py", line 1562, in execute_sql
    cursor.execute(sql, params)
  File "C:\Users\User\AppData\Local\Programs\Python\Python312\Lib\site-packages\django\db\backends\utils.py", line 122, in execute
    return super().execute(sql, params)
           ^^^^^^^^^^^^^^^^^^^^^^^^^^^^
  File "C:\Users\User\AppData\Local\Programs\Python\Python312\Lib\site-packages\django\db\backends\utils.py", line 79, in execute
    return self._execute_with_wrappers(
           ^^^^^^^^^^^^^^^^^^^^^^^^^^^^
  File "C:\Users\User\AppData\Local\Programs\Python\Python312\Lib\site-packages\django\db\backends\utils.py", line 92, in _execute_with_wrappers
    return executor(sql, params, many, context)
           ^^^^^^^^^^^^^^^^^^^^^^^^^^^^^^^^^^^^
  File "C:\Users\User\AppData\Local\Programs\Python\Python312\Lib\site-packages\django\db\backends\utils.py", line 100, in _execute
    with self.db.wrap_database_errors:
  File "C:\Users\User\AppData\Local\Programs\Python\Python312\Lib\site-packages\django\db\utils.py", line 91, in __exit__
    raise dj_exc_value.with_traceback(traceback) from exc_value
  File "C:\Users\User\AppData\Local\Programs\Python\Python312\Lib\site-packages\django\db\backends\utils.py", line 105, in _execute
    return self.cursor.execute(sql, params)
           ^^^^^^^^^^^^^^^^^^^^^^^^^^^^^^^^
  File "C:\Users\User\AppData\Local\Programs\Python\Python312\Lib\site-packages\django\db\backends\sqlite3\base.py", line 329, in execute
    return super().execute(query, params)
           ^^^^^^^^^^^^^^^^^^^^^^^^^^^^^^
django.db.utils.OperationalError: database is locked
ERROR 2025-10-08 13:50:28,920 log 9996 2096 Internal Server Error: /overview/api/calendar/widget-1748043771087-570/
Traceback (most recent call last):
  File "C:\Users\User\AppData\Local\Programs\Python\Python312\Lib\site-packages\django\db\backends\utils.py", line 105, in _execute
    return self.cursor.execute(sql, params)
           ^^^^^^^^^^^^^^^^^^^^^^^^^^^^^^^^
  File "C:\Users\User\AppData\Local\Programs\Python\Python312\Lib\site-packages\django\db\backends\sqlite3\base.py", line 329, in execute
    return super().execute(query, params)
           ^^^^^^^^^^^^^^^^^^^^^^^^^^^^^^
sqlite3.OperationalError: database is locked

The above exception was the direct cause of the following exception:

Traceback (most recent call last):
  File "C:\Users\User\AppData\Local\Programs\Python\Python312\Lib\site-packages\django\core\handlers\exception.py", line 55, in inner
    response = get_response(request)
               ^^^^^^^^^^^^^^^^^^^^^
  File "C:\Users\User\Desktop\RPA\Website\PDN_Portal\pdnportal\chat\middleware.py", line 14, in __call__
    UserOnlineStatus.objects.update_or_create(
  File "C:\Users\User\AppData\Local\Programs\Python\Python312\Lib\site-packages\django\db\models\manager.py", line 87, in manager_method
    return getattr(self.get_queryset(), name)(*args, **kwargs)
           ^^^^^^^^^^^^^^^^^^^^^^^^^^^^^^^^^^^^^^^^^^^^^^^^^^^
  File "C:\Users\User\AppData\Local\Programs\Python\Python312\Lib\site-packages\django\db\models\query.py", line 1009, in update_or_create
    obj.save(using=self.db, update_fields=update_fields)
  File "C:\Users\User\AppData\Local\Programs\Python\Python312\Lib\site-packages\django\db\models\base.py", line 822, in save
    self.save_base(
  File "C:\Users\User\AppData\Local\Programs\Python\Python312\Lib\site-packages\django\db\models\base.py", line 909, in save_base
    updated = self._save_table(
              ^^^^^^^^^^^^^^^^^
  File "C:\Users\User\AppData\Local\Programs\Python\Python312\Lib\site-packages\django\db\models\base.py", line 1036, in _save_table
    updated = self._do_update(
              ^^^^^^^^^^^^^^^^
  File "C:\Users\User\AppData\Local\Programs\Python\Python312\Lib\site-packages\django\db\models\base.py", line 1101, in _do_update
    return filtered._update(values) > 0
           ^^^^^^^^^^^^^^^^^^^^^^^^
  File "C:\Users\User\AppData\Local\Programs\Python\Python312\Lib\site-packages\django\db\models\query.py", line 1278, in _update
    return query.get_compiler(self.db).execute_sql(CURSOR)
           ^^^^^^^^^^^^^^^^^^^^^^^^^^^^^^^^^^^^^^^^^^^^^^^
  File "C:\Users\User\AppData\Local\Programs\Python\Python312\Lib\site-packages\django\db\models\sql\compiler.py", line 1990, in execute_sql
    cursor = super().execute_sql(result_type)
             ^^^^^^^^^^^^^^^^^^^^^^^^^^^^^^^^
  File "C:\Users\User\AppData\Local\Programs\Python\Python312\Lib\site-packages\django\db\models\sql\compiler.py", line 1562, in execute_sql
    cursor.execute(sql, params)
  File "C:\Users\User\AppData\Local\Programs\Python\Python312\Lib\site-packages\django\db\backends\utils.py", line 122, in execute
    return super().execute(sql, params)
           ^^^^^^^^^^^^^^^^^^^^^^^^^^^^
  File "C:\Users\User\AppData\Local\Programs\Python\Python312\Lib\site-packages\django\db\backends\utils.py", line 79, in execute
    return self._execute_with_wrappers(
           ^^^^^^^^^^^^^^^^^^^^^^^^^^^^
  File "C:\Users\User\AppData\Local\Programs\Python\Python312\Lib\site-packages\django\db\backends\utils.py", line 92, in _execute_with_wrappers
    return executor(sql, params, many, context)
           ^^^^^^^^^^^^^^^^^^^^^^^^^^^^^^^^^^^^
  File "C:\Users\User\AppData\Local\Programs\Python\Python312\Lib\site-packages\django\db\backends\utils.py", line 100, in _execute
    with self.db.wrap_database_errors:
  File "C:\Users\User\AppData\Local\Programs\Python\Python312\Lib\site-packages\django\db\utils.py", line 91, in __exit__
    raise dj_exc_value.with_traceback(traceback) from exc_value
  File "C:\Users\User\AppData\Local\Programs\Python\Python312\Lib\site-packages\django\db\backends\utils.py", line 105, in _execute
    return self.cursor.execute(sql, params)
           ^^^^^^^^^^^^^^^^^^^^^^^^^^^^^^^^
  File "C:\Users\User\AppData\Local\Programs\Python\Python312\Lib\site-packages\django\db\backends\sqlite3\base.py", line 329, in execute
    return super().execute(query, params)
           ^^^^^^^^^^^^^^^^^^^^^^^^^^^^^^
django.db.utils.OperationalError: database is locked
ERROR 2025-10-08 13:50:28,941 basehttp 9996 12516 "GET /stock-declaration/api/notifications/ HTTP/1.1" 500 167699
ERROR 2025-10-08 13:50:28,961 basehttp 9996 2096 "GET /overview/api/calendar/widget-1748043771087-570/ HTTP/1.1" 500 167786
ERROR 2025-10-08 13:50:29,013 log 9996 28224 Internal Server Error: /manhours/chart-data/
Traceback (most recent call last):
  File "C:\Users\User\AppData\Local\Programs\Python\Python312\Lib\site-packages\django\db\backends\utils.py", line 105, in _execute
    return self.cursor.execute(sql, params)
           ^^^^^^^^^^^^^^^^^^^^^^^^^^^^^^^^
  File "C:\Users\User\AppData\Local\Programs\Python\Python312\Lib\site-packages\django\db\backends\sqlite3\base.py", line 329, in execute
    return super().execute(query, params)
           ^^^^^^^^^^^^^^^^^^^^^^^^^^^^^^
sqlite3.OperationalError: database is locked

The above exception was the direct cause of the following exception:

Traceback (most recent call last):
  File "C:\Users\User\AppData\Local\Programs\Python\Python312\Lib\site-packages\django\core\handlers\exception.py", line 55, in inner
    response = get_response(request)
               ^^^^^^^^^^^^^^^^^^^^^
  File "C:\Users\User\Desktop\RPA\Website\PDN_Portal\pdnportal\chat\middleware.py", line 14, in __call__
    UserOnlineStatus.objects.update_or_create(
  File "C:\Users\User\AppData\Local\Programs\Python\Python312\Lib\site-packages\django\db\models\manager.py", line 87, in manager_method
    return getattr(self.get_queryset(), name)(*args, **kwargs)
           ^^^^^^^^^^^^^^^^^^^^^^^^^^^^^^^^^^^^^^^^^^^^^^^^^^^
  File "C:\Users\User\AppData\Local\Programs\Python\Python312\Lib\site-packages\django\db\models\query.py", line 1009, in update_or_create
    obj.save(using=self.db, update_fields=update_fields)
  File "C:\Users\User\AppData\Local\Programs\Python\Python312\Lib\site-packages\django\db\models\base.py", line 822, in save
    self.save_base(
  File "C:\Users\User\AppData\Local\Programs\Python\Python312\Lib\site-packages\django\db\models\base.py", line 909, in save_base
    updated = self._save_table(
              ^^^^^^^^^^^^^^^^^
  File "C:\Users\User\AppData\Local\Programs\Python\Python312\Lib\site-packages\django\db\models\base.py", line 1036, in _save_table
    updated = self._do_update(
              ^^^^^^^^^^^^^^^^
  File "C:\Users\User\AppData\Local\Programs\Python\Python312\Lib\site-packages\django\db\models\base.py", line 1101, in _do_update
    return filtered._update(values) > 0
           ^^^^^^^^^^^^^^^^^^^^^^^^
  File "C:\Users\User\AppData\Local\Programs\Python\Python312\Lib\site-packages\django\db\models\query.py", line 1278, in _update
    return query.get_compiler(self.db).execute_sql(CURSOR)
           ^^^^^^^^^^^^^^^^^^^^^^^^^^^^^^^^^^^^^^^^^^^^^^^
  File "C:\Users\User\AppData\Local\Programs\Python\Python312\Lib\site-packages\django\db\models\sql\compiler.py", line 1990, in execute_sql
    cursor = super().execute_sql(result_type)
             ^^^^^^^^^^^^^^^^^^^^^^^^^^^^^^^^
  File "C:\Users\User\AppData\Local\Programs\Python\Python312\Lib\site-packages\django\db\models\sql\compiler.py", line 1562, in execute_sql
    cursor.execute(sql, params)
  File "C:\Users\User\AppData\Local\Programs\Python\Python312\Lib\site-packages\django\db\backends\utils.py", line 122, in execute
    return super().execute(sql, params)
           ^^^^^^^^^^^^^^^^^^^^^^^^^^^^
  File "C:\Users\User\AppData\Local\Programs\Python\Python312\Lib\site-packages\django\db\backends\utils.py", line 79, in execute
    return self._execute_with_wrappers(
           ^^^^^^^^^^^^^^^^^^^^^^^^^^^^
  File "C:\Users\User\AppData\Local\Programs\Python\Python312\Lib\site-packages\django\db\backends\utils.py", line 92, in _execute_with_wrappers
    return executor(sql, params, many, context)
           ^^^^^^^^^^^^^^^^^^^^^^^^^^^^^^^^^^^^
  File "C:\Users\User\AppData\Local\Programs\Python\Python312\Lib\site-packages\django\db\backends\utils.py", line 100, in _execute
    with self.db.wrap_database_errors:
  File "C:\Users\User\AppData\Local\Programs\Python\Python312\Lib\site-packages\django\db\utils.py", line 91, in __exit__
    raise dj_exc_value.with_traceback(traceback) from exc_value
  File "C:\Users\User\AppData\Local\Programs\Python\Python312\Lib\site-packages\django\db\backends\utils.py", line 105, in _execute
    return self.cursor.execute(sql, params)
           ^^^^^^^^^^^^^^^^^^^^^^^^^^^^^^^^
  File "C:\Users\User\AppData\Local\Programs\Python\Python312\Lib\site-packages\django\db\backends\sqlite3\base.py", line 329, in execute
    return super().execute(query, params)
           ^^^^^^^^^^^^^^^^^^^^^^^^^^^^^^
django.db.utils.OperationalError: database is locked
ERROR 2025-10-08 13:50:29,026 log 9996 26316 Internal Server Error: /joborder/chart-data/6month/
Traceback (most recent call last):
  File "C:\Users\User\AppData\Local\Programs\Python\Python312\Lib\site-packages\django\db\backends\utils.py", line 105, in _execute
    return self.cursor.execute(sql, params)
           ^^^^^^^^^^^^^^^^^^^^^^^^^^^^^^^^
  File "C:\Users\User\AppData\Local\Programs\Python\Python312\Lib\site-packages\django\db\backends\sqlite3\base.py", line 329, in execute
    return super().execute(query, params)
           ^^^^^^^^^^^^^^^^^^^^^^^^^^^^^^
sqlite3.OperationalError: database is locked

The above exception was the direct cause of the following exception:

Traceback (most recent call last):
  File "C:\Users\User\AppData\Local\Programs\Python\Python312\Lib\site-packages\django\core\handlers\exception.py", line 55, in inner
    response = get_response(request)
               ^^^^^^^^^^^^^^^^^^^^^
  File "C:\Users\User\Desktop\RPA\Website\PDN_Portal\pdnportal\chat\middleware.py", line 14, in __call__
    UserOnlineStatus.objects.update_or_create(
  File "C:\Users\User\AppData\Local\Programs\Python\Python312\Lib\site-packages\django\db\models\manager.py", line 87, in manager_method
    return getattr(self.get_queryset(), name)(*args, **kwargs)
           ^^^^^^^^^^^^^^^^^^^^^^^^^^^^^^^^^^^^^^^^^^^^^^^^^^^
  File "C:\Users\User\AppData\Local\Programs\Python\Python312\Lib\site-packages\django\db\models\query.py", line 1009, in update_or_create
    obj.save(using=self.db, update_fields=update_fields)
  File "C:\Users\User\AppData\Local\Programs\Python\Python312\Lib\site-packages\django\db\models\base.py", line 822, in save
    self.save_base(
  File "C:\Users\User\AppData\Local\Programs\Python\Python312\Lib\site-packages\django\db\models\base.py", line 909, in save_base
    updated = self._save_table(
              ^^^^^^^^^^^^^^^^^
  File "C:\Users\User\AppData\Local\Programs\Python\Python312\Lib\site-packages\django\db\models\base.py", line 1036, in _save_table
    updated = self._do_update(
              ^^^^^^^^^^^^^^^^
  File "C:\Users\User\AppData\Local\Programs\Python\Python312\Lib\site-packages\django\db\models\base.py", line 1101, in _do_update
    return filtered._update(values) > 0
           ^^^^^^^^^^^^^^^^^^^^^^^^
  File "C:\Users\User\AppData\Local\Programs\Python\Python312\Lib\site-packages\django\db\models\query.py", line 1278, in _update
    return query.get_compiler(self.db).execute_sql(CURSOR)
           ^^^^^^^^^^^^^^^^^^^^^^^^^^^^^^^^^^^^^^^^^^^^^^^
  File "C:\Users\User\AppData\Local\Programs\Python\Python312\Lib\site-packages\django\db\models\sql\compiler.py", line 1990, in execute_sql
    cursor = super().execute_sql(result_type)
             ^^^^^^^^^^^^^^^^^^^^^^^^^^^^^^^^
  File "C:\Users\User\AppData\Local\Programs\Python\Python312\Lib\site-packages\django\db\models\sql\compiler.py", line 1562, in execute_sql
    cursor.execute(sql, params)
  File "C:\Users\User\AppData\Local\Programs\Python\Python312\Lib\site-packages\django\db\backends\utils.py", line 122, in execute
    return super().execute(sql, params)
           ^^^^^^^^^^^^^^^^^^^^^^^^^^^^
  File "C:\Users\User\AppData\Local\Programs\Python\Python312\Lib\site-packages\django\db\backends\utils.py", line 79, in execute
    return self._execute_with_wrappers(
           ^^^^^^^^^^^^^^^^^^^^^^^^^^^^
  File "C:\Users\User\AppData\Local\Programs\Python\Python312\Lib\site-packages\django\db\backends\utils.py", line 92, in _execute_with_wrappers
    return executor(sql, params, many, context)
           ^^^^^^^^^^^^^^^^^^^^^^^^^^^^^^^^^^^^
  File "C:\Users\User\AppData\Local\Programs\Python\Python312\Lib\site-packages\django\db\backends\utils.py", line 100, in _execute
    with self.db.wrap_database_errors:
  File "C:\Users\User\AppData\Local\Programs\Python\Python312\Lib\site-packages\django\db\utils.py", line 91, in __exit__
    raise dj_exc_value.with_traceback(traceback) from exc_value
  File "C:\Users\User\AppData\Local\Programs\Python\Python312\Lib\site-packages\django\db\backends\utils.py", line 105, in _execute
    return self.cursor.execute(sql, params)
           ^^^^^^^^^^^^^^^^^^^^^^^^^^^^^^^^
  File "C:\Users\User\AppData\Local\Programs\Python\Python312\Lib\site-packages\django\db\backends\sqlite3\base.py", line 329, in execute
    return super().execute(query, params)
           ^^^^^^^^^^^^^^^^^^^^^^^^^^^^^^
django.db.utils.OperationalError: database is locked
ERROR 2025-10-08 13:50:29,042 basehttp 9996 28224 "GET /manhours/chart-data/ HTTP/1.1" 500 167538
ERROR 2025-10-08 13:50:29,045 basehttp 9996 26316 "GET /joborder/chart-data/6month/ HTTP/1.1" 500 167607
INFO 2025-10-08 13:50:29,082 basehttp 9996 28224 "GET /joborder/chart-data/6month/ HTTP/1.1" 200 231
INFO 2025-10-08 13:51:04,785 autoreload 9996 27840 C:\Users\User\Desktop\RPA\Website\PDN_Portal\pdnportal\stockdeclaration\views.py changed, reloading.
INFO 2025-10-08 13:51:05,506 autoreload 6952 24300 Watching for file changes with StatReloader
INFO 2025-10-08 13:52:59,998 basehttp 6952 27912 "GET /stock-declaration/ HTTP/1.1" 200 101646
INFO 2025-10-08 13:53:00,101 basehttp 6952 2060 "GET /stock-declaration/api/chart-data/?time_range=month&stock_type=all HTTP/1.1" 200 2223
INFO 2025-10-08 13:53:00,125 basehttp 6952 27912 "GET /stock-declaration/api/notifications/ HTTP/1.1" 200 272
INFO 2025-10-08 13:53:00,135 basehttp 6952 15488 "GET /docu-notification/api/notifications/ HTTP/1.1" 200 50
INFO 2025-10-08 13:53:06,472 basehttp 6952 15488 "POST /stock-declaration/receive/18/ HTTP/1.1" 200 236
INFO 2025-10-08 13:53:10,586 basehttp 6952 15488 "GET /stock-declaration/ HTTP/1.1" 200 92374
INFO 2025-10-08 13:53:10,673 basehttp 6952 27912 "GET /docu-notification/api/notifications/ HTTP/1.1" 200 50
INFO 2025-10-08 13:53:10,704 basehttp 6952 2060 "GET /stock-declaration/api/chart-data/?time_range=month&stock_type=all HTTP/1.1" 200 2223
ERROR 2025-10-08 13:53:10,755 log 6952 15488 Internal Server Error: /stock-declaration/api/notifications/
Traceback (most recent call last):
  File "C:\Users\User\AppData\Local\Programs\Python\Python312\Lib\site-packages\django\db\backends\utils.py", line 105, in _execute
    return self.cursor.execute(sql, params)
           ^^^^^^^^^^^^^^^^^^^^^^^^^^^^^^^^
  File "C:\Users\User\AppData\Local\Programs\Python\Python312\Lib\site-packages\django\db\backends\sqlite3\base.py", line 329, in execute
    return super().execute(query, params)
           ^^^^^^^^^^^^^^^^^^^^^^^^^^^^^^
sqlite3.OperationalError: database is locked

The above exception was the direct cause of the following exception:

Traceback (most recent call last):
  File "C:\Users\User\AppData\Local\Programs\Python\Python312\Lib\site-packages\django\core\handlers\exception.py", line 55, in inner
    response = get_response(request)
               ^^^^^^^^^^^^^^^^^^^^^
  File "C:\Users\User\Desktop\RPA\Website\PDN_Portal\pdnportal\chat\middleware.py", line 14, in __call__
    UserOnlineStatus.objects.update_or_create(
  File "C:\Users\User\AppData\Local\Programs\Python\Python312\Lib\site-packages\django\db\models\manager.py", line 87, in manager_method
    return getattr(self.get_queryset(), name)(*args, **kwargs)
           ^^^^^^^^^^^^^^^^^^^^^^^^^^^^^^^^^^^^^^^^^^^^^^^^^^^
  File "C:\Users\User\AppData\Local\Programs\Python\Python312\Lib\site-packages\django\db\models\query.py", line 1009, in update_or_create
    obj.save(using=self.db, update_fields=update_fields)
  File "C:\Users\User\AppData\Local\Programs\Python\Python312\Lib\site-packages\django\db\models\base.py", line 822, in save
    self.save_base(
  File "C:\Users\User\AppData\Local\Programs\Python\Python312\Lib\site-packages\django\db\models\base.py", line 909, in save_base
    updated = self._save_table(
              ^^^^^^^^^^^^^^^^^
  File "C:\Users\User\AppData\Local\Programs\Python\Python312\Lib\site-packages\django\db\models\base.py", line 1036, in _save_table
    updated = self._do_update(
              ^^^^^^^^^^^^^^^^
  File "C:\Users\User\AppData\Local\Programs\Python\Python312\Lib\site-packages\django\db\models\base.py", line 1101, in _do_update
    return filtered._update(values) > 0
           ^^^^^^^^^^^^^^^^^^^^^^^^
  File "C:\Users\User\AppData\Local\Programs\Python\Python312\Lib\site-packages\django\db\models\query.py", line 1278, in _update
    return query.get_compiler(self.db).execute_sql(CURSOR)
           ^^^^^^^^^^^^^^^^^^^^^^^^^^^^^^^^^^^^^^^^^^^^^^^
  File "C:\Users\User\AppData\Local\Programs\Python\Python312\Lib\site-packages\django\db\models\sql\compiler.py", line 1990, in execute_sql
    cursor = super().execute_sql(result_type)
             ^^^^^^^^^^^^^^^^^^^^^^^^^^^^^^^^
  File "C:\Users\User\AppData\Local\Programs\Python\Python312\Lib\site-packages\django\db\models\sql\compiler.py", line 1562, in execute_sql
    cursor.execute(sql, params)
  File "C:\Users\User\AppData\Local\Programs\Python\Python312\Lib\site-packages\django\db\backends\utils.py", line 122, in execute
    return super().execute(sql, params)
           ^^^^^^^^^^^^^^^^^^^^^^^^^^^^
  File "C:\Users\User\AppData\Local\Programs\Python\Python312\Lib\site-packages\django\db\backends\utils.py", line 79, in execute
    return self._execute_with_wrappers(
           ^^^^^^^^^^^^^^^^^^^^^^^^^^^^
  File "C:\Users\User\AppData\Local\Programs\Python\Python312\Lib\site-packages\django\db\backends\utils.py", line 92, in _execute_with_wrappers
    return executor(sql, params, many, context)
           ^^^^^^^^^^^^^^^^^^^^^^^^^^^^^^^^^^^^
  File "C:\Users\User\AppData\Local\Programs\Python\Python312\Lib\site-packages\django\db\backends\utils.py", line 100, in _execute
    with self.db.wrap_database_errors:
  File "C:\Users\User\AppData\Local\Programs\Python\Python312\Lib\site-packages\django\db\utils.py", line 91, in __exit__
    raise dj_exc_value.with_traceback(traceback) from exc_value
  File "C:\Users\User\AppData\Local\Programs\Python\Python312\Lib\site-packages\django\db\backends\utils.py", line 105, in _execute
    return self.cursor.execute(sql, params)
           ^^^^^^^^^^^^^^^^^^^^^^^^^^^^^^^^
  File "C:\Users\User\AppData\Local\Programs\Python\Python312\Lib\site-packages\django\db\backends\sqlite3\base.py", line 329, in execute
    return super().execute(query, params)
           ^^^^^^^^^^^^^^^^^^^^^^^^^^^^^^
django.db.utils.OperationalError: database is locked
ERROR 2025-10-08 13:53:10,758 basehttp 6952 15488 "GET /stock-declaration/api/notifications/ HTTP/1.1" 500 167700
INFO 2025-10-08 13:53:11,734 basehttp 6952 15488 "GET /stock-declaration/ HTTP/1.1" 200 92374
INFO 2025-10-08 13:53:11,822 basehttp 6952 2060 "GET /docu-notification/api/notifications/ HTTP/1.1" 200 50
INFO 2025-10-08 13:53:11,867 basehttp 6952 27912 "GET /stock-declaration/api/chart-data/?time_range=month&stock_type=all HTTP/1.1" 200 2223
ERROR 2025-10-08 13:53:11,905 log 6952 15488 Internal Server Error: /stock-declaration/api/notifications/
Traceback (most recent call last):
  File "C:\Users\User\AppData\Local\Programs\Python\Python312\Lib\site-packages\django\db\backends\utils.py", line 105, in _execute
    return self.cursor.execute(sql, params)
           ^^^^^^^^^^^^^^^^^^^^^^^^^^^^^^^^
  File "C:\Users\User\AppData\Local\Programs\Python\Python312\Lib\site-packages\django\db\backends\sqlite3\base.py", line 329, in execute
    return super().execute(query, params)
           ^^^^^^^^^^^^^^^^^^^^^^^^^^^^^^
sqlite3.OperationalError: database is locked

The above exception was the direct cause of the following exception:

Traceback (most recent call last):
  File "C:\Users\User\AppData\Local\Programs\Python\Python312\Lib\site-packages\django\core\handlers\exception.py", line 55, in inner
    response = get_response(request)
               ^^^^^^^^^^^^^^^^^^^^^
  File "C:\Users\User\Desktop\RPA\Website\PDN_Portal\pdnportal\chat\middleware.py", line 14, in __call__
    UserOnlineStatus.objects.update_or_create(
  File "C:\Users\User\AppData\Local\Programs\Python\Python312\Lib\site-packages\django\db\models\manager.py", line 87, in manager_method
    return getattr(self.get_queryset(), name)(*args, **kwargs)
           ^^^^^^^^^^^^^^^^^^^^^^^^^^^^^^^^^^^^^^^^^^^^^^^^^^^
  File "C:\Users\User\AppData\Local\Programs\Python\Python312\Lib\site-packages\django\db\models\query.py", line 1009, in update_or_create
    obj.save(using=self.db, update_fields=update_fields)
  File "C:\Users\User\AppData\Local\Programs\Python\Python312\Lib\site-packages\django\db\models\base.py", line 822, in save
    self.save_base(
  File "C:\Users\User\AppData\Local\Programs\Python\Python312\Lib\site-packages\django\db\models\base.py", line 909, in save_base
    updated = self._save_table(
              ^^^^^^^^^^^^^^^^^
  File "C:\Users\User\AppData\Local\Programs\Python\Python312\Lib\site-packages\django\db\models\base.py", line 1036, in _save_table
    updated = self._do_update(
              ^^^^^^^^^^^^^^^^
  File "C:\Users\User\AppData\Local\Programs\Python\Python312\Lib\site-packages\django\db\models\base.py", line 1101, in _do_update
    return filtered._update(values) > 0
           ^^^^^^^^^^^^^^^^^^^^^^^^
  File "C:\Users\User\AppData\Local\Programs\Python\Python312\Lib\site-packages\django\db\models\query.py", line 1278, in _update
    return query.get_compiler(self.db).execute_sql(CURSOR)
           ^^^^^^^^^^^^^^^^^^^^^^^^^^^^^^^^^^^^^^^^^^^^^^^
  File "C:\Users\User\AppData\Local\Programs\Python\Python312\Lib\site-packages\django\db\models\sql\compiler.py", line 1990, in execute_sql
    cursor = super().execute_sql(result_type)
             ^^^^^^^^^^^^^^^^^^^^^^^^^^^^^^^^
  File "C:\Users\User\AppData\Local\Programs\Python\Python312\Lib\site-packages\django\db\models\sql\compiler.py", line 1562, in execute_sql
    cursor.execute(sql, params)
  File "C:\Users\User\AppData\Local\Programs\Python\Python312\Lib\site-packages\django\db\backends\utils.py", line 122, in execute
    return super().execute(sql, params)
           ^^^^^^^^^^^^^^^^^^^^^^^^^^^^
  File "C:\Users\User\AppData\Local\Programs\Python\Python312\Lib\site-packages\django\db\backends\utils.py", line 79, in execute
    return self._execute_with_wrappers(
           ^^^^^^^^^^^^^^^^^^^^^^^^^^^^
  File "C:\Users\User\AppData\Local\Programs\Python\Python312\Lib\site-packages\django\db\backends\utils.py", line 92, in _execute_with_wrappers
    return executor(sql, params, many, context)
           ^^^^^^^^^^^^^^^^^^^^^^^^^^^^^^^^^^^^
  File "C:\Users\User\AppData\Local\Programs\Python\Python312\Lib\site-packages\django\db\backends\utils.py", line 100, in _execute
    with self.db.wrap_database_errors:
  File "C:\Users\User\AppData\Local\Programs\Python\Python312\Lib\site-packages\django\db\utils.py", line 91, in __exit__
    raise dj_exc_value.with_traceback(traceback) from exc_value
  File "C:\Users\User\AppData\Local\Programs\Python\Python312\Lib\site-packages\django\db\backends\utils.py", line 105, in _execute
    return self.cursor.execute(sql, params)
           ^^^^^^^^^^^^^^^^^^^^^^^^^^^^^^^^
  File "C:\Users\User\AppData\Local\Programs\Python\Python312\Lib\site-packages\django\db\backends\sqlite3\base.py", line 329, in execute
    return super().execute(query, params)
           ^^^^^^^^^^^^^^^^^^^^^^^^^^^^^^
django.db.utils.OperationalError: database is locked
ERROR 2025-10-08 13:53:11,912 basehttp 6952 15488 "GET /stock-declaration/api/notifications/ HTTP/1.1" 500 167700
INFO 2025-10-08 13:53:16,311 basehttp 6952 15488 "GET /docu-notification/ HTTP/1.1" 200 59771
INFO 2025-10-08 13:53:16,350 basehttp 6952 15488 "GET /static/css/docunotification/docunotification.css HTTP/1.1" 304 0
INFO 2025-10-08 13:53:16,399 basehttp 6952 15488 "GET /stock-declaration/api/notifications/ HTTP/1.1" 200 50
ERROR 2025-10-08 13:53:16,451 log 6952 27912 Internal Server Error: /docu-notification/api/notifications/
Traceback (most recent call last):
  File "C:\Users\User\AppData\Local\Programs\Python\Python312\Lib\site-packages\django\db\backends\utils.py", line 105, in _execute
    return self.cursor.execute(sql, params)
           ^^^^^^^^^^^^^^^^^^^^^^^^^^^^^^^^
  File "C:\Users\User\AppData\Local\Programs\Python\Python312\Lib\site-packages\django\db\backends\sqlite3\base.py", line 329, in execute
    return super().execute(query, params)
           ^^^^^^^^^^^^^^^^^^^^^^^^^^^^^^
sqlite3.OperationalError: database is locked

The above exception was the direct cause of the following exception:

Traceback (most recent call last):
  File "C:\Users\User\AppData\Local\Programs\Python\Python312\Lib\site-packages\django\core\handlers\exception.py", line 55, in inner
    response = get_response(request)
               ^^^^^^^^^^^^^^^^^^^^^
  File "C:\Users\User\Desktop\RPA\Website\PDN_Portal\pdnportal\chat\middleware.py", line 14, in __call__
    UserOnlineStatus.objects.update_or_create(
  File "C:\Users\User\AppData\Local\Programs\Python\Python312\Lib\site-packages\django\db\models\manager.py", line 87, in manager_method
    return getattr(self.get_queryset(), name)(*args, **kwargs)
           ^^^^^^^^^^^^^^^^^^^^^^^^^^^^^^^^^^^^^^^^^^^^^^^^^^^
  File "C:\Users\User\AppData\Local\Programs\Python\Python312\Lib\site-packages\django\db\models\query.py", line 1009, in update_or_create
    obj.save(using=self.db, update_fields=update_fields)
  File "C:\Users\User\AppData\Local\Programs\Python\Python312\Lib\site-packages\django\db\models\base.py", line 822, in save
    self.save_base(
  File "C:\Users\User\AppData\Local\Programs\Python\Python312\Lib\site-packages\django\db\models\base.py", line 909, in save_base
    updated = self._save_table(
              ^^^^^^^^^^^^^^^^^
  File "C:\Users\User\AppData\Local\Programs\Python\Python312\Lib\site-packages\django\db\models\base.py", line 1036, in _save_table
    updated = self._do_update(
              ^^^^^^^^^^^^^^^^
  File "C:\Users\User\AppData\Local\Programs\Python\Python312\Lib\site-packages\django\db\models\base.py", line 1101, in _do_update
    return filtered._update(values) > 0
           ^^^^^^^^^^^^^^^^^^^^^^^^
  File "C:\Users\User\AppData\Local\Programs\Python\Python312\Lib\site-packages\django\db\models\query.py", line 1278, in _update
    return query.get_compiler(self.db).execute_sql(CURSOR)
           ^^^^^^^^^^^^^^^^^^^^^^^^^^^^^^^^^^^^^^^^^^^^^^^
  File "C:\Users\User\AppData\Local\Programs\Python\Python312\Lib\site-packages\django\db\models\sql\compiler.py", line 1990, in execute_sql
    cursor = super().execute_sql(result_type)
             ^^^^^^^^^^^^^^^^^^^^^^^^^^^^^^^^
  File "C:\Users\User\AppData\Local\Programs\Python\Python312\Lib\site-packages\django\db\models\sql\compiler.py", line 1562, in execute_sql
    cursor.execute(sql, params)
  File "C:\Users\User\AppData\Local\Programs\Python\Python312\Lib\site-packages\django\db\backends\utils.py", line 122, in execute
    return super().execute(sql, params)
           ^^^^^^^^^^^^^^^^^^^^^^^^^^^^
  File "C:\Users\User\AppData\Local\Programs\Python\Python312\Lib\site-packages\django\db\backends\utils.py", line 79, in execute
    return self._execute_with_wrappers(
           ^^^^^^^^^^^^^^^^^^^^^^^^^^^^
  File "C:\Users\User\AppData\Local\Programs\Python\Python312\Lib\site-packages\django\db\backends\utils.py", line 92, in _execute_with_wrappers
    return executor(sql, params, many, context)
           ^^^^^^^^^^^^^^^^^^^^^^^^^^^^^^^^^^^^
  File "C:\Users\User\AppData\Local\Programs\Python\Python312\Lib\site-packages\django\db\backends\utils.py", line 100, in _execute
    with self.db.wrap_database_errors:
  File "C:\Users\User\AppData\Local\Programs\Python\Python312\Lib\site-packages\django\db\utils.py", line 91, in __exit__
    raise dj_exc_value.with_traceback(traceback) from exc_value
  File "C:\Users\User\AppData\Local\Programs\Python\Python312\Lib\site-packages\django\db\backends\utils.py", line 105, in _execute
    return self.cursor.execute(sql, params)
           ^^^^^^^^^^^^^^^^^^^^^^^^^^^^^^^^
  File "C:\Users\User\AppData\Local\Programs\Python\Python312\Lib\site-packages\django\db\backends\sqlite3\base.py", line 329, in execute
    return super().execute(query, params)
           ^^^^^^^^^^^^^^^^^^^^^^^^^^^^^^
django.db.utils.OperationalError: database is locked
ERROR 2025-10-08 13:53:16,459 basehttp 6952 27912 "GET /docu-notification/api/notifications/ HTTP/1.1" 500 167703
INFO 2025-10-08 13:58:16,419 basehttp 6952 9476 "GET /stock-declaration/api/notifications/ HTTP/1.1" 200 50
ERROR 2025-10-08 13:58:16,467 log 6952 27264 Internal Server Error: /docu-notification/api/notifications/
Traceback (most recent call last):
  File "C:\Users\User\AppData\Local\Programs\Python\Python312\Lib\site-packages\django\db\backends\utils.py", line 105, in _execute
    return self.cursor.execute(sql, params)
           ^^^^^^^^^^^^^^^^^^^^^^^^^^^^^^^^
  File "C:\Users\User\AppData\Local\Programs\Python\Python312\Lib\site-packages\django\db\backends\sqlite3\base.py", line 329, in execute
    return super().execute(query, params)
           ^^^^^^^^^^^^^^^^^^^^^^^^^^^^^^
sqlite3.OperationalError: database is locked

The above exception was the direct cause of the following exception:

Traceback (most recent call last):
  File "C:\Users\User\AppData\Local\Programs\Python\Python312\Lib\site-packages\django\core\handlers\exception.py", line 55, in inner
    response = get_response(request)
               ^^^^^^^^^^^^^^^^^^^^^
  File "C:\Users\User\Desktop\RPA\Website\PDN_Portal\pdnportal\chat\middleware.py", line 14, in __call__
    UserOnlineStatus.objects.update_or_create(
  File "C:\Users\User\AppData\Local\Programs\Python\Python312\Lib\site-packages\django\db\models\manager.py", line 87, in manager_method
    return getattr(self.get_queryset(), name)(*args, **kwargs)
           ^^^^^^^^^^^^^^^^^^^^^^^^^^^^^^^^^^^^^^^^^^^^^^^^^^^
  File "C:\Users\User\AppData\Local\Programs\Python\Python312\Lib\site-packages\django\db\models\query.py", line 1009, in update_or_create
    obj.save(using=self.db, update_fields=update_fields)
  File "C:\Users\User\AppData\Local\Programs\Python\Python312\Lib\site-packages\django\db\models\base.py", line 822, in save
    self.save_base(
  File "C:\Users\User\AppData\Local\Programs\Python\Python312\Lib\site-packages\django\db\models\base.py", line 909, in save_base
    updated = self._save_table(
              ^^^^^^^^^^^^^^^^^
  File "C:\Users\User\AppData\Local\Programs\Python\Python312\Lib\site-packages\django\db\models\base.py", line 1036, in _save_table
    updated = self._do_update(
              ^^^^^^^^^^^^^^^^
  File "C:\Users\User\AppData\Local\Programs\Python\Python312\Lib\site-packages\django\db\models\base.py", line 1101, in _do_update
    return filtered._update(values) > 0
           ^^^^^^^^^^^^^^^^^^^^^^^^
  File "C:\Users\User\AppData\Local\Programs\Python\Python312\Lib\site-packages\django\db\models\query.py", line 1278, in _update
    return query.get_compiler(self.db).execute_sql(CURSOR)
           ^^^^^^^^^^^^^^^^^^^^^^^^^^^^^^^^^^^^^^^^^^^^^^^
  File "C:\Users\User\AppData\Local\Programs\Python\Python312\Lib\site-packages\django\db\models\sql\compiler.py", line 1990, in execute_sql
    cursor = super().execute_sql(result_type)
             ^^^^^^^^^^^^^^^^^^^^^^^^^^^^^^^^
  File "C:\Users\User\AppData\Local\Programs\Python\Python312\Lib\site-packages\django\db\models\sql\compiler.py", line 1562, in execute_sql
    cursor.execute(sql, params)
  File "C:\Users\User\AppData\Local\Programs\Python\Python312\Lib\site-packages\django\db\backends\utils.py", line 122, in execute
    return super().execute(sql, params)
           ^^^^^^^^^^^^^^^^^^^^^^^^^^^^
  File "C:\Users\User\AppData\Local\Programs\Python\Python312\Lib\site-packages\django\db\backends\utils.py", line 79, in execute
    return self._execute_with_wrappers(
           ^^^^^^^^^^^^^^^^^^^^^^^^^^^^
  File "C:\Users\User\AppData\Local\Programs\Python\Python312\Lib\site-packages\django\db\backends\utils.py", line 92, in _execute_with_wrappers
    return executor(sql, params, many, context)
           ^^^^^^^^^^^^^^^^^^^^^^^^^^^^^^^^^^^^
  File "C:\Users\User\AppData\Local\Programs\Python\Python312\Lib\site-packages\django\db\backends\utils.py", line 100, in _execute
    with self.db.wrap_database_errors:
  File "C:\Users\User\AppData\Local\Programs\Python\Python312\Lib\site-packages\django\db\utils.py", line 91, in __exit__
    raise dj_exc_value.with_traceback(traceback) from exc_value
  File "C:\Users\User\AppData\Local\Programs\Python\Python312\Lib\site-packages\django\db\backends\utils.py", line 105, in _execute
    return self.cursor.execute(sql, params)
           ^^^^^^^^^^^^^^^^^^^^^^^^^^^^^^^^
  File "C:\Users\User\AppData\Local\Programs\Python\Python312\Lib\site-packages\django\db\backends\sqlite3\base.py", line 329, in execute
    return super().execute(query, params)
           ^^^^^^^^^^^^^^^^^^^^^^^^^^^^^^
django.db.utils.OperationalError: database is locked
ERROR 2025-10-08 13:58:16,467 basehttp 6952 27264 "GET /docu-notification/api/notifications/ HTTP/1.1" 500 167703
INFO 2025-10-08 13:59:49,369 autoreload 6952 24300 C:\Users\User\Desktop\RPA\Website\PDN_Portal\pdnportal\stockdeclaration\views.py changed, reloading.
INFO 2025-10-08 13:59:50,155 autoreload 23396 20316 Watching for file changes with StatReloader
INFO 2025-10-08 14:10:44,717 basehttp 23396 25164 "GET /stock-declaration/api/notifications/ HTTP/1.1" 200 50
INFO 2025-10-08 14:10:44,790 basehttp 23396 10472 "GET /docu-notification/api/notifications/ HTTP/1.1" 200 50
INFO 2025-10-08 14:13:16,706 basehttp 23396 25164 "GET /docu-notification/api/notifications/ HTTP/1.1" 200 50
ERROR 2025-10-08 14:13:16,764 log 23396 10472 Internal Server Error: /stock-declaration/api/notifications/
Traceback (most recent call last):
  File "C:\Users\User\AppData\Local\Programs\Python\Python312\Lib\site-packages\django\db\backends\utils.py", line 105, in _execute
    return self.cursor.execute(sql, params)
           ^^^^^^^^^^^^^^^^^^^^^^^^^^^^^^^^
  File "C:\Users\User\AppData\Local\Programs\Python\Python312\Lib\site-packages\django\db\backends\sqlite3\base.py", line 329, in execute
    return super().execute(query, params)
           ^^^^^^^^^^^^^^^^^^^^^^^^^^^^^^
sqlite3.OperationalError: database is locked

The above exception was the direct cause of the following exception:

Traceback (most recent call last):
  File "C:\Users\User\AppData\Local\Programs\Python\Python312\Lib\site-packages\django\core\handlers\exception.py", line 55, in inner
    response = get_response(request)
               ^^^^^^^^^^^^^^^^^^^^^
  File "C:\Users\User\Desktop\RPA\Website\PDN_Portal\pdnportal\chat\middleware.py", line 14, in __call__
    UserOnlineStatus.objects.update_or_create(
  File "C:\Users\User\AppData\Local\Programs\Python\Python312\Lib\site-packages\django\db\models\manager.py", line 87, in manager_method
    return getattr(self.get_queryset(), name)(*args, **kwargs)
           ^^^^^^^^^^^^^^^^^^^^^^^^^^^^^^^^^^^^^^^^^^^^^^^^^^^
  File "C:\Users\User\AppData\Local\Programs\Python\Python312\Lib\site-packages\django\db\models\query.py", line 1009, in update_or_create
    obj.save(using=self.db, update_fields=update_fields)
  File "C:\Users\User\AppData\Local\Programs\Python\Python312\Lib\site-packages\django\db\models\base.py", line 822, in save
    self.save_base(
  File "C:\Users\User\AppData\Local\Programs\Python\Python312\Lib\site-packages\django\db\models\base.py", line 909, in save_base
    updated = self._save_table(
              ^^^^^^^^^^^^^^^^^
  File "C:\Users\User\AppData\Local\Programs\Python\Python312\Lib\site-packages\django\db\models\base.py", line 1036, in _save_table
    updated = self._do_update(
              ^^^^^^^^^^^^^^^^
  File "C:\Users\User\AppData\Local\Programs\Python\Python312\Lib\site-packages\django\db\models\base.py", line 1101, in _do_update
    return filtered._update(values) > 0
           ^^^^^^^^^^^^^^^^^^^^^^^^
  File "C:\Users\User\AppData\Local\Programs\Python\Python312\Lib\site-packages\django\db\models\query.py", line 1278, in _update
    return query.get_compiler(self.db).execute_sql(CURSOR)
           ^^^^^^^^^^^^^^^^^^^^^^^^^^^^^^^^^^^^^^^^^^^^^^^
  File "C:\Users\User\AppData\Local\Programs\Python\Python312\Lib\site-packages\django\db\models\sql\compiler.py", line 1990, in execute_sql
    cursor = super().execute_sql(result_type)
             ^^^^^^^^^^^^^^^^^^^^^^^^^^^^^^^^
  File "C:\Users\User\AppData\Local\Programs\Python\Python312\Lib\site-packages\django\db\models\sql\compiler.py", line 1562, in execute_sql
    cursor.execute(sql, params)
  File "C:\Users\User\AppData\Local\Programs\Python\Python312\Lib\site-packages\django\db\backends\utils.py", line 122, in execute
    return super().execute(sql, params)
           ^^^^^^^^^^^^^^^^^^^^^^^^^^^^
  File "C:\Users\User\AppData\Local\Programs\Python\Python312\Lib\site-packages\django\db\backends\utils.py", line 79, in execute
    return self._execute_with_wrappers(
           ^^^^^^^^^^^^^^^^^^^^^^^^^^^^
  File "C:\Users\User\AppData\Local\Programs\Python\Python312\Lib\site-packages\django\db\backends\utils.py", line 92, in _execute_with_wrappers
    return executor(sql, params, many, context)
           ^^^^^^^^^^^^^^^^^^^^^^^^^^^^^^^^^^^^
  File "C:\Users\User\AppData\Local\Programs\Python\Python312\Lib\site-packages\django\db\backends\utils.py", line 100, in _execute
    with self.db.wrap_database_errors:
  File "C:\Users\User\AppData\Local\Programs\Python\Python312\Lib\site-packages\django\db\utils.py", line 91, in __exit__
    raise dj_exc_value.with_traceback(traceback) from exc_value
  File "C:\Users\User\AppData\Local\Programs\Python\Python312\Lib\site-packages\django\db\backends\utils.py", line 105, in _execute
    return self.cursor.execute(sql, params)
           ^^^^^^^^^^^^^^^^^^^^^^^^^^^^^^^^
  File "C:\Users\User\AppData\Local\Programs\Python\Python312\Lib\site-packages\django\db\backends\sqlite3\base.py", line 329, in execute
    return super().execute(query, params)
           ^^^^^^^^^^^^^^^^^^^^^^^^^^^^^^
django.db.utils.OperationalError: database is locked
ERROR 2025-10-08 14:13:16,774 basehttp 23396 10472 "GET /stock-declaration/api/notifications/ HTTP/1.1" 500 167700
INFO 2025-10-08 14:18:16,718 basehttp 23396 25164 "GET /docu-notification/api/notifications/ HTTP/1.1" 200 50
ERROR 2025-10-08 14:18:16,760 log 23396 10472 Internal Server Error: /stock-declaration/api/notifications/
Traceback (most recent call last):
  File "C:\Users\User\AppData\Local\Programs\Python\Python312\Lib\site-packages\django\db\backends\utils.py", line 105, in _execute
    return self.cursor.execute(sql, params)
           ^^^^^^^^^^^^^^^^^^^^^^^^^^^^^^^^
  File "C:\Users\User\AppData\Local\Programs\Python\Python312\Lib\site-packages\django\db\backends\sqlite3\base.py", line 329, in execute
    return super().execute(query, params)
           ^^^^^^^^^^^^^^^^^^^^^^^^^^^^^^
sqlite3.OperationalError: database is locked

The above exception was the direct cause of the following exception:

Traceback (most recent call last):
  File "C:\Users\User\AppData\Local\Programs\Python\Python312\Lib\site-packages\django\core\handlers\exception.py", line 55, in inner
    response = get_response(request)
               ^^^^^^^^^^^^^^^^^^^^^
  File "C:\Users\User\Desktop\RPA\Website\PDN_Portal\pdnportal\chat\middleware.py", line 14, in __call__
    UserOnlineStatus.objects.update_or_create(
  File "C:\Users\User\AppData\Local\Programs\Python\Python312\Lib\site-packages\django\db\models\manager.py", line 87, in manager_method
    return getattr(self.get_queryset(), name)(*args, **kwargs)
           ^^^^^^^^^^^^^^^^^^^^^^^^^^^^^^^^^^^^^^^^^^^^^^^^^^^
  File "C:\Users\User\AppData\Local\Programs\Python\Python312\Lib\site-packages\django\db\models\query.py", line 1009, in update_or_create
    obj.save(using=self.db, update_fields=update_fields)
  File "C:\Users\User\AppData\Local\Programs\Python\Python312\Lib\site-packages\django\db\models\base.py", line 822, in save
    self.save_base(
  File "C:\Users\User\AppData\Local\Programs\Python\Python312\Lib\site-packages\django\db\models\base.py", line 909, in save_base
    updated = self._save_table(
              ^^^^^^^^^^^^^^^^^
  File "C:\Users\User\AppData\Local\Programs\Python\Python312\Lib\site-packages\django\db\models\base.py", line 1036, in _save_table
    updated = self._do_update(
              ^^^^^^^^^^^^^^^^
  File "C:\Users\User\AppData\Local\Programs\Python\Python312\Lib\site-packages\django\db\models\base.py", line 1101, in _do_update
    return filtered._update(values) > 0
           ^^^^^^^^^^^^^^^^^^^^^^^^
  File "C:\Users\User\AppData\Local\Programs\Python\Python312\Lib\site-packages\django\db\models\query.py", line 1278, in _update
    return query.get_compiler(self.db).execute_sql(CURSOR)
           ^^^^^^^^^^^^^^^^^^^^^^^^^^^^^^^^^^^^^^^^^^^^^^^
  File "C:\Users\User\AppData\Local\Programs\Python\Python312\Lib\site-packages\django\db\models\sql\compiler.py", line 1990, in execute_sql
    cursor = super().execute_sql(result_type)
             ^^^^^^^^^^^^^^^^^^^^^^^^^^^^^^^^
  File "C:\Users\User\AppData\Local\Programs\Python\Python312\Lib\site-packages\django\db\models\sql\compiler.py", line 1562, in execute_sql
    cursor.execute(sql, params)
  File "C:\Users\User\AppData\Local\Programs\Python\Python312\Lib\site-packages\django\db\backends\utils.py", line 122, in execute
    return super().execute(sql, params)
           ^^^^^^^^^^^^^^^^^^^^^^^^^^^^
  File "C:\Users\User\AppData\Local\Programs\Python\Python312\Lib\site-packages\django\db\backends\utils.py", line 79, in execute
    return self._execute_with_wrappers(
           ^^^^^^^^^^^^^^^^^^^^^^^^^^^^
  File "C:\Users\User\AppData\Local\Programs\Python\Python312\Lib\site-packages\django\db\backends\utils.py", line 92, in _execute_with_wrappers
    return executor(sql, params, many, context)
           ^^^^^^^^^^^^^^^^^^^^^^^^^^^^^^^^^^^^
  File "C:\Users\User\AppData\Local\Programs\Python\Python312\Lib\site-packages\django\db\backends\utils.py", line 100, in _execute
    with self.db.wrap_database_errors:
  File "C:\Users\User\AppData\Local\Programs\Python\Python312\Lib\site-packages\django\db\utils.py", line 91, in __exit__
    raise dj_exc_value.with_traceback(traceback) from exc_value
  File "C:\Users\User\AppData\Local\Programs\Python\Python312\Lib\site-packages\django\db\backends\utils.py", line 105, in _execute
    return self.cursor.execute(sql, params)
           ^^^^^^^^^^^^^^^^^^^^^^^^^^^^^^^^
  File "C:\Users\User\AppData\Local\Programs\Python\Python312\Lib\site-packages\django\db\backends\sqlite3\base.py", line 329, in execute
    return super().execute(query, params)
           ^^^^^^^^^^^^^^^^^^^^^^^^^^^^^^
django.db.utils.OperationalError: database is locked
ERROR 2025-10-08 14:18:16,760 basehttp 23396 10472 "GET /stock-declaration/api/notifications/ HTTP/1.1" 500 167700
INFO 2025-10-08 14:19:24,714 autoreload 23396 20316 C:\Users\User\Desktop\RPA\Website\PDN_Portal\pdnportal\stockdeclaration\views.py changed, reloading.
INFO 2025-10-08 14:19:25,689 autoreload 9588 27136 Watching for file changes with StatReloader
INFO 2025-10-08 14:23:16,724 basehttp 9588 28260 "GET /docu-notification/api/notifications/ HTTP/1.1" 200 50
INFO 2025-10-08 14:23:16,749 basehttp 9588 7320 "GET /stock-declaration/api/notifications/ HTTP/1.1" 200 50
INFO 2025-10-08 14:28:16,706 basehttp 9588 24820 "GET /docu-notification/api/notifications/ HTTP/1.1" 200 50
ERROR 2025-10-08 14:28:16,752 log 9588 25528 Internal Server Error: /stock-declaration/api/notifications/
Traceback (most recent call last):
  File "C:\Users\User\AppData\Local\Programs\Python\Python312\Lib\site-packages\django\db\backends\utils.py", line 105, in _execute
    return self.cursor.execute(sql, params)
           ^^^^^^^^^^^^^^^^^^^^^^^^^^^^^^^^
  File "C:\Users\User\AppData\Local\Programs\Python\Python312\Lib\site-packages\django\db\backends\sqlite3\base.py", line 329, in execute
    return super().execute(query, params)
           ^^^^^^^^^^^^^^^^^^^^^^^^^^^^^^
sqlite3.OperationalError: database is locked

The above exception was the direct cause of the following exception:

Traceback (most recent call last):
  File "C:\Users\User\AppData\Local\Programs\Python\Python312\Lib\site-packages\django\core\handlers\exception.py", line 55, in inner
    response = get_response(request)
               ^^^^^^^^^^^^^^^^^^^^^
  File "C:\Users\User\Desktop\RPA\Website\PDN_Portal\pdnportal\chat\middleware.py", line 14, in __call__
    UserOnlineStatus.objects.update_or_create(
  File "C:\Users\User\AppData\Local\Programs\Python\Python312\Lib\site-packages\django\db\models\manager.py", line 87, in manager_method
    return getattr(self.get_queryset(), name)(*args, **kwargs)
           ^^^^^^^^^^^^^^^^^^^^^^^^^^^^^^^^^^^^^^^^^^^^^^^^^^^
  File "C:\Users\User\AppData\Local\Programs\Python\Python312\Lib\site-packages\django\db\models\query.py", line 1009, in update_or_create
    obj.save(using=self.db, update_fields=update_fields)
  File "C:\Users\User\AppData\Local\Programs\Python\Python312\Lib\site-packages\django\db\models\base.py", line 822, in save
    self.save_base(
  File "C:\Users\User\AppData\Local\Programs\Python\Python312\Lib\site-packages\django\db\models\base.py", line 909, in save_base
    updated = self._save_table(
              ^^^^^^^^^^^^^^^^^
  File "C:\Users\User\AppData\Local\Programs\Python\Python312\Lib\site-packages\django\db\models\base.py", line 1036, in _save_table
    updated = self._do_update(
              ^^^^^^^^^^^^^^^^
  File "C:\Users\User\AppData\Local\Programs\Python\Python312\Lib\site-packages\django\db\models\base.py", line 1101, in _do_update
    return filtered._update(values) > 0
           ^^^^^^^^^^^^^^^^^^^^^^^^
  File "C:\Users\User\AppData\Local\Programs\Python\Python312\Lib\site-packages\django\db\models\query.py", line 1278, in _update
    return query.get_compiler(self.db).execute_sql(CURSOR)
           ^^^^^^^^^^^^^^^^^^^^^^^^^^^^^^^^^^^^^^^^^^^^^^^
  File "C:\Users\User\AppData\Local\Programs\Python\Python312\Lib\site-packages\django\db\models\sql\compiler.py", line 1990, in execute_sql
    cursor = super().execute_sql(result_type)
             ^^^^^^^^^^^^^^^^^^^^^^^^^^^^^^^^
  File "C:\Users\User\AppData\Local\Programs\Python\Python312\Lib\site-packages\django\db\models\sql\compiler.py", line 1562, in execute_sql
    cursor.execute(sql, params)
  File "C:\Users\User\AppData\Local\Programs\Python\Python312\Lib\site-packages\django\db\backends\utils.py", line 122, in execute
    return super().execute(sql, params)
           ^^^^^^^^^^^^^^^^^^^^^^^^^^^^
  File "C:\Users\User\AppData\Local\Programs\Python\Python312\Lib\site-packages\django\db\backends\utils.py", line 79, in execute
    return self._execute_with_wrappers(
           ^^^^^^^^^^^^^^^^^^^^^^^^^^^^
  File "C:\Users\User\AppData\Local\Programs\Python\Python312\Lib\site-packages\django\db\backends\utils.py", line 92, in _execute_with_wrappers
    return executor(sql, params, many, context)
           ^^^^^^^^^^^^^^^^^^^^^^^^^^^^^^^^^^^^
  File "C:\Users\User\AppData\Local\Programs\Python\Python312\Lib\site-packages\django\db\backends\utils.py", line 100, in _execute
    with self.db.wrap_database_errors:
  File "C:\Users\User\AppData\Local\Programs\Python\Python312\Lib\site-packages\django\db\utils.py", line 91, in __exit__
    raise dj_exc_value.with_traceback(traceback) from exc_value
  File "C:\Users\User\AppData\Local\Programs\Python\Python312\Lib\site-packages\django\db\backends\utils.py", line 105, in _execute
    return self.cursor.execute(sql, params)
           ^^^^^^^^^^^^^^^^^^^^^^^^^^^^^^^^
  File "C:\Users\User\AppData\Local\Programs\Python\Python312\Lib\site-packages\django\db\backends\sqlite3\base.py", line 329, in execute
    return super().execute(query, params)
           ^^^^^^^^^^^^^^^^^^^^^^^^^^^^^^
django.db.utils.OperationalError: database is locked
ERROR 2025-10-08 14:28:16,762 basehttp 9588 25528 "GET /stock-declaration/api/notifications/ HTTP/1.1" 500 167700
INFO 2025-10-08 14:33:16,711 basehttp 9588 24820 "GET /docu-notification/api/notifications/ HTTP/1.1" 200 50
ERROR 2025-10-08 14:33:16,761 log 9588 25528 Internal Server Error: /stock-declaration/api/notifications/
Traceback (most recent call last):
  File "C:\Users\User\AppData\Local\Programs\Python\Python312\Lib\site-packages\django\db\backends\utils.py", line 105, in _execute
    return self.cursor.execute(sql, params)
           ^^^^^^^^^^^^^^^^^^^^^^^^^^^^^^^^
  File "C:\Users\User\AppData\Local\Programs\Python\Python312\Lib\site-packages\django\db\backends\sqlite3\base.py", line 329, in execute
    return super().execute(query, params)
           ^^^^^^^^^^^^^^^^^^^^^^^^^^^^^^
sqlite3.OperationalError: database is locked

The above exception was the direct cause of the following exception:

Traceback (most recent call last):
  File "C:\Users\User\AppData\Local\Programs\Python\Python312\Lib\site-packages\django\core\handlers\exception.py", line 55, in inner
    response = get_response(request)
               ^^^^^^^^^^^^^^^^^^^^^
  File "C:\Users\User\Desktop\RPA\Website\PDN_Portal\pdnportal\chat\middleware.py", line 14, in __call__
    UserOnlineStatus.objects.update_or_create(
  File "C:\Users\User\AppData\Local\Programs\Python\Python312\Lib\site-packages\django\db\models\manager.py", line 87, in manager_method
    return getattr(self.get_queryset(), name)(*args, **kwargs)
           ^^^^^^^^^^^^^^^^^^^^^^^^^^^^^^^^^^^^^^^^^^^^^^^^^^^
  File "C:\Users\User\AppData\Local\Programs\Python\Python312\Lib\site-packages\django\db\models\query.py", line 1009, in update_or_create
    obj.save(using=self.db, update_fields=update_fields)
  File "C:\Users\User\AppData\Local\Programs\Python\Python312\Lib\site-packages\django\db\models\base.py", line 822, in save
    self.save_base(
  File "C:\Users\User\AppData\Local\Programs\Python\Python312\Lib\site-packages\django\db\models\base.py", line 909, in save_base
    updated = self._save_table(
              ^^^^^^^^^^^^^^^^^
  File "C:\Users\User\AppData\Local\Programs\Python\Python312\Lib\site-packages\django\db\models\base.py", line 1036, in _save_table
    updated = self._do_update(
              ^^^^^^^^^^^^^^^^
  File "C:\Users\User\AppData\Local\Programs\Python\Python312\Lib\site-packages\django\db\models\base.py", line 1101, in _do_update
    return filtered._update(values) > 0
           ^^^^^^^^^^^^^^^^^^^^^^^^
  File "C:\Users\User\AppData\Local\Programs\Python\Python312\Lib\site-packages\django\db\models\query.py", line 1278, in _update
    return query.get_compiler(self.db).execute_sql(CURSOR)
           ^^^^^^^^^^^^^^^^^^^^^^^^^^^^^^^^^^^^^^^^^^^^^^^
  File "C:\Users\User\AppData\Local\Programs\Python\Python312\Lib\site-packages\django\db\models\sql\compiler.py", line 1990, in execute_sql
    cursor = super().execute_sql(result_type)
             ^^^^^^^^^^^^^^^^^^^^^^^^^^^^^^^^
  File "C:\Users\User\AppData\Local\Programs\Python\Python312\Lib\site-packages\django\db\models\sql\compiler.py", line 1562, in execute_sql
    cursor.execute(sql, params)
  File "C:\Users\User\AppData\Local\Programs\Python\Python312\Lib\site-packages\django\db\backends\utils.py", line 122, in execute
    return super().execute(sql, params)
           ^^^^^^^^^^^^^^^^^^^^^^^^^^^^
  File "C:\Users\User\AppData\Local\Programs\Python\Python312\Lib\site-packages\django\db\backends\utils.py", line 79, in execute
    return self._execute_with_wrappers(
           ^^^^^^^^^^^^^^^^^^^^^^^^^^^^
  File "C:\Users\User\AppData\Local\Programs\Python\Python312\Lib\site-packages\django\db\backends\utils.py", line 92, in _execute_with_wrappers
    return executor(sql, params, many, context)
           ^^^^^^^^^^^^^^^^^^^^^^^^^^^^^^^^^^^^
  File "C:\Users\User\AppData\Local\Programs\Python\Python312\Lib\site-packages\django\db\backends\utils.py", line 100, in _execute
    with self.db.wrap_database_errors:
  File "C:\Users\User\AppData\Local\Programs\Python\Python312\Lib\site-packages\django\db\utils.py", line 91, in __exit__
    raise dj_exc_value.with_traceback(traceback) from exc_value
  File "C:\Users\User\AppData\Local\Programs\Python\Python312\Lib\site-packages\django\db\backends\utils.py", line 105, in _execute
    return self.cursor.execute(sql, params)
           ^^^^^^^^^^^^^^^^^^^^^^^^^^^^^^^^
  File "C:\Users\User\AppData\Local\Programs\Python\Python312\Lib\site-packages\django\db\backends\sqlite3\base.py", line 329, in execute
    return super().execute(query, params)
           ^^^^^^^^^^^^^^^^^^^^^^^^^^^^^^
django.db.utils.OperationalError: database is locked
ERROR 2025-10-08 14:33:16,767 basehttp 9588 25528 "GET /stock-declaration/api/notifications/ HTTP/1.1" 500 167700
INFO 2025-10-08 14:34:20,583 autoreload 9588 27136 C:\Users\User\Desktop\RPA\Website\PDN_Portal\pdnportal\stockdeclaration\views.py changed, reloading.
INFO 2025-10-08 14:34:21,331 autoreload 28364 28256 Watching for file changes with StatReloader
INFO 2025-10-08 14:38:16,726 basehttp 28364 26764 "GET /docu-notification/api/notifications/ HTTP/1.1" 200 50
INFO 2025-10-08 14:38:16,746 basehttp 28364 27156 "GET /stock-declaration/api/notifications/ HTTP/1.1" 200 50
INFO 2025-10-08 14:43:16,727 basehttp 28364 26764 "GET /docu-notification/api/notifications/ HTTP/1.1" 200 50
INFO 2025-10-08 14:43:16,753 basehttp 28364 27156 "GET /stock-declaration/api/notifications/ HTTP/1.1" 200 50
INFO 2025-10-08 14:48:16,712 basehttp 28364 27156 "GET /stock-declaration/api/notifications/ HTTP/1.1" 200 50
INFO 2025-10-08 14:48:16,725 basehttp 28364 26764 "GET /docu-notification/api/notifications/ HTTP/1.1" 200 50
INFO 2025-10-08 14:53:16,723 basehttp 28364 26764 "GET /stock-declaration/api/notifications/ HTTP/1.1" 200 50
ERROR 2025-10-08 14:53:16,766 log 28364 27156 Internal Server Error: /docu-notification/api/notifications/
Traceback (most recent call last):
  File "C:\Users\User\AppData\Local\Programs\Python\Python312\Lib\site-packages\django\db\backends\utils.py", line 105, in _execute
    return self.cursor.execute(sql, params)
           ^^^^^^^^^^^^^^^^^^^^^^^^^^^^^^^^
  File "C:\Users\User\AppData\Local\Programs\Python\Python312\Lib\site-packages\django\db\backends\sqlite3\base.py", line 329, in execute
    return super().execute(query, params)
           ^^^^^^^^^^^^^^^^^^^^^^^^^^^^^^
sqlite3.OperationalError: database is locked

The above exception was the direct cause of the following exception:

Traceback (most recent call last):
  File "C:\Users\User\AppData\Local\Programs\Python\Python312\Lib\site-packages\django\core\handlers\exception.py", line 55, in inner
    response = get_response(request)
               ^^^^^^^^^^^^^^^^^^^^^
  File "C:\Users\User\Desktop\RPA\Website\PDN_Portal\pdnportal\chat\middleware.py", line 14, in __call__
    UserOnlineStatus.objects.update_or_create(
  File "C:\Users\User\AppData\Local\Programs\Python\Python312\Lib\site-packages\django\db\models\manager.py", line 87, in manager_method
    return getattr(self.get_queryset(), name)(*args, **kwargs)
           ^^^^^^^^^^^^^^^^^^^^^^^^^^^^^^^^^^^^^^^^^^^^^^^^^^^
  File "C:\Users\User\AppData\Local\Programs\Python\Python312\Lib\site-packages\django\db\models\query.py", line 1009, in update_or_create
    obj.save(using=self.db, update_fields=update_fields)
  File "C:\Users\User\AppData\Local\Programs\Python\Python312\Lib\site-packages\django\db\models\base.py", line 822, in save
    self.save_base(
  File "C:\Users\User\AppData\Local\Programs\Python\Python312\Lib\site-packages\django\db\models\base.py", line 909, in save_base
    updated = self._save_table(
              ^^^^^^^^^^^^^^^^^
  File "C:\Users\User\AppData\Local\Programs\Python\Python312\Lib\site-packages\django\db\models\base.py", line 1036, in _save_table
    updated = self._do_update(
              ^^^^^^^^^^^^^^^^
  File "C:\Users\User\AppData\Local\Programs\Python\Python312\Lib\site-packages\django\db\models\base.py", line 1101, in _do_update
    return filtered._update(values) > 0
           ^^^^^^^^^^^^^^^^^^^^^^^^
  File "C:\Users\User\AppData\Local\Programs\Python\Python312\Lib\site-packages\django\db\models\query.py", line 1278, in _update
    return query.get_compiler(self.db).execute_sql(CURSOR)
           ^^^^^^^^^^^^^^^^^^^^^^^^^^^^^^^^^^^^^^^^^^^^^^^
  File "C:\Users\User\AppData\Local\Programs\Python\Python312\Lib\site-packages\django\db\models\sql\compiler.py", line 1990, in execute_sql
    cursor = super().execute_sql(result_type)
             ^^^^^^^^^^^^^^^^^^^^^^^^^^^^^^^^
  File "C:\Users\User\AppData\Local\Programs\Python\Python312\Lib\site-packages\django\db\models\sql\compiler.py", line 1562, in execute_sql
    cursor.execute(sql, params)
  File "C:\Users\User\AppData\Local\Programs\Python\Python312\Lib\site-packages\django\db\backends\utils.py", line 122, in execute
    return super().execute(sql, params)
           ^^^^^^^^^^^^^^^^^^^^^^^^^^^^
  File "C:\Users\User\AppData\Local\Programs\Python\Python312\Lib\site-packages\django\db\backends\utils.py", line 79, in execute
    return self._execute_with_wrappers(
           ^^^^^^^^^^^^^^^^^^^^^^^^^^^^
  File "C:\Users\User\AppData\Local\Programs\Python\Python312\Lib\site-packages\django\db\backends\utils.py", line 92, in _execute_with_wrappers
    return executor(sql, params, many, context)
           ^^^^^^^^^^^^^^^^^^^^^^^^^^^^^^^^^^^^
  File "C:\Users\User\AppData\Local\Programs\Python\Python312\Lib\site-packages\django\db\backends\utils.py", line 100, in _execute
    with self.db.wrap_database_errors:
  File "C:\Users\User\AppData\Local\Programs\Python\Python312\Lib\site-packages\django\db\utils.py", line 91, in __exit__
    raise dj_exc_value.with_traceback(traceback) from exc_value
  File "C:\Users\User\AppData\Local\Programs\Python\Python312\Lib\site-packages\django\db\backends\utils.py", line 105, in _execute
    return self.cursor.execute(sql, params)
           ^^^^^^^^^^^^^^^^^^^^^^^^^^^^^^^^
  File "C:\Users\User\AppData\Local\Programs\Python\Python312\Lib\site-packages\django\db\backends\sqlite3\base.py", line 329, in execute
    return super().execute(query, params)
           ^^^^^^^^^^^^^^^^^^^^^^^^^^^^^^
django.db.utils.OperationalError: database is locked
ERROR 2025-10-08 14:53:16,782 basehttp 28364 27156 "GET /docu-notification/api/notifications/ HTTP/1.1" 500 167703
INFO 2025-10-08 14:58:16,731 basehttp 28364 27156 "GET /docu-notification/api/notifications/ HTTP/1.1" 200 50
ERROR 2025-10-08 14:58:16,787 log 28364 26764 Internal Server Error: /stock-declaration/api/notifications/
Traceback (most recent call last):
  File "C:\Users\User\AppData\Local\Programs\Python\Python312\Lib\site-packages\django\db\backends\utils.py", line 105, in _execute
    return self.cursor.execute(sql, params)
           ^^^^^^^^^^^^^^^^^^^^^^^^^^^^^^^^
  File "C:\Users\User\AppData\Local\Programs\Python\Python312\Lib\site-packages\django\db\backends\sqlite3\base.py", line 329, in execute
    return super().execute(query, params)
           ^^^^^^^^^^^^^^^^^^^^^^^^^^^^^^
sqlite3.OperationalError: database is locked

The above exception was the direct cause of the following exception:

Traceback (most recent call last):
  File "C:\Users\User\AppData\Local\Programs\Python\Python312\Lib\site-packages\django\core\handlers\exception.py", line 55, in inner
    response = get_response(request)
               ^^^^^^^^^^^^^^^^^^^^^
  File "C:\Users\User\Desktop\RPA\Website\PDN_Portal\pdnportal\chat\middleware.py", line 14, in __call__
    UserOnlineStatus.objects.update_or_create(
  File "C:\Users\User\AppData\Local\Programs\Python\Python312\Lib\site-packages\django\db\models\manager.py", line 87, in manager_method
    return getattr(self.get_queryset(), name)(*args, **kwargs)
           ^^^^^^^^^^^^^^^^^^^^^^^^^^^^^^^^^^^^^^^^^^^^^^^^^^^
  File "C:\Users\User\AppData\Local\Programs\Python\Python312\Lib\site-packages\django\db\models\query.py", line 1009, in update_or_create
    obj.save(using=self.db, update_fields=update_fields)
  File "C:\Users\User\AppData\Local\Programs\Python\Python312\Lib\site-packages\django\db\models\base.py", line 822, in save
    self.save_base(
  File "C:\Users\User\AppData\Local\Programs\Python\Python312\Lib\site-packages\django\db\models\base.py", line 909, in save_base
    updated = self._save_table(
              ^^^^^^^^^^^^^^^^^
  File "C:\Users\User\AppData\Local\Programs\Python\Python312\Lib\site-packages\django\db\models\base.py", line 1036, in _save_table
    updated = self._do_update(
              ^^^^^^^^^^^^^^^^
  File "C:\Users\User\AppData\Local\Programs\Python\Python312\Lib\site-packages\django\db\models\base.py", line 1101, in _do_update
    return filtered._update(values) > 0
           ^^^^^^^^^^^^^^^^^^^^^^^^
  File "C:\Users\User\AppData\Local\Programs\Python\Python312\Lib\site-packages\django\db\models\query.py", line 1278, in _update
    return query.get_compiler(self.db).execute_sql(CURSOR)
           ^^^^^^^^^^^^^^^^^^^^^^^^^^^^^^^^^^^^^^^^^^^^^^^
  File "C:\Users\User\AppData\Local\Programs\Python\Python312\Lib\site-packages\django\db\models\sql\compiler.py", line 1990, in execute_sql
    cursor = super().execute_sql(result_type)
             ^^^^^^^^^^^^^^^^^^^^^^^^^^^^^^^^
  File "C:\Users\User\AppData\Local\Programs\Python\Python312\Lib\site-packages\django\db\models\sql\compiler.py", line 1562, in execute_sql
    cursor.execute(sql, params)
  File "C:\Users\User\AppData\Local\Programs\Python\Python312\Lib\site-packages\django\db\backends\utils.py", line 122, in execute
    return super().execute(sql, params)
           ^^^^^^^^^^^^^^^^^^^^^^^^^^^^
  File "C:\Users\User\AppData\Local\Programs\Python\Python312\Lib\site-packages\django\db\backends\utils.py", line 79, in execute
    return self._execute_with_wrappers(
           ^^^^^^^^^^^^^^^^^^^^^^^^^^^^
  File "C:\Users\User\AppData\Local\Programs\Python\Python312\Lib\site-packages\django\db\backends\utils.py", line 92, in _execute_with_wrappers
    return executor(sql, params, many, context)
           ^^^^^^^^^^^^^^^^^^^^^^^^^^^^^^^^^^^^
  File "C:\Users\User\AppData\Local\Programs\Python\Python312\Lib\site-packages\django\db\backends\utils.py", line 100, in _execute
    with self.db.wrap_database_errors:
  File "C:\Users\User\AppData\Local\Programs\Python\Python312\Lib\site-packages\django\db\utils.py", line 91, in __exit__
    raise dj_exc_value.with_traceback(traceback) from exc_value
  File "C:\Users\User\AppData\Local\Programs\Python\Python312\Lib\site-packages\django\db\backends\utils.py", line 105, in _execute
    return self.cursor.execute(sql, params)
           ^^^^^^^^^^^^^^^^^^^^^^^^^^^^^^^^
  File "C:\Users\User\AppData\Local\Programs\Python\Python312\Lib\site-packages\django\db\backends\sqlite3\base.py", line 329, in execute
    return super().execute(query, params)
           ^^^^^^^^^^^^^^^^^^^^^^^^^^^^^^
django.db.utils.OperationalError: database is locked
ERROR 2025-10-08 14:58:16,792 basehttp 28364 26764 "GET /stock-declaration/api/notifications/ HTTP/1.1" 500 167700
INFO 2025-10-08 15:03:16,733 basehttp 28364 27156 "GET /docu-notification/api/notifications/ HTTP/1.1" 200 50
ERROR 2025-10-08 15:03:16,775 log 28364 26764 Internal Server Error: /stock-declaration/api/notifications/
Traceback (most recent call last):
  File "C:\Users\User\AppData\Local\Programs\Python\Python312\Lib\site-packages\django\db\backends\utils.py", line 105, in _execute
    return self.cursor.execute(sql, params)
           ^^^^^^^^^^^^^^^^^^^^^^^^^^^^^^^^
  File "C:\Users\User\AppData\Local\Programs\Python\Python312\Lib\site-packages\django\db\backends\sqlite3\base.py", line 329, in execute
    return super().execute(query, params)
           ^^^^^^^^^^^^^^^^^^^^^^^^^^^^^^
sqlite3.OperationalError: database is locked

The above exception was the direct cause of the following exception:

Traceback (most recent call last):
  File "C:\Users\User\AppData\Local\Programs\Python\Python312\Lib\site-packages\django\core\handlers\exception.py", line 55, in inner
    response = get_response(request)
               ^^^^^^^^^^^^^^^^^^^^^
  File "C:\Users\User\Desktop\RPA\Website\PDN_Portal\pdnportal\chat\middleware.py", line 14, in __call__
    UserOnlineStatus.objects.update_or_create(
  File "C:\Users\User\AppData\Local\Programs\Python\Python312\Lib\site-packages\django\db\models\manager.py", line 87, in manager_method
    return getattr(self.get_queryset(), name)(*args, **kwargs)
           ^^^^^^^^^^^^^^^^^^^^^^^^^^^^^^^^^^^^^^^^^^^^^^^^^^^
  File "C:\Users\User\AppData\Local\Programs\Python\Python312\Lib\site-packages\django\db\models\query.py", line 1009, in update_or_create
    obj.save(using=self.db, update_fields=update_fields)
  File "C:\Users\User\AppData\Local\Programs\Python\Python312\Lib\site-packages\django\db\models\base.py", line 822, in save
    self.save_base(
  File "C:\Users\User\AppData\Local\Programs\Python\Python312\Lib\site-packages\django\db\models\base.py", line 909, in save_base
    updated = self._save_table(
              ^^^^^^^^^^^^^^^^^
  File "C:\Users\User\AppData\Local\Programs\Python\Python312\Lib\site-packages\django\db\models\base.py", line 1036, in _save_table
    updated = self._do_update(
              ^^^^^^^^^^^^^^^^
  File "C:\Users\User\AppData\Local\Programs\Python\Python312\Lib\site-packages\django\db\models\base.py", line 1101, in _do_update
    return filtered._update(values) > 0
           ^^^^^^^^^^^^^^^^^^^^^^^^
  File "C:\Users\User\AppData\Local\Programs\Python\Python312\Lib\site-packages\django\db\models\query.py", line 1278, in _update
    return query.get_compiler(self.db).execute_sql(CURSOR)
           ^^^^^^^^^^^^^^^^^^^^^^^^^^^^^^^^^^^^^^^^^^^^^^^
  File "C:\Users\User\AppData\Local\Programs\Python\Python312\Lib\site-packages\django\db\models\sql\compiler.py", line 1990, in execute_sql
    cursor = super().execute_sql(result_type)
             ^^^^^^^^^^^^^^^^^^^^^^^^^^^^^^^^
  File "C:\Users\User\AppData\Local\Programs\Python\Python312\Lib\site-packages\django\db\models\sql\compiler.py", line 1562, in execute_sql
    cursor.execute(sql, params)
  File "C:\Users\User\AppData\Local\Programs\Python\Python312\Lib\site-packages\django\db\backends\utils.py", line 122, in execute
    return super().execute(sql, params)
           ^^^^^^^^^^^^^^^^^^^^^^^^^^^^
  File "C:\Users\User\AppData\Local\Programs\Python\Python312\Lib\site-packages\django\db\backends\utils.py", line 79, in execute
    return self._execute_with_wrappers(
           ^^^^^^^^^^^^^^^^^^^^^^^^^^^^
  File "C:\Users\User\AppData\Local\Programs\Python\Python312\Lib\site-packages\django\db\backends\utils.py", line 92, in _execute_with_wrappers
    return executor(sql, params, many, context)
           ^^^^^^^^^^^^^^^^^^^^^^^^^^^^^^^^^^^^
  File "C:\Users\User\AppData\Local\Programs\Python\Python312\Lib\site-packages\django\db\backends\utils.py", line 100, in _execute
    with self.db.wrap_database_errors:
  File "C:\Users\User\AppData\Local\Programs\Python\Python312\Lib\site-packages\django\db\utils.py", line 91, in __exit__
    raise dj_exc_value.with_traceback(traceback) from exc_value
  File "C:\Users\User\AppData\Local\Programs\Python\Python312\Lib\site-packages\django\db\backends\utils.py", line 105, in _execute
    return self.cursor.execute(sql, params)
           ^^^^^^^^^^^^^^^^^^^^^^^^^^^^^^^^
  File "C:\Users\User\AppData\Local\Programs\Python\Python312\Lib\site-packages\django\db\backends\sqlite3\base.py", line 329, in execute
    return super().execute(query, params)
           ^^^^^^^^^^^^^^^^^^^^^^^^^^^^^^
django.db.utils.OperationalError: database is locked
ERROR 2025-10-08 15:03:16,793 basehttp 28364 26764 "GET /stock-declaration/api/notifications/ HTTP/1.1" 500 167697
INFO 2025-10-08 15:08:16,755 basehttp 28364 27156 "GET /docu-notification/api/notifications/ HTTP/1.1" 200 50
ERROR 2025-10-08 15:08:16,800 log 28364 26764 Internal Server Error: /stock-declaration/api/notifications/
Traceback (most recent call last):
  File "C:\Users\User\AppData\Local\Programs\Python\Python312\Lib\site-packages\django\db\backends\utils.py", line 105, in _execute
    return self.cursor.execute(sql, params)
           ^^^^^^^^^^^^^^^^^^^^^^^^^^^^^^^^
  File "C:\Users\User\AppData\Local\Programs\Python\Python312\Lib\site-packages\django\db\backends\sqlite3\base.py", line 329, in execute
    return super().execute(query, params)
           ^^^^^^^^^^^^^^^^^^^^^^^^^^^^^^
sqlite3.OperationalError: database is locked

The above exception was the direct cause of the following exception:

Traceback (most recent call last):
  File "C:\Users\User\AppData\Local\Programs\Python\Python312\Lib\site-packages\django\core\handlers\exception.py", line 55, in inner
    response = get_response(request)
               ^^^^^^^^^^^^^^^^^^^^^
  File "C:\Users\User\Desktop\RPA\Website\PDN_Portal\pdnportal\chat\middleware.py", line 14, in __call__
    UserOnlineStatus.objects.update_or_create(
  File "C:\Users\User\AppData\Local\Programs\Python\Python312\Lib\site-packages\django\db\models\manager.py", line 87, in manager_method
    return getattr(self.get_queryset(), name)(*args, **kwargs)
           ^^^^^^^^^^^^^^^^^^^^^^^^^^^^^^^^^^^^^^^^^^^^^^^^^^^
  File "C:\Users\User\AppData\Local\Programs\Python\Python312\Lib\site-packages\django\db\models\query.py", line 1009, in update_or_create
    obj.save(using=self.db, update_fields=update_fields)
  File "C:\Users\User\AppData\Local\Programs\Python\Python312\Lib\site-packages\django\db\models\base.py", line 822, in save
    self.save_base(
  File "C:\Users\User\AppData\Local\Programs\Python\Python312\Lib\site-packages\django\db\models\base.py", line 909, in save_base
    updated = self._save_table(
              ^^^^^^^^^^^^^^^^^
  File "C:\Users\User\AppData\Local\Programs\Python\Python312\Lib\site-packages\django\db\models\base.py", line 1036, in _save_table
    updated = self._do_update(
              ^^^^^^^^^^^^^^^^
  File "C:\Users\User\AppData\Local\Programs\Python\Python312\Lib\site-packages\django\db\models\base.py", line 1101, in _do_update
    return filtered._update(values) > 0
           ^^^^^^^^^^^^^^^^^^^^^^^^
  File "C:\Users\User\AppData\Local\Programs\Python\Python312\Lib\site-packages\django\db\models\query.py", line 1278, in _update
    return query.get_compiler(self.db).execute_sql(CURSOR)
           ^^^^^^^^^^^^^^^^^^^^^^^^^^^^^^^^^^^^^^^^^^^^^^^
  File "C:\Users\User\AppData\Local\Programs\Python\Python312\Lib\site-packages\django\db\models\sql\compiler.py", line 1990, in execute_sql
    cursor = super().execute_sql(result_type)
             ^^^^^^^^^^^^^^^^^^^^^^^^^^^^^^^^
  File "C:\Users\User\AppData\Local\Programs\Python\Python312\Lib\site-packages\django\db\models\sql\compiler.py", line 1562, in execute_sql
    cursor.execute(sql, params)
  File "C:\Users\User\AppData\Local\Programs\Python\Python312\Lib\site-packages\django\db\backends\utils.py", line 122, in execute
    return super().execute(sql, params)
           ^^^^^^^^^^^^^^^^^^^^^^^^^^^^
  File "C:\Users\User\AppData\Local\Programs\Python\Python312\Lib\site-packages\django\db\backends\utils.py", line 79, in execute
    return self._execute_with_wrappers(
           ^^^^^^^^^^^^^^^^^^^^^^^^^^^^
  File "C:\Users\User\AppData\Local\Programs\Python\Python312\Lib\site-packages\django\db\backends\utils.py", line 92, in _execute_with_wrappers
    return executor(sql, params, many, context)
           ^^^^^^^^^^^^^^^^^^^^^^^^^^^^^^^^^^^^
  File "C:\Users\User\AppData\Local\Programs\Python\Python312\Lib\site-packages\django\db\backends\utils.py", line 100, in _execute
    with self.db.wrap_database_errors:
  File "C:\Users\User\AppData\Local\Programs\Python\Python312\Lib\site-packages\django\db\utils.py", line 91, in __exit__
    raise dj_exc_value.with_traceback(traceback) from exc_value
  File "C:\Users\User\AppData\Local\Programs\Python\Python312\Lib\site-packages\django\db\backends\utils.py", line 105, in _execute
    return self.cursor.execute(sql, params)
           ^^^^^^^^^^^^^^^^^^^^^^^^^^^^^^^^
  File "C:\Users\User\AppData\Local\Programs\Python\Python312\Lib\site-packages\django\db\backends\sqlite3\base.py", line 329, in execute
    return super().execute(query, params)
           ^^^^^^^^^^^^^^^^^^^^^^^^^^^^^^
django.db.utils.OperationalError: database is locked
ERROR 2025-10-08 15:08:16,800 basehttp 28364 26764 "GET /stock-declaration/api/notifications/ HTTP/1.1" 500 167697
INFO 2025-10-08 15:13:16,723 basehttp 28364 27156 "GET /docu-notification/api/notifications/ HTTP/1.1" 200 50
ERROR 2025-10-08 15:13:16,825 log 28364 26764 Internal Server Error: /stock-declaration/api/notifications/
Traceback (most recent call last):
  File "C:\Users\User\AppData\Local\Programs\Python\Python312\Lib\site-packages\django\db\backends\utils.py", line 105, in _execute
    return self.cursor.execute(sql, params)
           ^^^^^^^^^^^^^^^^^^^^^^^^^^^^^^^^
  File "C:\Users\User\AppData\Local\Programs\Python\Python312\Lib\site-packages\django\db\backends\sqlite3\base.py", line 329, in execute
    return super().execute(query, params)
           ^^^^^^^^^^^^^^^^^^^^^^^^^^^^^^
sqlite3.OperationalError: database is locked

The above exception was the direct cause of the following exception:

Traceback (most recent call last):
  File "C:\Users\User\AppData\Local\Programs\Python\Python312\Lib\site-packages\django\core\handlers\exception.py", line 55, in inner
    response = get_response(request)
               ^^^^^^^^^^^^^^^^^^^^^
  File "C:\Users\User\Desktop\RPA\Website\PDN_Portal\pdnportal\chat\middleware.py", line 14, in __call__
    UserOnlineStatus.objects.update_or_create(
  File "C:\Users\User\AppData\Local\Programs\Python\Python312\Lib\site-packages\django\db\models\manager.py", line 87, in manager_method
    return getattr(self.get_queryset(), name)(*args, **kwargs)
           ^^^^^^^^^^^^^^^^^^^^^^^^^^^^^^^^^^^^^^^^^^^^^^^^^^^
  File "C:\Users\User\AppData\Local\Programs\Python\Python312\Lib\site-packages\django\db\models\query.py", line 1009, in update_or_create
    obj.save(using=self.db, update_fields=update_fields)
  File "C:\Users\User\AppData\Local\Programs\Python\Python312\Lib\site-packages\django\db\models\base.py", line 822, in save
    self.save_base(
  File "C:\Users\User\AppData\Local\Programs\Python\Python312\Lib\site-packages\django\db\models\base.py", line 909, in save_base
    updated = self._save_table(
              ^^^^^^^^^^^^^^^^^
  File "C:\Users\User\AppData\Local\Programs\Python\Python312\Lib\site-packages\django\db\models\base.py", line 1036, in _save_table
    updated = self._do_update(
              ^^^^^^^^^^^^^^^^
  File "C:\Users\User\AppData\Local\Programs\Python\Python312\Lib\site-packages\django\db\models\base.py", line 1101, in _do_update
    return filtered._update(values) > 0
           ^^^^^^^^^^^^^^^^^^^^^^^^
  File "C:\Users\User\AppData\Local\Programs\Python\Python312\Lib\site-packages\django\db\models\query.py", line 1278, in _update
    return query.get_compiler(self.db).execute_sql(CURSOR)
           ^^^^^^^^^^^^^^^^^^^^^^^^^^^^^^^^^^^^^^^^^^^^^^^
  File "C:\Users\User\AppData\Local\Programs\Python\Python312\Lib\site-packages\django\db\models\sql\compiler.py", line 1990, in execute_sql
    cursor = super().execute_sql(result_type)
             ^^^^^^^^^^^^^^^^^^^^^^^^^^^^^^^^
  File "C:\Users\User\AppData\Local\Programs\Python\Python312\Lib\site-packages\django\db\models\sql\compiler.py", line 1562, in execute_sql
    cursor.execute(sql, params)
  File "C:\Users\User\AppData\Local\Programs\Python\Python312\Lib\site-packages\django\db\backends\utils.py", line 122, in execute
    return super().execute(sql, params)
           ^^^^^^^^^^^^^^^^^^^^^^^^^^^^
  File "C:\Users\User\AppData\Local\Programs\Python\Python312\Lib\site-packages\django\db\backends\utils.py", line 79, in execute
    return self._execute_with_wrappers(
           ^^^^^^^^^^^^^^^^^^^^^^^^^^^^
  File "C:\Users\User\AppData\Local\Programs\Python\Python312\Lib\site-packages\django\db\backends\utils.py", line 92, in _execute_with_wrappers
    return executor(sql, params, many, context)
           ^^^^^^^^^^^^^^^^^^^^^^^^^^^^^^^^^^^^
  File "C:\Users\User\AppData\Local\Programs\Python\Python312\Lib\site-packages\django\db\backends\utils.py", line 100, in _execute
    with self.db.wrap_database_errors:
  File "C:\Users\User\AppData\Local\Programs\Python\Python312\Lib\site-packages\django\db\utils.py", line 91, in __exit__
    raise dj_exc_value.with_traceback(traceback) from exc_value
  File "C:\Users\User\AppData\Local\Programs\Python\Python312\Lib\site-packages\django\db\backends\utils.py", line 105, in _execute
    return self.cursor.execute(sql, params)
           ^^^^^^^^^^^^^^^^^^^^^^^^^^^^^^^^
  File "C:\Users\User\AppData\Local\Programs\Python\Python312\Lib\site-packages\django\db\backends\sqlite3\base.py", line 329, in execute
    return super().execute(query, params)
           ^^^^^^^^^^^^^^^^^^^^^^^^^^^^^^
django.db.utils.OperationalError: database is locked
ERROR 2025-10-08 15:13:16,833 basehttp 28364 26764 "GET /stock-declaration/api/notifications/ HTTP/1.1" 500 167700
INFO 2025-10-08 15:18:16,753 basehttp 28364 26764 "GET /stock-declaration/api/notifications/ HTTP/1.1" 200 50
INFO 2025-10-08 15:18:16,767 basehttp 28364 27156 "GET /docu-notification/api/notifications/ HTTP/1.1" 200 50
INFO 2025-10-08 15:23:16,735 basehttp 28364 26764 "GET /docu-notification/api/notifications/ HTTP/1.1" 200 50
INFO 2025-10-08 15:23:16,745 basehttp 28364 27156 "GET /stock-declaration/api/notifications/ HTTP/1.1" 200 50
INFO 2025-10-08 15:28:16,720 basehttp 28364 6580 "GET /stock-declaration/api/notifications/ HTTP/1.1" 200 50
INFO 2025-10-08 15:28:16,729 basehttp 28364 27924 "GET /docu-notification/api/notifications/ HTTP/1.1" 200 50
INFO 2025-10-08 15:33:16,718 basehttp 28364 6580 "GET /docu-notification/api/notifications/ HTTP/1.1" 200 50
INFO 2025-10-08 15:33:16,728 basehttp 28364 27924 "GET /stock-declaration/api/notifications/ HTTP/1.1" 200 50
INFO 2025-10-08 15:38:16,717 basehttp 28364 26356 "GET /docu-notification/api/notifications/ HTTP/1.1" 200 50
INFO 2025-10-08 15:38:16,739 basehttp 28364 972 "GET /stock-declaration/api/notifications/ HTTP/1.1" 200 50
INFO 2025-10-08 15:43:16,725 basehttp 28364 21824 "GET /stock-declaration/api/notifications/ HTTP/1.1" 200 50
INFO 2025-10-08 15:43:16,732 basehttp 28364 17936 "GET /docu-notification/api/notifications/ HTTP/1.1" 200 50
INFO 2025-10-08 15:50:27,073 basehttp 28364 24612 "GET /stock-declaration/api/notifications/ HTTP/1.1" 200 50
ERROR 2025-10-08 15:50:27,421 log 28364 15412 Internal Server Error: /docu-notification/api/notifications/
Traceback (most recent call last):
  File "C:\Users\User\AppData\Local\Programs\Python\Python312\Lib\site-packages\django\db\backends\utils.py", line 105, in _execute
    return self.cursor.execute(sql, params)
           ^^^^^^^^^^^^^^^^^^^^^^^^^^^^^^^^
  File "C:\Users\User\AppData\Local\Programs\Python\Python312\Lib\site-packages\django\db\backends\sqlite3\base.py", line 329, in execute
    return super().execute(query, params)
           ^^^^^^^^^^^^^^^^^^^^^^^^^^^^^^
sqlite3.OperationalError: database is locked

The above exception was the direct cause of the following exception:

Traceback (most recent call last):
  File "C:\Users\User\AppData\Local\Programs\Python\Python312\Lib\site-packages\django\core\handlers\exception.py", line 55, in inner
    response = get_response(request)
               ^^^^^^^^^^^^^^^^^^^^^
  File "C:\Users\User\Desktop\RPA\Website\PDN_Portal\pdnportal\chat\middleware.py", line 14, in __call__
    UserOnlineStatus.objects.update_or_create(
  File "C:\Users\User\AppData\Local\Programs\Python\Python312\Lib\site-packages\django\db\models\manager.py", line 87, in manager_method
    return getattr(self.get_queryset(), name)(*args, **kwargs)
           ^^^^^^^^^^^^^^^^^^^^^^^^^^^^^^^^^^^^^^^^^^^^^^^^^^^
  File "C:\Users\User\AppData\Local\Programs\Python\Python312\Lib\site-packages\django\db\models\query.py", line 1009, in update_or_create
    obj.save(using=self.db, update_fields=update_fields)
  File "C:\Users\User\AppData\Local\Programs\Python\Python312\Lib\site-packages\django\db\models\base.py", line 822, in save
    self.save_base(
  File "C:\Users\User\AppData\Local\Programs\Python\Python312\Lib\site-packages\django\db\models\base.py", line 909, in save_base
    updated = self._save_table(
              ^^^^^^^^^^^^^^^^^
  File "C:\Users\User\AppData\Local\Programs\Python\Python312\Lib\site-packages\django\db\models\base.py", line 1036, in _save_table
    updated = self._do_update(
              ^^^^^^^^^^^^^^^^
  File "C:\Users\User\AppData\Local\Programs\Python\Python312\Lib\site-packages\django\db\models\base.py", line 1101, in _do_update
    return filtered._update(values) > 0
           ^^^^^^^^^^^^^^^^^^^^^^^^
  File "C:\Users\User\AppData\Local\Programs\Python\Python312\Lib\site-packages\django\db\models\query.py", line 1278, in _update
    return query.get_compiler(self.db).execute_sql(CURSOR)
           ^^^^^^^^^^^^^^^^^^^^^^^^^^^^^^^^^^^^^^^^^^^^^^^
  File "C:\Users\User\AppData\Local\Programs\Python\Python312\Lib\site-packages\django\db\models\sql\compiler.py", line 1990, in execute_sql
    cursor = super().execute_sql(result_type)
             ^^^^^^^^^^^^^^^^^^^^^^^^^^^^^^^^
  File "C:\Users\User\AppData\Local\Programs\Python\Python312\Lib\site-packages\django\db\models\sql\compiler.py", line 1562, in execute_sql
    cursor.execute(sql, params)
  File "C:\Users\User\AppData\Local\Programs\Python\Python312\Lib\site-packages\django\db\backends\utils.py", line 122, in execute
    return super().execute(sql, params)
           ^^^^^^^^^^^^^^^^^^^^^^^^^^^^
  File "C:\Users\User\AppData\Local\Programs\Python\Python312\Lib\site-packages\django\db\backends\utils.py", line 79, in execute
    return self._execute_with_wrappers(
           ^^^^^^^^^^^^^^^^^^^^^^^^^^^^
  File "C:\Users\User\AppData\Local\Programs\Python\Python312\Lib\site-packages\django\db\backends\utils.py", line 92, in _execute_with_wrappers
    return executor(sql, params, many, context)
           ^^^^^^^^^^^^^^^^^^^^^^^^^^^^^^^^^^^^
  File "C:\Users\User\AppData\Local\Programs\Python\Python312\Lib\site-packages\django\db\backends\utils.py", line 100, in _execute
    with self.db.wrap_database_errors:
  File "C:\Users\User\AppData\Local\Programs\Python\Python312\Lib\site-packages\django\db\utils.py", line 91, in __exit__
    raise dj_exc_value.with_traceback(traceback) from exc_value
  File "C:\Users\User\AppData\Local\Programs\Python\Python312\Lib\site-packages\django\db\backends\utils.py", line 105, in _execute
    return self.cursor.execute(sql, params)
           ^^^^^^^^^^^^^^^^^^^^^^^^^^^^^^^^
  File "C:\Users\User\AppData\Local\Programs\Python\Python312\Lib\site-packages\django\db\backends\sqlite3\base.py", line 329, in execute
    return super().execute(query, params)
           ^^^^^^^^^^^^^^^^^^^^^^^^^^^^^^
django.db.utils.OperationalError: database is locked
ERROR 2025-10-08 15:50:27,435 basehttp 28364 15412 "GET /docu-notification/api/notifications/ HTTP/1.1" 500 167703
INFO 2025-10-08 15:53:16,713 basehttp 28364 24612 "GET /docu-notification/api/notifications/ HTTP/1.1" 200 50
ERROR 2025-10-08 15:53:16,834 log 28364 15412 Internal Server Error: /stock-declaration/api/notifications/
Traceback (most recent call last):
  File "C:\Users\User\AppData\Local\Programs\Python\Python312\Lib\site-packages\django\db\backends\utils.py", line 105, in _execute
    return self.cursor.execute(sql, params)
           ^^^^^^^^^^^^^^^^^^^^^^^^^^^^^^^^
  File "C:\Users\User\AppData\Local\Programs\Python\Python312\Lib\site-packages\django\db\backends\sqlite3\base.py", line 329, in execute
    return super().execute(query, params)
           ^^^^^^^^^^^^^^^^^^^^^^^^^^^^^^
sqlite3.OperationalError: database is locked

The above exception was the direct cause of the following exception:

Traceback (most recent call last):
  File "C:\Users\User\AppData\Local\Programs\Python\Python312\Lib\site-packages\django\core\handlers\exception.py", line 55, in inner
    response = get_response(request)
               ^^^^^^^^^^^^^^^^^^^^^
  File "C:\Users\User\Desktop\RPA\Website\PDN_Portal\pdnportal\chat\middleware.py", line 14, in __call__
    UserOnlineStatus.objects.update_or_create(
  File "C:\Users\User\AppData\Local\Programs\Python\Python312\Lib\site-packages\django\db\models\manager.py", line 87, in manager_method
    return getattr(self.get_queryset(), name)(*args, **kwargs)
           ^^^^^^^^^^^^^^^^^^^^^^^^^^^^^^^^^^^^^^^^^^^^^^^^^^^
  File "C:\Users\User\AppData\Local\Programs\Python\Python312\Lib\site-packages\django\db\models\query.py", line 1009, in update_or_create
    obj.save(using=self.db, update_fields=update_fields)
  File "C:\Users\User\AppData\Local\Programs\Python\Python312\Lib\site-packages\django\db\models\base.py", line 822, in save
    self.save_base(
  File "C:\Users\User\AppData\Local\Programs\Python\Python312\Lib\site-packages\django\db\models\base.py", line 909, in save_base
    updated = self._save_table(
              ^^^^^^^^^^^^^^^^^
  File "C:\Users\User\AppData\Local\Programs\Python\Python312\Lib\site-packages\django\db\models\base.py", line 1036, in _save_table
    updated = self._do_update(
              ^^^^^^^^^^^^^^^^
  File "C:\Users\User\AppData\Local\Programs\Python\Python312\Lib\site-packages\django\db\models\base.py", line 1101, in _do_update
    return filtered._update(values) > 0
           ^^^^^^^^^^^^^^^^^^^^^^^^
  File "C:\Users\User\AppData\Local\Programs\Python\Python312\Lib\site-packages\django\db\models\query.py", line 1278, in _update
    return query.get_compiler(self.db).execute_sql(CURSOR)
           ^^^^^^^^^^^^^^^^^^^^^^^^^^^^^^^^^^^^^^^^^^^^^^^
  File "C:\Users\User\AppData\Local\Programs\Python\Python312\Lib\site-packages\django\db\models\sql\compiler.py", line 1990, in execute_sql
    cursor = super().execute_sql(result_type)
             ^^^^^^^^^^^^^^^^^^^^^^^^^^^^^^^^
  File "C:\Users\User\AppData\Local\Programs\Python\Python312\Lib\site-packages\django\db\models\sql\compiler.py", line 1562, in execute_sql
    cursor.execute(sql, params)
  File "C:\Users\User\AppData\Local\Programs\Python\Python312\Lib\site-packages\django\db\backends\utils.py", line 122, in execute
    return super().execute(sql, params)
           ^^^^^^^^^^^^^^^^^^^^^^^^^^^^
  File "C:\Users\User\AppData\Local\Programs\Python\Python312\Lib\site-packages\django\db\backends\utils.py", line 79, in execute
    return self._execute_with_wrappers(
           ^^^^^^^^^^^^^^^^^^^^^^^^^^^^
  File "C:\Users\User\AppData\Local\Programs\Python\Python312\Lib\site-packages\django\db\backends\utils.py", line 92, in _execute_with_wrappers
    return executor(sql, params, many, context)
           ^^^^^^^^^^^^^^^^^^^^^^^^^^^^^^^^^^^^
  File "C:\Users\User\AppData\Local\Programs\Python\Python312\Lib\site-packages\django\db\backends\utils.py", line 100, in _execute
    with self.db.wrap_database_errors:
  File "C:\Users\User\AppData\Local\Programs\Python\Python312\Lib\site-packages\django\db\utils.py", line 91, in __exit__
    raise dj_exc_value.with_traceback(traceback) from exc_value
  File "C:\Users\User\AppData\Local\Programs\Python\Python312\Lib\site-packages\django\db\backends\utils.py", line 105, in _execute
    return self.cursor.execute(sql, params)
           ^^^^^^^^^^^^^^^^^^^^^^^^^^^^^^^^
  File "C:\Users\User\AppData\Local\Programs\Python\Python312\Lib\site-packages\django\db\backends\sqlite3\base.py", line 329, in execute
    return super().execute(query, params)
           ^^^^^^^^^^^^^^^^^^^^^^^^^^^^^^
django.db.utils.OperationalError: database is locked
ERROR 2025-10-08 15:53:16,838 basehttp 28364 15412 "GET /stock-declaration/api/notifications/ HTTP/1.1" 500 167700
INFO 2025-10-08 15:58:16,708 basehttp 28364 28056 "GET /docu-notification/api/notifications/ HTTP/1.1" 200 50
INFO 2025-10-08 15:58:16,721 basehttp 28364 25532 "GET /stock-declaration/api/notifications/ HTTP/1.1" 200 50
INFO 2025-10-08 16:03:16,728 basehttp 28364 25532 "GET /stock-declaration/api/notifications/ HTTP/1.1" 200 50
INFO 2025-10-08 16:03:16,740 basehttp 28364 28056 "GET /docu-notification/api/notifications/ HTTP/1.1" 200 50
INFO 2025-10-09 07:11:05,935 autoreload 14068 14084 Watching for file changes with StatReloader
INFO 2025-10-09 07:15:50,306 basehttp 14068 10844 "GET /docu-notification/api/notifications/ HTTP/1.1" 200 50
INFO 2025-10-09 07:15:50,323 basehttp 14068 25092 "GET /stock-declaration/api/notifications/ HTTP/1.1" 200 50
INFO 2025-10-09 07:20:50,295 basehttp 14068 25092 "GET /stock-declaration/api/notifications/ HTTP/1.1" 200 50
ERROR 2025-10-09 07:20:50,465 log 14068 10844 Internal Server Error: /docu-notification/api/notifications/
Traceback (most recent call last):
  File "C:\Users\User\AppData\Local\Programs\Python\Python312\Lib\site-packages\django\db\backends\utils.py", line 105, in _execute
    return self.cursor.execute(sql, params)
           ^^^^^^^^^^^^^^^^^^^^^^^^^^^^^^^^
  File "C:\Users\User\AppData\Local\Programs\Python\Python312\Lib\site-packages\django\db\backends\sqlite3\base.py", line 329, in execute
    return super().execute(query, params)
           ^^^^^^^^^^^^^^^^^^^^^^^^^^^^^^
sqlite3.OperationalError: database is locked

The above exception was the direct cause of the following exception:

Traceback (most recent call last):
  File "C:\Users\User\AppData\Local\Programs\Python\Python312\Lib\site-packages\django\core\handlers\exception.py", line 55, in inner
    response = get_response(request)
               ^^^^^^^^^^^^^^^^^^^^^
  File "C:\Users\User\Desktop\RPA\Website\PDN_Portal\pdnportal\chat\middleware.py", line 14, in __call__
    UserOnlineStatus.objects.update_or_create(
  File "C:\Users\User\AppData\Local\Programs\Python\Python312\Lib\site-packages\django\db\models\manager.py", line 87, in manager_method
    return getattr(self.get_queryset(), name)(*args, **kwargs)
           ^^^^^^^^^^^^^^^^^^^^^^^^^^^^^^^^^^^^^^^^^^^^^^^^^^^
  File "C:\Users\User\AppData\Local\Programs\Python\Python312\Lib\site-packages\django\db\models\query.py", line 1009, in update_or_create
    obj.save(using=self.db, update_fields=update_fields)
  File "C:\Users\User\AppData\Local\Programs\Python\Python312\Lib\site-packages\django\db\models\base.py", line 822, in save
    self.save_base(
  File "C:\Users\User\AppData\Local\Programs\Python\Python312\Lib\site-packages\django\db\models\base.py", line 909, in save_base
    updated = self._save_table(
              ^^^^^^^^^^^^^^^^^
  File "C:\Users\User\AppData\Local\Programs\Python\Python312\Lib\site-packages\django\db\models\base.py", line 1036, in _save_table
    updated = self._do_update(
              ^^^^^^^^^^^^^^^^
  File "C:\Users\User\AppData\Local\Programs\Python\Python312\Lib\site-packages\django\db\models\base.py", line 1101, in _do_update
    return filtered._update(values) > 0
           ^^^^^^^^^^^^^^^^^^^^^^^^
  File "C:\Users\User\AppData\Local\Programs\Python\Python312\Lib\site-packages\django\db\models\query.py", line 1278, in _update
    return query.get_compiler(self.db).execute_sql(CURSOR)
           ^^^^^^^^^^^^^^^^^^^^^^^^^^^^^^^^^^^^^^^^^^^^^^^
  File "C:\Users\User\AppData\Local\Programs\Python\Python312\Lib\site-packages\django\db\models\sql\compiler.py", line 1990, in execute_sql
    cursor = super().execute_sql(result_type)
             ^^^^^^^^^^^^^^^^^^^^^^^^^^^^^^^^
  File "C:\Users\User\AppData\Local\Programs\Python\Python312\Lib\site-packages\django\db\models\sql\compiler.py", line 1562, in execute_sql
    cursor.execute(sql, params)
  File "C:\Users\User\AppData\Local\Programs\Python\Python312\Lib\site-packages\django\db\backends\utils.py", line 122, in execute
    return super().execute(sql, params)
           ^^^^^^^^^^^^^^^^^^^^^^^^^^^^
  File "C:\Users\User\AppData\Local\Programs\Python\Python312\Lib\site-packages\django\db\backends\utils.py", line 79, in execute
    return self._execute_with_wrappers(
           ^^^^^^^^^^^^^^^^^^^^^^^^^^^^
  File "C:\Users\User\AppData\Local\Programs\Python\Python312\Lib\site-packages\django\db\backends\utils.py", line 92, in _execute_with_wrappers
    return executor(sql, params, many, context)
           ^^^^^^^^^^^^^^^^^^^^^^^^^^^^^^^^^^^^
  File "C:\Users\User\AppData\Local\Programs\Python\Python312\Lib\site-packages\django\db\backends\utils.py", line 100, in _execute
    with self.db.wrap_database_errors:
  File "C:\Users\User\AppData\Local\Programs\Python\Python312\Lib\site-packages\django\db\utils.py", line 91, in __exit__
    raise dj_exc_value.with_traceback(traceback) from exc_value
  File "C:\Users\User\AppData\Local\Programs\Python\Python312\Lib\site-packages\django\db\backends\utils.py", line 105, in _execute
    return self.cursor.execute(sql, params)
           ^^^^^^^^^^^^^^^^^^^^^^^^^^^^^^^^
  File "C:\Users\User\AppData\Local\Programs\Python\Python312\Lib\site-packages\django\db\backends\sqlite3\base.py", line 329, in execute
    return super().execute(query, params)
           ^^^^^^^^^^^^^^^^^^^^^^^^^^^^^^
django.db.utils.OperationalError: database is locked
ERROR 2025-10-09 07:20:50,480 basehttp 14068 10844 "GET /docu-notification/api/notifications/ HTTP/1.1" 500 162159
INFO 2025-10-09 07:21:16,482 autoreload 14068 14084 C:\Users\User\Desktop\RPA\Website\PDN_Portal\pdnportal\stockdeclaration\views.py changed, reloading.
INFO 2025-10-09 07:21:17,316 autoreload 11512 11816 Watching for file changes with StatReloader
INFO 2025-10-09 07:21:20,257 basehttp 11512 9460 "GET /docu-notification/ HTTP/1.1" 200 59771
INFO 2025-10-09 07:21:20,291 basehttp 11512 9460 "GET /static/css/job-order.css HTTP/1.1" 304 0
INFO 2025-10-09 07:21:20,298 basehttp 11512 9460 "GET /static/js/docunotification/docunotification.js HTTP/1.1" 304 0
INFO 2025-10-09 07:21:20,298 basehttp 11512 11632 "GET /static/css/docunotification/docunotification.css HTTP/1.1" 304 0
INFO 2025-10-09 07:21:20,298 basehttp 11512 13068 "GET /static/js/script2.js HTTP/1.1" 304 0
INFO 2025-10-09 07:21:20,298 basehttp 11512 27996 "GET /static/css/stockdeclaration/stockdeclaration.css HTTP/1.1" 304 0
INFO 2025-10-09 07:21:20,299 basehttp 11512 19780 "GET /static/css/qualitycontrol/qualitycontrol.css HTTP/1.1" 304 0
INFO 2025-10-09 07:21:20,399 basehttp 11512 13068 "GET /docu-notification/api/notifications/ HTTP/1.1" 200 50
INFO 2025-10-09 07:21:20,417 basehttp 11512 19780 "GET /stock-declaration/api/notifications/ HTTP/1.1" 200 50
WARNING 2025-10-09 07:21:20,438 log 11512 9460 Not Found: /favicon.ico
WARNING 2025-10-09 07:21:20,439 basehttp 11512 9460 "GET /favicon.ico HTTP/1.1" 404 4790
INFO 2025-10-09 07:26:20,397 basehttp 11512 19780 "GET /docu-notification/api/notifications/ HTTP/1.1" 200 50
ERROR 2025-10-09 07:26:20,483 log 11512 9460 Internal Server Error: /stock-declaration/api/notifications/
Traceback (most recent call last):
  File "C:\Users\User\AppData\Local\Programs\Python\Python312\Lib\site-packages\django\db\backends\utils.py", line 105, in _execute
    return self.cursor.execute(sql, params)
           ^^^^^^^^^^^^^^^^^^^^^^^^^^^^^^^^
  File "C:\Users\User\AppData\Local\Programs\Python\Python312\Lib\site-packages\django\db\backends\sqlite3\base.py", line 329, in execute
    return super().execute(query, params)
           ^^^^^^^^^^^^^^^^^^^^^^^^^^^^^^
sqlite3.OperationalError: database is locked

The above exception was the direct cause of the following exception:

Traceback (most recent call last):
  File "C:\Users\User\AppData\Local\Programs\Python\Python312\Lib\site-packages\django\core\handlers\exception.py", line 55, in inner
    response = get_response(request)
               ^^^^^^^^^^^^^^^^^^^^^
  File "C:\Users\User\Desktop\RPA\Website\PDN_Portal\pdnportal\chat\middleware.py", line 14, in __call__
    UserOnlineStatus.objects.update_or_create(
  File "C:\Users\User\AppData\Local\Programs\Python\Python312\Lib\site-packages\django\db\models\manager.py", line 87, in manager_method
    return getattr(self.get_queryset(), name)(*args, **kwargs)
           ^^^^^^^^^^^^^^^^^^^^^^^^^^^^^^^^^^^^^^^^^^^^^^^^^^^
  File "C:\Users\User\AppData\Local\Programs\Python\Python312\Lib\site-packages\django\db\models\query.py", line 1009, in update_or_create
    obj.save(using=self.db, update_fields=update_fields)
  File "C:\Users\User\AppData\Local\Programs\Python\Python312\Lib\site-packages\django\db\models\base.py", line 822, in save
    self.save_base(
  File "C:\Users\User\AppData\Local\Programs\Python\Python312\Lib\site-packages\django\db\models\base.py", line 909, in save_base
    updated = self._save_table(
              ^^^^^^^^^^^^^^^^^
  File "C:\Users\User\AppData\Local\Programs\Python\Python312\Lib\site-packages\django\db\models\base.py", line 1036, in _save_table
    updated = self._do_update(
              ^^^^^^^^^^^^^^^^
  File "C:\Users\User\AppData\Local\Programs\Python\Python312\Lib\site-packages\django\db\models\base.py", line 1101, in _do_update
    return filtered._update(values) > 0
           ^^^^^^^^^^^^^^^^^^^^^^^^
  File "C:\Users\User\AppData\Local\Programs\Python\Python312\Lib\site-packages\django\db\models\query.py", line 1278, in _update
    return query.get_compiler(self.db).execute_sql(CURSOR)
           ^^^^^^^^^^^^^^^^^^^^^^^^^^^^^^^^^^^^^^^^^^^^^^^
  File "C:\Users\User\AppData\Local\Programs\Python\Python312\Lib\site-packages\django\db\models\sql\compiler.py", line 1990, in execute_sql
    cursor = super().execute_sql(result_type)
             ^^^^^^^^^^^^^^^^^^^^^^^^^^^^^^^^
  File "C:\Users\User\AppData\Local\Programs\Python\Python312\Lib\site-packages\django\db\models\sql\compiler.py", line 1562, in execute_sql
    cursor.execute(sql, params)
  File "C:\Users\User\AppData\Local\Programs\Python\Python312\Lib\site-packages\django\db\backends\utils.py", line 122, in execute
    return super().execute(sql, params)
           ^^^^^^^^^^^^^^^^^^^^^^^^^^^^
  File "C:\Users\User\AppData\Local\Programs\Python\Python312\Lib\site-packages\django\db\backends\utils.py", line 79, in execute
    return self._execute_with_wrappers(
           ^^^^^^^^^^^^^^^^^^^^^^^^^^^^
  File "C:\Users\User\AppData\Local\Programs\Python\Python312\Lib\site-packages\django\db\backends\utils.py", line 92, in _execute_with_wrappers
    return executor(sql, params, many, context)
           ^^^^^^^^^^^^^^^^^^^^^^^^^^^^^^^^^^^^
  File "C:\Users\User\AppData\Local\Programs\Python\Python312\Lib\site-packages\django\db\backends\utils.py", line 100, in _execute
    with self.db.wrap_database_errors:
  File "C:\Users\User\AppData\Local\Programs\Python\Python312\Lib\site-packages\django\db\utils.py", line 91, in __exit__
    raise dj_exc_value.with_traceback(traceback) from exc_value
  File "C:\Users\User\AppData\Local\Programs\Python\Python312\Lib\site-packages\django\db\backends\utils.py", line 105, in _execute
    return self.cursor.execute(sql, params)
           ^^^^^^^^^^^^^^^^^^^^^^^^^^^^^^^^
  File "C:\Users\User\AppData\Local\Programs\Python\Python312\Lib\site-packages\django\db\backends\sqlite3\base.py", line 329, in execute
    return super().execute(query, params)
           ^^^^^^^^^^^^^^^^^^^^^^^^^^^^^^
django.db.utils.OperationalError: database is locked
ERROR 2025-10-09 07:26:20,496 basehttp 11512 9460 "GET /stock-declaration/api/notifications/ HTTP/1.1" 500 162156
INFO 2025-10-09 07:31:20,423 basehttp 11512 15896 "GET /docu-notification/api/notifications/ HTTP/1.1" 200 50
ERROR 2025-10-09 07:31:20,483 log 11512 10832 Internal Server Error: /stock-declaration/api/notifications/
Traceback (most recent call last):
  File "C:\Users\User\AppData\Local\Programs\Python\Python312\Lib\site-packages\django\db\backends\utils.py", line 105, in _execute
    return self.cursor.execute(sql, params)
           ^^^^^^^^^^^^^^^^^^^^^^^^^^^^^^^^
  File "C:\Users\User\AppData\Local\Programs\Python\Python312\Lib\site-packages\django\db\backends\sqlite3\base.py", line 329, in execute
    return super().execute(query, params)
           ^^^^^^^^^^^^^^^^^^^^^^^^^^^^^^
sqlite3.OperationalError: database is locked

The above exception was the direct cause of the following exception:

Traceback (most recent call last):
  File "C:\Users\User\AppData\Local\Programs\Python\Python312\Lib\site-packages\django\core\handlers\exception.py", line 55, in inner
    response = get_response(request)
               ^^^^^^^^^^^^^^^^^^^^^
  File "C:\Users\User\Desktop\RPA\Website\PDN_Portal\pdnportal\chat\middleware.py", line 14, in __call__
    UserOnlineStatus.objects.update_or_create(
  File "C:\Users\User\AppData\Local\Programs\Python\Python312\Lib\site-packages\django\db\models\manager.py", line 87, in manager_method
    return getattr(self.get_queryset(), name)(*args, **kwargs)
           ^^^^^^^^^^^^^^^^^^^^^^^^^^^^^^^^^^^^^^^^^^^^^^^^^^^
  File "C:\Users\User\AppData\Local\Programs\Python\Python312\Lib\site-packages\django\db\models\query.py", line 1009, in update_or_create
    obj.save(using=self.db, update_fields=update_fields)
  File "C:\Users\User\AppData\Local\Programs\Python\Python312\Lib\site-packages\django\db\models\base.py", line 822, in save
    self.save_base(
  File "C:\Users\User\AppData\Local\Programs\Python\Python312\Lib\site-packages\django\db\models\base.py", line 909, in save_base
    updated = self._save_table(
              ^^^^^^^^^^^^^^^^^
  File "C:\Users\User\AppData\Local\Programs\Python\Python312\Lib\site-packages\django\db\models\base.py", line 1036, in _save_table
    updated = self._do_update(
              ^^^^^^^^^^^^^^^^
  File "C:\Users\User\AppData\Local\Programs\Python\Python312\Lib\site-packages\django\db\models\base.py", line 1101, in _do_update
    return filtered._update(values) > 0
           ^^^^^^^^^^^^^^^^^^^^^^^^
  File "C:\Users\User\AppData\Local\Programs\Python\Python312\Lib\site-packages\django\db\models\query.py", line 1278, in _update
    return query.get_compiler(self.db).execute_sql(CURSOR)
           ^^^^^^^^^^^^^^^^^^^^^^^^^^^^^^^^^^^^^^^^^^^^^^^
  File "C:\Users\User\AppData\Local\Programs\Python\Python312\Lib\site-packages\django\db\models\sql\compiler.py", line 1990, in execute_sql
    cursor = super().execute_sql(result_type)
             ^^^^^^^^^^^^^^^^^^^^^^^^^^^^^^^^
  File "C:\Users\User\AppData\Local\Programs\Python\Python312\Lib\site-packages\django\db\models\sql\compiler.py", line 1562, in execute_sql
    cursor.execute(sql, params)
  File "C:\Users\User\AppData\Local\Programs\Python\Python312\Lib\site-packages\django\db\backends\utils.py", line 122, in execute
    return super().execute(sql, params)
           ^^^^^^^^^^^^^^^^^^^^^^^^^^^^
  File "C:\Users\User\AppData\Local\Programs\Python\Python312\Lib\site-packages\django\db\backends\utils.py", line 79, in execute
    return self._execute_with_wrappers(
           ^^^^^^^^^^^^^^^^^^^^^^^^^^^^
  File "C:\Users\User\AppData\Local\Programs\Python\Python312\Lib\site-packages\django\db\backends\utils.py", line 92, in _execute_with_wrappers
    return executor(sql, params, many, context)
           ^^^^^^^^^^^^^^^^^^^^^^^^^^^^^^^^^^^^
  File "C:\Users\User\AppData\Local\Programs\Python\Python312\Lib\site-packages\django\db\backends\utils.py", line 100, in _execute
    with self.db.wrap_database_errors:
  File "C:\Users\User\AppData\Local\Programs\Python\Python312\Lib\site-packages\django\db\utils.py", line 91, in __exit__
    raise dj_exc_value.with_traceback(traceback) from exc_value
  File "C:\Users\User\AppData\Local\Programs\Python\Python312\Lib\site-packages\django\db\backends\utils.py", line 105, in _execute
    return self.cursor.execute(sql, params)
           ^^^^^^^^^^^^^^^^^^^^^^^^^^^^^^^^
  File "C:\Users\User\AppData\Local\Programs\Python\Python312\Lib\site-packages\django\db\backends\sqlite3\base.py", line 329, in execute
    return super().execute(query, params)
           ^^^^^^^^^^^^^^^^^^^^^^^^^^^^^^
django.db.utils.OperationalError: database is locked
ERROR 2025-10-09 07:31:20,489 basehttp 11512 10832 "GET /stock-declaration/api/notifications/ HTTP/1.1" 500 162156
INFO 2025-10-09 07:36:20,380 basehttp 11512 10832 "GET /stock-declaration/api/notifications/ HTTP/1.1" 200 50
ERROR 2025-10-09 07:36:20,430 log 11512 15896 Internal Server Error: /docu-notification/api/notifications/
Traceback (most recent call last):
  File "C:\Users\User\AppData\Local\Programs\Python\Python312\Lib\site-packages\django\db\backends\utils.py", line 105, in _execute
    return self.cursor.execute(sql, params)
           ^^^^^^^^^^^^^^^^^^^^^^^^^^^^^^^^
  File "C:\Users\User\AppData\Local\Programs\Python\Python312\Lib\site-packages\django\db\backends\sqlite3\base.py", line 329, in execute
    return super().execute(query, params)
           ^^^^^^^^^^^^^^^^^^^^^^^^^^^^^^
sqlite3.OperationalError: database is locked

The above exception was the direct cause of the following exception:

Traceback (most recent call last):
  File "C:\Users\User\AppData\Local\Programs\Python\Python312\Lib\site-packages\django\core\handlers\exception.py", line 55, in inner
    response = get_response(request)
               ^^^^^^^^^^^^^^^^^^^^^
  File "C:\Users\User\Desktop\RPA\Website\PDN_Portal\pdnportal\chat\middleware.py", line 14, in __call__
    UserOnlineStatus.objects.update_or_create(
  File "C:\Users\User\AppData\Local\Programs\Python\Python312\Lib\site-packages\django\db\models\manager.py", line 87, in manager_method
    return getattr(self.get_queryset(), name)(*args, **kwargs)
           ^^^^^^^^^^^^^^^^^^^^^^^^^^^^^^^^^^^^^^^^^^^^^^^^^^^
  File "C:\Users\User\AppData\Local\Programs\Python\Python312\Lib\site-packages\django\db\models\query.py", line 1009, in update_or_create
    obj.save(using=self.db, update_fields=update_fields)
  File "C:\Users\User\AppData\Local\Programs\Python\Python312\Lib\site-packages\django\db\models\base.py", line 822, in save
    self.save_base(
  File "C:\Users\User\AppData\Local\Programs\Python\Python312\Lib\site-packages\django\db\models\base.py", line 909, in save_base
    updated = self._save_table(
              ^^^^^^^^^^^^^^^^^
  File "C:\Users\User\AppData\Local\Programs\Python\Python312\Lib\site-packages\django\db\models\base.py", line 1036, in _save_table
    updated = self._do_update(
              ^^^^^^^^^^^^^^^^
  File "C:\Users\User\AppData\Local\Programs\Python\Python312\Lib\site-packages\django\db\models\base.py", line 1101, in _do_update
    return filtered._update(values) > 0
           ^^^^^^^^^^^^^^^^^^^^^^^^
  File "C:\Users\User\AppData\Local\Programs\Python\Python312\Lib\site-packages\django\db\models\query.py", line 1278, in _update
    return query.get_compiler(self.db).execute_sql(CURSOR)
           ^^^^^^^^^^^^^^^^^^^^^^^^^^^^^^^^^^^^^^^^^^^^^^^
  File "C:\Users\User\AppData\Local\Programs\Python\Python312\Lib\site-packages\django\db\models\sql\compiler.py", line 1990, in execute_sql
    cursor = super().execute_sql(result_type)
             ^^^^^^^^^^^^^^^^^^^^^^^^^^^^^^^^
  File "C:\Users\User\AppData\Local\Programs\Python\Python312\Lib\site-packages\django\db\models\sql\compiler.py", line 1562, in execute_sql
    cursor.execute(sql, params)
  File "C:\Users\User\AppData\Local\Programs\Python\Python312\Lib\site-packages\django\db\backends\utils.py", line 122, in execute
    return super().execute(sql, params)
           ^^^^^^^^^^^^^^^^^^^^^^^^^^^^
  File "C:\Users\User\AppData\Local\Programs\Python\Python312\Lib\site-packages\django\db\backends\utils.py", line 79, in execute
    return self._execute_with_wrappers(
           ^^^^^^^^^^^^^^^^^^^^^^^^^^^^
  File "C:\Users\User\AppData\Local\Programs\Python\Python312\Lib\site-packages\django\db\backends\utils.py", line 92, in _execute_with_wrappers
    return executor(sql, params, many, context)
           ^^^^^^^^^^^^^^^^^^^^^^^^^^^^^^^^^^^^
  File "C:\Users\User\AppData\Local\Programs\Python\Python312\Lib\site-packages\django\db\backends\utils.py", line 100, in _execute
    with self.db.wrap_database_errors:
  File "C:\Users\User\AppData\Local\Programs\Python\Python312\Lib\site-packages\django\db\utils.py", line 91, in __exit__
    raise dj_exc_value.with_traceback(traceback) from exc_value
  File "C:\Users\User\AppData\Local\Programs\Python\Python312\Lib\site-packages\django\db\backends\utils.py", line 105, in _execute
    return self.cursor.execute(sql, params)
           ^^^^^^^^^^^^^^^^^^^^^^^^^^^^^^^^
  File "C:\Users\User\AppData\Local\Programs\Python\Python312\Lib\site-packages\django\db\backends\sqlite3\base.py", line 329, in execute
    return super().execute(query, params)
           ^^^^^^^^^^^^^^^^^^^^^^^^^^^^^^
django.db.utils.OperationalError: database is locked
ERROR 2025-10-09 07:36:20,431 basehttp 11512 15896 "GET /docu-notification/api/notifications/ HTTP/1.1" 500 162159
INFO 2025-10-09 07:41:01,335 autoreload 11512 11816 C:\Users\User\Desktop\RPA\Website\PDN_Portal\pdnportal\stockdeclaration\views.py changed, reloading.
INFO 2025-10-09 07:41:02,425 autoreload 8424 13144 Watching for file changes with StatReloader
INFO 2025-10-09 07:41:20,460 basehttp 8424 15612 "GET /docu-notification/api/notifications/ HTTP/1.1" 200 50
INFO 2025-10-09 07:41:20,483 basehttp 8424 11660 "GET /stock-declaration/api/notifications/ HTTP/1.1" 200 50
INFO 2025-10-09 07:41:25,800 basehttp 8424 11660 "GET /docu-notification/ HTTP/1.1" 200 59771
INFO 2025-10-09 07:41:25,953 basehttp 8424 15612 "GET /docu-notification/api/notifications/ HTTP/1.1" 200 50
ERROR 2025-10-09 07:41:26,009 log 8424 11660 Internal Server Error: /stock-declaration/api/notifications/
Traceback (most recent call last):
  File "C:\Users\User\AppData\Local\Programs\Python\Python312\Lib\site-packages\django\db\backends\utils.py", line 105, in _execute
    return self.cursor.execute(sql, params)
           ^^^^^^^^^^^^^^^^^^^^^^^^^^^^^^^^
  File "C:\Users\User\AppData\Local\Programs\Python\Python312\Lib\site-packages\django\db\backends\sqlite3\base.py", line 329, in execute
    return super().execute(query, params)
           ^^^^^^^^^^^^^^^^^^^^^^^^^^^^^^
sqlite3.OperationalError: database is locked

The above exception was the direct cause of the following exception:

Traceback (most recent call last):
  File "C:\Users\User\AppData\Local\Programs\Python\Python312\Lib\site-packages\django\core\handlers\exception.py", line 55, in inner
    response = get_response(request)
               ^^^^^^^^^^^^^^^^^^^^^
  File "C:\Users\User\Desktop\RPA\Website\PDN_Portal\pdnportal\chat\middleware.py", line 14, in __call__
    UserOnlineStatus.objects.update_or_create(
  File "C:\Users\User\AppData\Local\Programs\Python\Python312\Lib\site-packages\django\db\models\manager.py", line 87, in manager_method
    return getattr(self.get_queryset(), name)(*args, **kwargs)
           ^^^^^^^^^^^^^^^^^^^^^^^^^^^^^^^^^^^^^^^^^^^^^^^^^^^
  File "C:\Users\User\AppData\Local\Programs\Python\Python312\Lib\site-packages\django\db\models\query.py", line 1009, in update_or_create
    obj.save(using=self.db, update_fields=update_fields)
  File "C:\Users\User\AppData\Local\Programs\Python\Python312\Lib\site-packages\django\db\models\base.py", line 822, in save
    self.save_base(
  File "C:\Users\User\AppData\Local\Programs\Python\Python312\Lib\site-packages\django\db\models\base.py", line 909, in save_base
    updated = self._save_table(
              ^^^^^^^^^^^^^^^^^
  File "C:\Users\User\AppData\Local\Programs\Python\Python312\Lib\site-packages\django\db\models\base.py", line 1036, in _save_table
    updated = self._do_update(
              ^^^^^^^^^^^^^^^^
  File "C:\Users\User\AppData\Local\Programs\Python\Python312\Lib\site-packages\django\db\models\base.py", line 1101, in _do_update
    return filtered._update(values) > 0
           ^^^^^^^^^^^^^^^^^^^^^^^^
  File "C:\Users\User\AppData\Local\Programs\Python\Python312\Lib\site-packages\django\db\models\query.py", line 1278, in _update
    return query.get_compiler(self.db).execute_sql(CURSOR)
           ^^^^^^^^^^^^^^^^^^^^^^^^^^^^^^^^^^^^^^^^^^^^^^^
  File "C:\Users\User\AppData\Local\Programs\Python\Python312\Lib\site-packages\django\db\models\sql\compiler.py", line 1990, in execute_sql
    cursor = super().execute_sql(result_type)
             ^^^^^^^^^^^^^^^^^^^^^^^^^^^^^^^^
  File "C:\Users\User\AppData\Local\Programs\Python\Python312\Lib\site-packages\django\db\models\sql\compiler.py", line 1562, in execute_sql
    cursor.execute(sql, params)
  File "C:\Users\User\AppData\Local\Programs\Python\Python312\Lib\site-packages\django\db\backends\utils.py", line 122, in execute
    return super().execute(sql, params)
           ^^^^^^^^^^^^^^^^^^^^^^^^^^^^
  File "C:\Users\User\AppData\Local\Programs\Python\Python312\Lib\site-packages\django\db\backends\utils.py", line 79, in execute
    return self._execute_with_wrappers(
           ^^^^^^^^^^^^^^^^^^^^^^^^^^^^
  File "C:\Users\User\AppData\Local\Programs\Python\Python312\Lib\site-packages\django\db\backends\utils.py", line 92, in _execute_with_wrappers
    return executor(sql, params, many, context)
           ^^^^^^^^^^^^^^^^^^^^^^^^^^^^^^^^^^^^
  File "C:\Users\User\AppData\Local\Programs\Python\Python312\Lib\site-packages\django\db\backends\utils.py", line 100, in _execute
    with self.db.wrap_database_errors:
  File "C:\Users\User\AppData\Local\Programs\Python\Python312\Lib\site-packages\django\db\utils.py", line 91, in __exit__
    raise dj_exc_value.with_traceback(traceback) from exc_value
  File "C:\Users\User\AppData\Local\Programs\Python\Python312\Lib\site-packages\django\db\backends\utils.py", line 105, in _execute
    return self.cursor.execute(sql, params)
           ^^^^^^^^^^^^^^^^^^^^^^^^^^^^^^^^
  File "C:\Users\User\AppData\Local\Programs\Python\Python312\Lib\site-packages\django\db\backends\sqlite3\base.py", line 329, in execute
    return super().execute(query, params)
           ^^^^^^^^^^^^^^^^^^^^^^^^^^^^^^
django.db.utils.OperationalError: database is locked
ERROR 2025-10-09 07:41:26,019 basehttp 8424 11660 "GET /stock-declaration/api/notifications/ HTTP/1.1" 500 162156
ERROR 2025-10-09 07:44:05,826 log 8424 11660 Internal Server Error: /docu-notification/
Traceback (most recent call last):
  File "C:\Users\User\AppData\Local\Programs\Python\Python312\Lib\site-packages\django\db\backends\utils.py", line 105, in _execute
    return self.cursor.execute(sql, params)
           ^^^^^^^^^^^^^^^^^^^^^^^^^^^^^^^^
  File "C:\Users\User\AppData\Local\Programs\Python\Python312\Lib\site-packages\django\db\backends\sqlite3\base.py", line 329, in execute
    return super().execute(query, params)
           ^^^^^^^^^^^^^^^^^^^^^^^^^^^^^^
sqlite3.IntegrityError: NOT NULL constraint failed: docunotification_documentnotification.notification_sent_1day

The above exception was the direct cause of the following exception:

Traceback (most recent call last):
  File "C:\Users\User\AppData\Local\Programs\Python\Python312\Lib\site-packages\django\core\handlers\exception.py", line 55, in inner
    response = get_response(request)
               ^^^^^^^^^^^^^^^^^^^^^
  File "C:\Users\User\AppData\Local\Programs\Python\Python312\Lib\site-packages\django\core\handlers\base.py", line 197, in _get_response
    response = wrapped_callback(request, *callback_args, **callback_kwargs)
               ^^^^^^^^^^^^^^^^^^^^^^^^^^^^^^^^^^^^^^^^^^^^^^^^^^^^^^^^^^^^
  File "C:\Users\User\Desktop\RPA\Website\PDN_Portal\pdnportal\docunotification\views.py", line 98, in docunotification_view
    form.save()
  File "C:\Users\User\Desktop\RPA\Website\PDN_Portal\pdnportal\docunotification\forms.py", line 120, in save
    instance.save()
  File "C:\Users\User\Desktop\RPA\Website\PDN_Portal\pdnportal\docunotification\models.py", line 91, in save
    super().save(*args, **kwargs)
  File "C:\Users\User\AppData\Local\Programs\Python\Python312\Lib\site-packages\django\db\models\base.py", line 822, in save
    self.save_base(
  File "C:\Users\User\AppData\Local\Programs\Python\Python312\Lib\site-packages\django\db\models\base.py", line 909, in save_base
    updated = self._save_table(
              ^^^^^^^^^^^^^^^^^
  File "C:\Users\User\AppData\Local\Programs\Python\Python312\Lib\site-packages\django\db\models\base.py", line 1067, in _save_table
    results = self._do_insert(
              ^^^^^^^^^^^^^^^^
  File "C:\Users\User\AppData\Local\Programs\Python\Python312\Lib\site-packages\django\db\models\base.py", line 1108, in _do_insert
    return manager._insert(
           ^^^^^^^^^^^^^^^^
  File "C:\Users\User\AppData\Local\Programs\Python\Python312\Lib\site-packages\django\db\models\manager.py", line 87, in manager_method
    return getattr(self.get_queryset(), name)(*args, **kwargs)
           ^^^^^^^^^^^^^^^^^^^^^^^^^^^^^^^^^^^^^^^^^^^^^^^^^^^
  File "C:\Users\User\AppData\Local\Programs\Python\Python312\Lib\site-packages\django\db\models\query.py", line 1847, in _insert
    return query.get_compiler(using=using).execute_sql(returning_fields)
           ^^^^^^^^^^^^^^^^^^^^^^^^^^^^^^^^^^^^^^^^^^^^^^^^^^^^^^^^^^^^^
  File "C:\Users\User\AppData\Local\Programs\Python\Python312\Lib\site-packages\django\db\models\sql\compiler.py", line 1823, in execute_sql
    cursor.execute(sql, params)
  File "C:\Users\User\AppData\Local\Programs\Python\Python312\Lib\site-packages\django\db\backends\utils.py", line 122, in execute
    return super().execute(sql, params)
           ^^^^^^^^^^^^^^^^^^^^^^^^^^^^
  File "C:\Users\User\AppData\Local\Programs\Python\Python312\Lib\site-packages\django\db\backends\utils.py", line 79, in execute
    return self._execute_with_wrappers(
           ^^^^^^^^^^^^^^^^^^^^^^^^^^^^
  File "C:\Users\User\AppData\Local\Programs\Python\Python312\Lib\site-packages\django\db\backends\utils.py", line 92, in _execute_with_wrappers
    return executor(sql, params, many, context)
           ^^^^^^^^^^^^^^^^^^^^^^^^^^^^^^^^^^^^
  File "C:\Users\User\AppData\Local\Programs\Python\Python312\Lib\site-packages\django\db\backends\utils.py", line 100, in _execute
    with self.db.wrap_database_errors:
  File "C:\Users\User\AppData\Local\Programs\Python\Python312\Lib\site-packages\django\db\utils.py", line 91, in __exit__
    raise dj_exc_value.with_traceback(traceback) from exc_value
  File "C:\Users\User\AppData\Local\Programs\Python\Python312\Lib\site-packages\django\db\backends\utils.py", line 105, in _execute
    return self.cursor.execute(sql, params)
           ^^^^^^^^^^^^^^^^^^^^^^^^^^^^^^^^
  File "C:\Users\User\AppData\Local\Programs\Python\Python312\Lib\site-packages\django\db\backends\sqlite3\base.py", line 329, in execute
    return super().execute(query, params)
           ^^^^^^^^^^^^^^^^^^^^^^^^^^^^^^
django.db.utils.IntegrityError: NOT NULL constraint failed: docunotification_documentnotification.notification_sent_1day
ERROR 2025-10-09 07:44:05,843 basehttp 8424 11660 "POST /docu-notification/ HTTP/1.1" 500 180947
ERROR 2025-10-09 07:44:12,120 log 8424 11660 Internal Server Error: /docu-notification/
Traceback (most recent call last):
  File "C:\Users\User\AppData\Local\Programs\Python\Python312\Lib\site-packages\django\db\backends\utils.py", line 105, in _execute
    return self.cursor.execute(sql, params)
           ^^^^^^^^^^^^^^^^^^^^^^^^^^^^^^^^
  File "C:\Users\User\AppData\Local\Programs\Python\Python312\Lib\site-packages\django\db\backends\sqlite3\base.py", line 329, in execute
    return super().execute(query, params)
           ^^^^^^^^^^^^^^^^^^^^^^^^^^^^^^
sqlite3.IntegrityError: NOT NULL constraint failed: docunotification_documentnotification.notification_sent_1day

The above exception was the direct cause of the following exception:

Traceback (most recent call last):
  File "C:\Users\User\AppData\Local\Programs\Python\Python312\Lib\site-packages\django\core\handlers\exception.py", line 55, in inner
    response = get_response(request)
               ^^^^^^^^^^^^^^^^^^^^^
  File "C:\Users\User\AppData\Local\Programs\Python\Python312\Lib\site-packages\django\core\handlers\base.py", line 197, in _get_response
    response = wrapped_callback(request, *callback_args, **callback_kwargs)
               ^^^^^^^^^^^^^^^^^^^^^^^^^^^^^^^^^^^^^^^^^^^^^^^^^^^^^^^^^^^^
  File "C:\Users\User\Desktop\RPA\Website\PDN_Portal\pdnportal\docunotification\views.py", line 98, in docunotification_view
    form.save()
  File "C:\Users\User\Desktop\RPA\Website\PDN_Portal\pdnportal\docunotification\forms.py", line 120, in save
    instance.save()
  File "C:\Users\User\Desktop\RPA\Website\PDN_Portal\pdnportal\docunotification\models.py", line 91, in save
    super().save(*args, **kwargs)
  File "C:\Users\User\AppData\Local\Programs\Python\Python312\Lib\site-packages\django\db\models\base.py", line 822, in save
    self.save_base(
  File "C:\Users\User\AppData\Local\Programs\Python\Python312\Lib\site-packages\django\db\models\base.py", line 909, in save_base
    updated = self._save_table(
              ^^^^^^^^^^^^^^^^^
  File "C:\Users\User\AppData\Local\Programs\Python\Python312\Lib\site-packages\django\db\models\base.py", line 1067, in _save_table
    results = self._do_insert(
              ^^^^^^^^^^^^^^^^
  File "C:\Users\User\AppData\Local\Programs\Python\Python312\Lib\site-packages\django\db\models\base.py", line 1108, in _do_insert
    return manager._insert(
           ^^^^^^^^^^^^^^^^
  File "C:\Users\User\AppData\Local\Programs\Python\Python312\Lib\site-packages\django\db\models\manager.py", line 87, in manager_method
    return getattr(self.get_queryset(), name)(*args, **kwargs)
           ^^^^^^^^^^^^^^^^^^^^^^^^^^^^^^^^^^^^^^^^^^^^^^^^^^^
  File "C:\Users\User\AppData\Local\Programs\Python\Python312\Lib\site-packages\django\db\models\query.py", line 1847, in _insert
    return query.get_compiler(using=using).execute_sql(returning_fields)
           ^^^^^^^^^^^^^^^^^^^^^^^^^^^^^^^^^^^^^^^^^^^^^^^^^^^^^^^^^^^^^
  File "C:\Users\User\AppData\Local\Programs\Python\Python312\Lib\site-packages\django\db\models\sql\compiler.py", line 1823, in execute_sql
    cursor.execute(sql, params)
  File "C:\Users\User\AppData\Local\Programs\Python\Python312\Lib\site-packages\django\db\backends\utils.py", line 122, in execute
    return super().execute(sql, params)
           ^^^^^^^^^^^^^^^^^^^^^^^^^^^^
  File "C:\Users\User\AppData\Local\Programs\Python\Python312\Lib\site-packages\django\db\backends\utils.py", line 79, in execute
    return self._execute_with_wrappers(
           ^^^^^^^^^^^^^^^^^^^^^^^^^^^^
  File "C:\Users\User\AppData\Local\Programs\Python\Python312\Lib\site-packages\django\db\backends\utils.py", line 92, in _execute_with_wrappers
    return executor(sql, params, many, context)
           ^^^^^^^^^^^^^^^^^^^^^^^^^^^^^^^^^^^^
  File "C:\Users\User\AppData\Local\Programs\Python\Python312\Lib\site-packages\django\db\backends\utils.py", line 100, in _execute
    with self.db.wrap_database_errors:
  File "C:\Users\User\AppData\Local\Programs\Python\Python312\Lib\site-packages\django\db\utils.py", line 91, in __exit__
    raise dj_exc_value.with_traceback(traceback) from exc_value
  File "C:\Users\User\AppData\Local\Programs\Python\Python312\Lib\site-packages\django\db\backends\utils.py", line 105, in _execute
    return self.cursor.execute(sql, params)
           ^^^^^^^^^^^^^^^^^^^^^^^^^^^^^^^^
  File "C:\Users\User\AppData\Local\Programs\Python\Python312\Lib\site-packages\django\db\backends\sqlite3\base.py", line 329, in execute
    return super().execute(query, params)
           ^^^^^^^^^^^^^^^^^^^^^^^^^^^^^^
django.db.utils.IntegrityError: NOT NULL constraint failed: docunotification_documentnotification.notification_sent_1day
ERROR 2025-10-09 07:44:12,137 basehttp 8424 11660 "POST /docu-notification/ HTTP/1.1" 500 180947
WARNING 2025-10-09 07:44:15,154 log 8424 11660 Not Found: /.well-known/appspecific/com.chrome.devtools.json
WARNING 2025-10-09 07:44:15,154 basehttp 8424 11660 "GET /.well-known/appspecific/com.chrome.devtools.json HTTP/1.1" 404 4901
INFO 2025-10-09 07:44:24,215 basehttp 8424 11660 "GET /docu-notification/ HTTP/1.1" 200 59771
WARNING 2025-10-09 07:44:24,259 log 8424 11660 Not Found: /.well-known/appspecific/com.chrome.devtools.json
WARNING 2025-10-09 07:44:24,261 basehttp 8424 11660 "GET /.well-known/appspecific/com.chrome.devtools.json HTTP/1.1" 404 4901
INFO 2025-10-09 07:44:24,363 basehttp 8424 15612 "GET /docu-notification/api/notifications/ HTTP/1.1" 200 50
ERROR 2025-10-09 07:44:24,426 log 8424 11660 Internal Server Error: /stock-declaration/api/notifications/
Traceback (most recent call last):
  File "C:\Users\User\AppData\Local\Programs\Python\Python312\Lib\site-packages\django\db\backends\utils.py", line 105, in _execute
    return self.cursor.execute(sql, params)
           ^^^^^^^^^^^^^^^^^^^^^^^^^^^^^^^^
  File "C:\Users\User\AppData\Local\Programs\Python\Python312\Lib\site-packages\django\db\backends\sqlite3\base.py", line 329, in execute
    return super().execute(query, params)
           ^^^^^^^^^^^^^^^^^^^^^^^^^^^^^^
sqlite3.OperationalError: database is locked

The above exception was the direct cause of the following exception:

Traceback (most recent call last):
  File "C:\Users\User\AppData\Local\Programs\Python\Python312\Lib\site-packages\django\core\handlers\exception.py", line 55, in inner
    response = get_response(request)
               ^^^^^^^^^^^^^^^^^^^^^
  File "C:\Users\User\Desktop\RPA\Website\PDN_Portal\pdnportal\chat\middleware.py", line 14, in __call__
    UserOnlineStatus.objects.update_or_create(
  File "C:\Users\User\AppData\Local\Programs\Python\Python312\Lib\site-packages\django\db\models\manager.py", line 87, in manager_method
    return getattr(self.get_queryset(), name)(*args, **kwargs)
           ^^^^^^^^^^^^^^^^^^^^^^^^^^^^^^^^^^^^^^^^^^^^^^^^^^^
  File "C:\Users\User\AppData\Local\Programs\Python\Python312\Lib\site-packages\django\db\models\query.py", line 1009, in update_or_create
    obj.save(using=self.db, update_fields=update_fields)
  File "C:\Users\User\AppData\Local\Programs\Python\Python312\Lib\site-packages\django\db\models\base.py", line 822, in save
    self.save_base(
  File "C:\Users\User\AppData\Local\Programs\Python\Python312\Lib\site-packages\django\db\models\base.py", line 909, in save_base
    updated = self._save_table(
              ^^^^^^^^^^^^^^^^^
  File "C:\Users\User\AppData\Local\Programs\Python\Python312\Lib\site-packages\django\db\models\base.py", line 1036, in _save_table
    updated = self._do_update(
              ^^^^^^^^^^^^^^^^
  File "C:\Users\User\AppData\Local\Programs\Python\Python312\Lib\site-packages\django\db\models\base.py", line 1101, in _do_update
    return filtered._update(values) > 0
           ^^^^^^^^^^^^^^^^^^^^^^^^
  File "C:\Users\User\AppData\Local\Programs\Python\Python312\Lib\site-packages\django\db\models\query.py", line 1278, in _update
    return query.get_compiler(self.db).execute_sql(CURSOR)
           ^^^^^^^^^^^^^^^^^^^^^^^^^^^^^^^^^^^^^^^^^^^^^^^
  File "C:\Users\User\AppData\Local\Programs\Python\Python312\Lib\site-packages\django\db\models\sql\compiler.py", line 1990, in execute_sql
    cursor = super().execute_sql(result_type)
             ^^^^^^^^^^^^^^^^^^^^^^^^^^^^^^^^
  File "C:\Users\User\AppData\Local\Programs\Python\Python312\Lib\site-packages\django\db\models\sql\compiler.py", line 1562, in execute_sql
    cursor.execute(sql, params)
  File "C:\Users\User\AppData\Local\Programs\Python\Python312\Lib\site-packages\django\db\backends\utils.py", line 122, in execute
    return super().execute(sql, params)
           ^^^^^^^^^^^^^^^^^^^^^^^^^^^^
  File "C:\Users\User\AppData\Local\Programs\Python\Python312\Lib\site-packages\django\db\backends\utils.py", line 79, in execute
    return self._execute_with_wrappers(
           ^^^^^^^^^^^^^^^^^^^^^^^^^^^^
  File "C:\Users\User\AppData\Local\Programs\Python\Python312\Lib\site-packages\django\db\backends\utils.py", line 92, in _execute_with_wrappers
    return executor(sql, params, many, context)
           ^^^^^^^^^^^^^^^^^^^^^^^^^^^^^^^^^^^^
  File "C:\Users\User\AppData\Local\Programs\Python\Python312\Lib\site-packages\django\db\backends\utils.py", line 100, in _execute
    with self.db.wrap_database_errors:
  File "C:\Users\User\AppData\Local\Programs\Python\Python312\Lib\site-packages\django\db\utils.py", line 91, in __exit__
    raise dj_exc_value.with_traceback(traceback) from exc_value
  File "C:\Users\User\AppData\Local\Programs\Python\Python312\Lib\site-packages\django\db\backends\utils.py", line 105, in _execute
    return self.cursor.execute(sql, params)
           ^^^^^^^^^^^^^^^^^^^^^^^^^^^^^^^^
  File "C:\Users\User\AppData\Local\Programs\Python\Python312\Lib\site-packages\django\db\backends\sqlite3\base.py", line 329, in execute
    return super().execute(query, params)
           ^^^^^^^^^^^^^^^^^^^^^^^^^^^^^^
django.db.utils.OperationalError: database is locked
ERROR 2025-10-09 07:44:24,433 basehttp 8424 11660 "GET /stock-declaration/api/notifications/ HTTP/1.1" 500 162156
ERROR 2025-10-09 07:44:41,428 log 8424 11660 Internal Server Error: /docu-notification/
Traceback (most recent call last):
  File "C:\Users\User\AppData\Local\Programs\Python\Python312\Lib\site-packages\django\db\backends\utils.py", line 105, in _execute
    return self.cursor.execute(sql, params)
           ^^^^^^^^^^^^^^^^^^^^^^^^^^^^^^^^
  File "C:\Users\User\AppData\Local\Programs\Python\Python312\Lib\site-packages\django\db\backends\sqlite3\base.py", line 329, in execute
    return super().execute(query, params)
           ^^^^^^^^^^^^^^^^^^^^^^^^^^^^^^
sqlite3.IntegrityError: NOT NULL constraint failed: docunotification_documentnotification.notification_sent_1day

The above exception was the direct cause of the following exception:

Traceback (most recent call last):
  File "C:\Users\User\AppData\Local\Programs\Python\Python312\Lib\site-packages\django\core\handlers\exception.py", line 55, in inner
    response = get_response(request)
               ^^^^^^^^^^^^^^^^^^^^^
  File "C:\Users\User\AppData\Local\Programs\Python\Python312\Lib\site-packages\django\core\handlers\base.py", line 197, in _get_response
    response = wrapped_callback(request, *callback_args, **callback_kwargs)
               ^^^^^^^^^^^^^^^^^^^^^^^^^^^^^^^^^^^^^^^^^^^^^^^^^^^^^^^^^^^^
  File "C:\Users\User\Desktop\RPA\Website\PDN_Portal\pdnportal\docunotification\views.py", line 98, in docunotification_view
    form.save()
  File "C:\Users\User\Desktop\RPA\Website\PDN_Portal\pdnportal\docunotification\forms.py", line 120, in save
    instance.save()
  File "C:\Users\User\Desktop\RPA\Website\PDN_Portal\pdnportal\docunotification\models.py", line 91, in save
    super().save(*args, **kwargs)
  File "C:\Users\User\AppData\Local\Programs\Python\Python312\Lib\site-packages\django\db\models\base.py", line 822, in save
    self.save_base(
  File "C:\Users\User\AppData\Local\Programs\Python\Python312\Lib\site-packages\django\db\models\base.py", line 909, in save_base
    updated = self._save_table(
              ^^^^^^^^^^^^^^^^^
  File "C:\Users\User\AppData\Local\Programs\Python\Python312\Lib\site-packages\django\db\models\base.py", line 1067, in _save_table
    results = self._do_insert(
              ^^^^^^^^^^^^^^^^
  File "C:\Users\User\AppData\Local\Programs\Python\Python312\Lib\site-packages\django\db\models\base.py", line 1108, in _do_insert
    return manager._insert(
           ^^^^^^^^^^^^^^^^
  File "C:\Users\User\AppData\Local\Programs\Python\Python312\Lib\site-packages\django\db\models\manager.py", line 87, in manager_method
    return getattr(self.get_queryset(), name)(*args, **kwargs)
           ^^^^^^^^^^^^^^^^^^^^^^^^^^^^^^^^^^^^^^^^^^^^^^^^^^^
  File "C:\Users\User\AppData\Local\Programs\Python\Python312\Lib\site-packages\django\db\models\query.py", line 1847, in _insert
    return query.get_compiler(using=using).execute_sql(returning_fields)
           ^^^^^^^^^^^^^^^^^^^^^^^^^^^^^^^^^^^^^^^^^^^^^^^^^^^^^^^^^^^^^
  File "C:\Users\User\AppData\Local\Programs\Python\Python312\Lib\site-packages\django\db\models\sql\compiler.py", line 1823, in execute_sql
    cursor.execute(sql, params)
  File "C:\Users\User\AppData\Local\Programs\Python\Python312\Lib\site-packages\django\db\backends\utils.py", line 122, in execute
    return super().execute(sql, params)
           ^^^^^^^^^^^^^^^^^^^^^^^^^^^^
  File "C:\Users\User\AppData\Local\Programs\Python\Python312\Lib\site-packages\django\db\backends\utils.py", line 79, in execute
    return self._execute_with_wrappers(
           ^^^^^^^^^^^^^^^^^^^^^^^^^^^^
  File "C:\Users\User\AppData\Local\Programs\Python\Python312\Lib\site-packages\django\db\backends\utils.py", line 92, in _execute_with_wrappers
    return executor(sql, params, many, context)
           ^^^^^^^^^^^^^^^^^^^^^^^^^^^^^^^^^^^^
  File "C:\Users\User\AppData\Local\Programs\Python\Python312\Lib\site-packages\django\db\backends\utils.py", line 100, in _execute
    with self.db.wrap_database_errors:
  File "C:\Users\User\AppData\Local\Programs\Python\Python312\Lib\site-packages\django\db\utils.py", line 91, in __exit__
    raise dj_exc_value.with_traceback(traceback) from exc_value
  File "C:\Users\User\AppData\Local\Programs\Python\Python312\Lib\site-packages\django\db\backends\utils.py", line 105, in _execute
    return self.cursor.execute(sql, params)
           ^^^^^^^^^^^^^^^^^^^^^^^^^^^^^^^^
  File "C:\Users\User\AppData\Local\Programs\Python\Python312\Lib\site-packages\django\db\backends\sqlite3\base.py", line 329, in execute
    return super().execute(query, params)
           ^^^^^^^^^^^^^^^^^^^^^^^^^^^^^^
django.db.utils.IntegrityError: NOT NULL constraint failed: docunotification_documentnotification.notification_sent_1day
ERROR 2025-10-09 07:44:41,449 basehttp 8424 11660 "POST /docu-notification/ HTTP/1.1" 500 180947
INFO 2025-10-09 07:46:20,104 autoreload 8424 13144 C:\Users\User\Desktop\RPA\Website\PDN_Portal\pdnportal\docunotification\views.py changed, reloading.
INFO 2025-10-09 07:46:20,854 autoreload 16012 27300 Watching for file changes with StatReloader
INFO 2025-10-09 07:46:41,668 autoreload 16012 27300 C:\Users\User\Desktop\RPA\Website\PDN_Portal\pdnportal\docunotification\views.py changed, reloading.
INFO 2025-10-09 07:46:42,408 autoreload 24124 10080 Watching for file changes with StatReloader
INFO 2025-10-09 07:46:44,478 basehttp 24124 21000 "GET /docu-notification/ HTTP/1.1" 200 59771
WARNING 2025-10-09 07:46:44,538 log 24124 21000 Not Found: /.well-known/appspecific/com.chrome.devtools.json
WARNING 2025-10-09 07:46:44,539 basehttp 24124 21000 "GET /.well-known/appspecific/com.chrome.devtools.json HTTP/1.1" 404 4901
INFO 2025-10-09 07:46:44,670 basehttp 24124 21000 "GET /stock-declaration/api/notifications/ HTTP/1.1" 200 50
ERROR 2025-10-09 07:46:44,747 log 24124 15500 Internal Server Error: /docu-notification/api/notifications/
Traceback (most recent call last):
  File "C:\Users\User\AppData\Local\Programs\Python\Python312\Lib\site-packages\django\db\backends\utils.py", line 105, in _execute
    return self.cursor.execute(sql, params)
           ^^^^^^^^^^^^^^^^^^^^^^^^^^^^^^^^
  File "C:\Users\User\AppData\Local\Programs\Python\Python312\Lib\site-packages\django\db\backends\sqlite3\base.py", line 329, in execute
    return super().execute(query, params)
           ^^^^^^^^^^^^^^^^^^^^^^^^^^^^^^
sqlite3.OperationalError: database is locked

The above exception was the direct cause of the following exception:

Traceback (most recent call last):
  File "C:\Users\User\AppData\Local\Programs\Python\Python312\Lib\site-packages\django\core\handlers\exception.py", line 55, in inner
    response = get_response(request)
               ^^^^^^^^^^^^^^^^^^^^^
  File "C:\Users\User\Desktop\RPA\Website\PDN_Portal\pdnportal\chat\middleware.py", line 14, in __call__
    UserOnlineStatus.objects.update_or_create(
  File "C:\Users\User\AppData\Local\Programs\Python\Python312\Lib\site-packages\django\db\models\manager.py", line 87, in manager_method
    return getattr(self.get_queryset(), name)(*args, **kwargs)
           ^^^^^^^^^^^^^^^^^^^^^^^^^^^^^^^^^^^^^^^^^^^^^^^^^^^
  File "C:\Users\User\AppData\Local\Programs\Python\Python312\Lib\site-packages\django\db\models\query.py", line 1009, in update_or_create
    obj.save(using=self.db, update_fields=update_fields)
  File "C:\Users\User\AppData\Local\Programs\Python\Python312\Lib\site-packages\django\db\models\base.py", line 822, in save
    self.save_base(
  File "C:\Users\User\AppData\Local\Programs\Python\Python312\Lib\site-packages\django\db\models\base.py", line 909, in save_base
    updated = self._save_table(
              ^^^^^^^^^^^^^^^^^
  File "C:\Users\User\AppData\Local\Programs\Python\Python312\Lib\site-packages\django\db\models\base.py", line 1036, in _save_table
    updated = self._do_update(
              ^^^^^^^^^^^^^^^^
  File "C:\Users\User\AppData\Local\Programs\Python\Python312\Lib\site-packages\django\db\models\base.py", line 1101, in _do_update
    return filtered._update(values) > 0
           ^^^^^^^^^^^^^^^^^^^^^^^^
  File "C:\Users\User\AppData\Local\Programs\Python\Python312\Lib\site-packages\django\db\models\query.py", line 1278, in _update
    return query.get_compiler(self.db).execute_sql(CURSOR)
           ^^^^^^^^^^^^^^^^^^^^^^^^^^^^^^^^^^^^^^^^^^^^^^^
  File "C:\Users\User\AppData\Local\Programs\Python\Python312\Lib\site-packages\django\db\models\sql\compiler.py", line 1990, in execute_sql
    cursor = super().execute_sql(result_type)
             ^^^^^^^^^^^^^^^^^^^^^^^^^^^^^^^^
  File "C:\Users\User\AppData\Local\Programs\Python\Python312\Lib\site-packages\django\db\models\sql\compiler.py", line 1562, in execute_sql
    cursor.execute(sql, params)
  File "C:\Users\User\AppData\Local\Programs\Python\Python312\Lib\site-packages\django\db\backends\utils.py", line 122, in execute
    return super().execute(sql, params)
           ^^^^^^^^^^^^^^^^^^^^^^^^^^^^
  File "C:\Users\User\AppData\Local\Programs\Python\Python312\Lib\site-packages\django\db\backends\utils.py", line 79, in execute
    return self._execute_with_wrappers(
           ^^^^^^^^^^^^^^^^^^^^^^^^^^^^
  File "C:\Users\User\AppData\Local\Programs\Python\Python312\Lib\site-packages\django\db\backends\utils.py", line 92, in _execute_with_wrappers
    return executor(sql, params, many, context)
           ^^^^^^^^^^^^^^^^^^^^^^^^^^^^^^^^^^^^
  File "C:\Users\User\AppData\Local\Programs\Python\Python312\Lib\site-packages\django\db\backends\utils.py", line 100, in _execute
    with self.db.wrap_database_errors:
  File "C:\Users\User\AppData\Local\Programs\Python\Python312\Lib\site-packages\django\db\utils.py", line 91, in __exit__
    raise dj_exc_value.with_traceback(traceback) from exc_value
  File "C:\Users\User\AppData\Local\Programs\Python\Python312\Lib\site-packages\django\db\backends\utils.py", line 105, in _execute
    return self.cursor.execute(sql, params)
           ^^^^^^^^^^^^^^^^^^^^^^^^^^^^^^^^
  File "C:\Users\User\AppData\Local\Programs\Python\Python312\Lib\site-packages\django\db\backends\sqlite3\base.py", line 329, in execute
    return super().execute(query, params)
           ^^^^^^^^^^^^^^^^^^^^^^^^^^^^^^
django.db.utils.OperationalError: database is locked
ERROR 2025-10-09 07:46:44,758 basehttp 24124 15500 "GET /docu-notification/api/notifications/ HTTP/1.1" 500 162159
INFO 2025-10-09 07:46:47,121 basehttp 24124 15500 "GET /docu-notification/ HTTP/1.1" 200 59771
INFO 2025-10-09 07:46:47,177 basehttp 24124 21000 "GET /static/css/style-ver2.css HTTP/1.1" 200 12438
INFO 2025-10-09 07:46:47,177 basehttp 24124 24044 "GET /static/css/stockdeclaration/stockdeclaration.css HTTP/1.1" 200 3684
INFO 2025-10-09 07:46:47,180 basehttp 24124 2012 "GET /static/css/qualitycontrol/qualitycontrol.css HTTP/1.1" 200 9691
INFO 2025-10-09 07:46:47,180 basehttp 24124 11024 "GET /static/css/job-order.css HTTP/1.1" 200 39525
WARNING 2025-10-09 07:46:47,183 log 24124 15500 Not Found: /.well-known/appspecific/com.chrome.devtools.json
WARNING 2025-10-09 07:46:47,185 basehttp 24124 15500 "GET /.well-known/appspecific/com.chrome.devtools.json HTTP/1.1" 404 4901
INFO 2025-10-09 07:46:47,185 basehttp 24124 21000 "GET /static/css/docunotification/docunotification.css HTTP/1.1" 200 8546
INFO 2025-10-09 07:46:47,244 basehttp 24124 4376 "GET /static/css/overview/overview.css HTTP/1.1" 200 33881
INFO 2025-10-09 07:46:47,245 basehttp 24124 24044 "GET /static/images/icons/amd%20(1).svg HTTP/1.1" 200 230
INFO 2025-10-09 07:46:47,248 basehttp 24124 2012 "GET /static/js/script2.js HTTP/1.1" 200 10849
INFO 2025-10-09 07:46:47,248 basehttp 24124 15500 "GET /static/js/docunotification/docunotification.js HTTP/1.1" 200 27343
INFO 2025-10-09 07:46:47,260 basehttp 24124 11024 "GET /media/profile/avatar8.png HTTP/1.1" 200 32718
INFO 2025-10-09 07:46:48,585 basehttp 24124 15500 "GET /docu-notification/api/notifications/ HTTP/1.1" 200 50
INFO 2025-10-09 07:46:48,593 basehttp 24124 11024 "GET /stock-declaration/api/notifications/ HTTP/1.1" 200 50
WARNING 2025-10-09 07:46:48,780 log 24124 11024 Not Found: /favicon.ico
WARNING 2025-10-09 07:46:48,782 basehttp 24124 11024 "GET /favicon.ico HTTP/1.1" 404 4790
INFO 2025-10-09 07:46:52,647 basehttp 24124 11024 "GET /docu-notification/ HTTP/1.1" 200 59771
WARNING 2025-10-09 07:46:52,702 log 24124 11024 Not Found: /.well-known/appspecific/com.chrome.devtools.json
WARNING 2025-10-09 07:46:52,704 basehttp 24124 11024 "GET /.well-known/appspecific/com.chrome.devtools.json HTTP/1.1" 404 4901
INFO 2025-10-09 07:46:52,828 basehttp 24124 15500 "GET /docu-notification/api/notifications/ HTTP/1.1" 200 50
ERROR 2025-10-09 07:46:52,907 log 24124 11024 Internal Server Error: /stock-declaration/api/notifications/
Traceback (most recent call last):
  File "C:\Users\User\AppData\Local\Programs\Python\Python312\Lib\site-packages\django\db\backends\utils.py", line 105, in _execute
    return self.cursor.execute(sql, params)
           ^^^^^^^^^^^^^^^^^^^^^^^^^^^^^^^^
  File "C:\Users\User\AppData\Local\Programs\Python\Python312\Lib\site-packages\django\db\backends\sqlite3\base.py", line 329, in execute
    return super().execute(query, params)
           ^^^^^^^^^^^^^^^^^^^^^^^^^^^^^^
sqlite3.OperationalError: database is locked

The above exception was the direct cause of the following exception:

Traceback (most recent call last):
  File "C:\Users\User\AppData\Local\Programs\Python\Python312\Lib\site-packages\django\core\handlers\exception.py", line 55, in inner
    response = get_response(request)
               ^^^^^^^^^^^^^^^^^^^^^
  File "C:\Users\User\Desktop\RPA\Website\PDN_Portal\pdnportal\chat\middleware.py", line 14, in __call__
    UserOnlineStatus.objects.update_or_create(
  File "C:\Users\User\AppData\Local\Programs\Python\Python312\Lib\site-packages\django\db\models\manager.py", line 87, in manager_method
    return getattr(self.get_queryset(), name)(*args, **kwargs)
           ^^^^^^^^^^^^^^^^^^^^^^^^^^^^^^^^^^^^^^^^^^^^^^^^^^^
  File "C:\Users\User\AppData\Local\Programs\Python\Python312\Lib\site-packages\django\db\models\query.py", line 1009, in update_or_create
    obj.save(using=self.db, update_fields=update_fields)
  File "C:\Users\User\AppData\Local\Programs\Python\Python312\Lib\site-packages\django\db\models\base.py", line 822, in save
    self.save_base(
  File "C:\Users\User\AppData\Local\Programs\Python\Python312\Lib\site-packages\django\db\models\base.py", line 909, in save_base
    updated = self._save_table(
              ^^^^^^^^^^^^^^^^^
  File "C:\Users\User\AppData\Local\Programs\Python\Python312\Lib\site-packages\django\db\models\base.py", line 1036, in _save_table
    updated = self._do_update(
              ^^^^^^^^^^^^^^^^
  File "C:\Users\User\AppData\Local\Programs\Python\Python312\Lib\site-packages\django\db\models\base.py", line 1101, in _do_update
    return filtered._update(values) > 0
           ^^^^^^^^^^^^^^^^^^^^^^^^
  File "C:\Users\User\AppData\Local\Programs\Python\Python312\Lib\site-packages\django\db\models\query.py", line 1278, in _update
    return query.get_compiler(self.db).execute_sql(CURSOR)
           ^^^^^^^^^^^^^^^^^^^^^^^^^^^^^^^^^^^^^^^^^^^^^^^
  File "C:\Users\User\AppData\Local\Programs\Python\Python312\Lib\site-packages\django\db\models\sql\compiler.py", line 1990, in execute_sql
    cursor = super().execute_sql(result_type)
             ^^^^^^^^^^^^^^^^^^^^^^^^^^^^^^^^
  File "C:\Users\User\AppData\Local\Programs\Python\Python312\Lib\site-packages\django\db\models\sql\compiler.py", line 1562, in execute_sql
    cursor.execute(sql, params)
  File "C:\Users\User\AppData\Local\Programs\Python\Python312\Lib\site-packages\django\db\backends\utils.py", line 122, in execute
    return super().execute(sql, params)
           ^^^^^^^^^^^^^^^^^^^^^^^^^^^^
  File "C:\Users\User\AppData\Local\Programs\Python\Python312\Lib\site-packages\django\db\backends\utils.py", line 79, in execute
    return self._execute_with_wrappers(
           ^^^^^^^^^^^^^^^^^^^^^^^^^^^^
  File "C:\Users\User\AppData\Local\Programs\Python\Python312\Lib\site-packages\django\db\backends\utils.py", line 92, in _execute_with_wrappers
    return executor(sql, params, many, context)
           ^^^^^^^^^^^^^^^^^^^^^^^^^^^^^^^^^^^^
  File "C:\Users\User\AppData\Local\Programs\Python\Python312\Lib\site-packages\django\db\backends\utils.py", line 100, in _execute
    with self.db.wrap_database_errors:
  File "C:\Users\User\AppData\Local\Programs\Python\Python312\Lib\site-packages\django\db\utils.py", line 91, in __exit__
    raise dj_exc_value.with_traceback(traceback) from exc_value
  File "C:\Users\User\AppData\Local\Programs\Python\Python312\Lib\site-packages\django\db\backends\utils.py", line 105, in _execute
    return self.cursor.execute(sql, params)
           ^^^^^^^^^^^^^^^^^^^^^^^^^^^^^^^^
  File "C:\Users\User\AppData\Local\Programs\Python\Python312\Lib\site-packages\django\db\backends\sqlite3\base.py", line 329, in execute
    return super().execute(query, params)
           ^^^^^^^^^^^^^^^^^^^^^^^^^^^^^^
django.db.utils.OperationalError: database is locked
ERROR 2025-10-09 07:46:52,912 basehttp 24124 11024 "GET /stock-declaration/api/notifications/ HTTP/1.1" 500 162156
INFO 2025-10-09 07:47:15,911 basehttp 24124 11024 "POST /docu-notification/ HTTP/1.1" 200 146
INFO 2025-10-09 07:49:01,329 autoreload 24124 10080 C:\Users\User\Desktop\RPA\Website\PDN_Portal\pdnportal\docunotification\models.py changed, reloading.
INFO 2025-10-09 07:49:02,372 autoreload 3140 2632 Watching for file changes with StatReloader
INFO 2025-10-09 07:49:25,320 autoreload 3140 2632 C:\Users\User\Desktop\RPA\Website\PDN_Portal\pdnportal\docunotification\models.py changed, reloading.
INFO 2025-10-09 07:49:26,163 autoreload 28088 13192 Watching for file changes with StatReloader
INFO 2025-10-09 07:49:28,493 basehttp 28088 25312 "GET /docu-notification/ HTTP/1.1" 200 59771
INFO 2025-10-09 07:49:28,554 basehttp 28088 21692 "GET /static/css/style-ver2.css HTTP/1.1" 200 12438
INFO 2025-10-09 07:49:28,559 basehttp 28088 27212 "GET /static/css/stockdeclaration/stockdeclaration.css HTTP/1.1" 200 3684
INFO 2025-10-09 07:49:28,562 basehttp 28088 18000 "GET /static/css/job-order.css HTTP/1.1" 200 39525
INFO 2025-10-09 07:49:28,562 basehttp 28088 21960 "GET /static/css/qualitycontrol/qualitycontrol.css HTTP/1.1" 200 9691
WARNING 2025-10-09 07:49:28,571 log 28088 25312 Not Found: /.well-known/appspecific/com.chrome.devtools.json
INFO 2025-10-09 07:49:28,575 basehttp 28088 21692 "GET /static/images/icons/amd%20(1).svg HTTP/1.1" 200 230
WARNING 2025-10-09 07:49:28,576 basehttp 28088 25312 "GET /.well-known/appspecific/com.chrome.devtools.json HTTP/1.1" 404 4901
INFO 2025-10-09 07:49:28,579 basehttp 28088 27212 "GET /static/css/docunotification/docunotification.css HTTP/1.1" 200 8546
INFO 2025-10-09 07:49:28,582 basehttp 28088 16776 "GET /static/css/overview/overview.css HTTP/1.1" 200 33881
INFO 2025-10-09 07:49:28,591 basehttp 28088 21692 "GET /static/js/docunotification/docunotification.js HTTP/1.1" 200 27343
INFO 2025-10-09 07:49:28,594 basehttp 28088 25312 "GET /static/js/script2.js HTTP/1.1" 200 10849
INFO 2025-10-09 07:49:28,604 basehttp 28088 21960 "GET /media/profile/avatar8.png HTTP/1.1" 200 32718
INFO 2025-10-09 07:49:29,226 basehttp 28088 25312 "GET /docu-notification/api/notifications/ HTTP/1.1" 200 50
ERROR 2025-10-09 07:49:29,308 log 28088 21960 Internal Server Error: /stock-declaration/api/notifications/
Traceback (most recent call last):
  File "C:\Users\User\AppData\Local\Programs\Python\Python312\Lib\site-packages\django\db\backends\utils.py", line 105, in _execute
    return self.cursor.execute(sql, params)
           ^^^^^^^^^^^^^^^^^^^^^^^^^^^^^^^^
  File "C:\Users\User\AppData\Local\Programs\Python\Python312\Lib\site-packages\django\db\backends\sqlite3\base.py", line 329, in execute
    return super().execute(query, params)
           ^^^^^^^^^^^^^^^^^^^^^^^^^^^^^^
sqlite3.OperationalError: database is locked

The above exception was the direct cause of the following exception:

Traceback (most recent call last):
  File "C:\Users\User\AppData\Local\Programs\Python\Python312\Lib\site-packages\django\core\handlers\exception.py", line 55, in inner
    response = get_response(request)
               ^^^^^^^^^^^^^^^^^^^^^
  File "C:\Users\User\Desktop\RPA\Website\PDN_Portal\pdnportal\chat\middleware.py", line 14, in __call__
    UserOnlineStatus.objects.update_or_create(
  File "C:\Users\User\AppData\Local\Programs\Python\Python312\Lib\site-packages\django\db\models\manager.py", line 87, in manager_method
    return getattr(self.get_queryset(), name)(*args, **kwargs)
           ^^^^^^^^^^^^^^^^^^^^^^^^^^^^^^^^^^^^^^^^^^^^^^^^^^^
  File "C:\Users\User\AppData\Local\Programs\Python\Python312\Lib\site-packages\django\db\models\query.py", line 1009, in update_or_create
    obj.save(using=self.db, update_fields=update_fields)
  File "C:\Users\User\AppData\Local\Programs\Python\Python312\Lib\site-packages\django\db\models\base.py", line 822, in save
    self.save_base(
  File "C:\Users\User\AppData\Local\Programs\Python\Python312\Lib\site-packages\django\db\models\base.py", line 909, in save_base
    updated = self._save_table(
              ^^^^^^^^^^^^^^^^^
  File "C:\Users\User\AppData\Local\Programs\Python\Python312\Lib\site-packages\django\db\models\base.py", line 1036, in _save_table
    updated = self._do_update(
              ^^^^^^^^^^^^^^^^
  File "C:\Users\User\AppData\Local\Programs\Python\Python312\Lib\site-packages\django\db\models\base.py", line 1101, in _do_update
    return filtered._update(values) > 0
           ^^^^^^^^^^^^^^^^^^^^^^^^
  File "C:\Users\User\AppData\Local\Programs\Python\Python312\Lib\site-packages\django\db\models\query.py", line 1278, in _update
    return query.get_compiler(self.db).execute_sql(CURSOR)
           ^^^^^^^^^^^^^^^^^^^^^^^^^^^^^^^^^^^^^^^^^^^^^^^
  File "C:\Users\User\AppData\Local\Programs\Python\Python312\Lib\site-packages\django\db\models\sql\compiler.py", line 1990, in execute_sql
    cursor = super().execute_sql(result_type)
             ^^^^^^^^^^^^^^^^^^^^^^^^^^^^^^^^
  File "C:\Users\User\AppData\Local\Programs\Python\Python312\Lib\site-packages\django\db\models\sql\compiler.py", line 1562, in execute_sql
    cursor.execute(sql, params)
  File "C:\Users\User\AppData\Local\Programs\Python\Python312\Lib\site-packages\django\db\backends\utils.py", line 122, in execute
    return super().execute(sql, params)
           ^^^^^^^^^^^^^^^^^^^^^^^^^^^^
  File "C:\Users\User\AppData\Local\Programs\Python\Python312\Lib\site-packages\django\db\backends\utils.py", line 79, in execute
    return self._execute_with_wrappers(
           ^^^^^^^^^^^^^^^^^^^^^^^^^^^^
  File "C:\Users\User\AppData\Local\Programs\Python\Python312\Lib\site-packages\django\db\backends\utils.py", line 92, in _execute_with_wrappers
    return executor(sql, params, many, context)
           ^^^^^^^^^^^^^^^^^^^^^^^^^^^^^^^^^^^^
  File "C:\Users\User\AppData\Local\Programs\Python\Python312\Lib\site-packages\django\db\backends\utils.py", line 100, in _execute
    with self.db.wrap_database_errors:
  File "C:\Users\User\AppData\Local\Programs\Python\Python312\Lib\site-packages\django\db\utils.py", line 91, in __exit__
    raise dj_exc_value.with_traceback(traceback) from exc_value
  File "C:\Users\User\AppData\Local\Programs\Python\Python312\Lib\site-packages\django\db\backends\utils.py", line 105, in _execute
    return self.cursor.execute(sql, params)
           ^^^^^^^^^^^^^^^^^^^^^^^^^^^^^^^^
  File "C:\Users\User\AppData\Local\Programs\Python\Python312\Lib\site-packages\django\db\backends\sqlite3\base.py", line 329, in execute
    return super().execute(query, params)
           ^^^^^^^^^^^^^^^^^^^^^^^^^^^^^^
django.db.utils.OperationalError: database is locked
ERROR 2025-10-09 07:49:29,320 basehttp 28088 21960 "GET /stock-declaration/api/notifications/ HTTP/1.1" 500 162421
WARNING 2025-10-09 07:49:29,613 log 28088 21960 Not Found: /favicon.ico
WARNING 2025-10-09 07:49:29,613 basehttp 28088 21960 "GET /favicon.ico HTTP/1.1" 404 4790
INFO 2025-10-09 07:49:37,832 basehttp 28088 21960 "GET /stock-declaration/ HTTP/1.1" 200 92374
WARNING 2025-10-09 07:49:37,898 log 28088 21960 Not Found: /.well-known/appspecific/com.chrome.devtools.json
WARNING 2025-10-09 07:49:37,900 basehttp 28088 21960 "GET /.well-known/appspecific/com.chrome.devtools.json HTTP/1.1" 404 4901
INFO 2025-10-09 07:49:37,956 basehttp 28088 21960 "GET /static/js/stockdeclaration/stockdeclaration.js HTTP/1.1" 304 0
INFO 2025-10-09 07:49:38,029 basehttp 28088 25312 "GET /docu-notification/api/notifications/ HTTP/1.1" 200 50
INFO 2025-10-09 07:49:38,051 basehttp 28088 21692 "GET /stock-declaration/api/chart-data/?time_range=month&stock_type=all HTTP/1.1" 200 2223
ERROR 2025-10-09 07:49:38,176 log 28088 21960 Internal Server Error: /stock-declaration/api/notifications/
Traceback (most recent call last):
  File "C:\Users\User\AppData\Local\Programs\Python\Python312\Lib\site-packages\django\db\backends\utils.py", line 105, in _execute
    return self.cursor.execute(sql, params)
           ^^^^^^^^^^^^^^^^^^^^^^^^^^^^^^^^
  File "C:\Users\User\AppData\Local\Programs\Python\Python312\Lib\site-packages\django\db\backends\sqlite3\base.py", line 329, in execute
    return super().execute(query, params)
           ^^^^^^^^^^^^^^^^^^^^^^^^^^^^^^
sqlite3.OperationalError: database is locked

The above exception was the direct cause of the following exception:

Traceback (most recent call last):
  File "C:\Users\User\AppData\Local\Programs\Python\Python312\Lib\site-packages\django\core\handlers\exception.py", line 55, in inner
    response = get_response(request)
               ^^^^^^^^^^^^^^^^^^^^^
  File "C:\Users\User\Desktop\RPA\Website\PDN_Portal\pdnportal\chat\middleware.py", line 14, in __call__
    UserOnlineStatus.objects.update_or_create(
  File "C:\Users\User\AppData\Local\Programs\Python\Python312\Lib\site-packages\django\db\models\manager.py", line 87, in manager_method
    return getattr(self.get_queryset(), name)(*args, **kwargs)
           ^^^^^^^^^^^^^^^^^^^^^^^^^^^^^^^^^^^^^^^^^^^^^^^^^^^
  File "C:\Users\User\AppData\Local\Programs\Python\Python312\Lib\site-packages\django\db\models\query.py", line 1009, in update_or_create
    obj.save(using=self.db, update_fields=update_fields)
  File "C:\Users\User\AppData\Local\Programs\Python\Python312\Lib\site-packages\django\db\models\base.py", line 822, in save
    self.save_base(
  File "C:\Users\User\AppData\Local\Programs\Python\Python312\Lib\site-packages\django\db\models\base.py", line 909, in save_base
    updated = self._save_table(
              ^^^^^^^^^^^^^^^^^
  File "C:\Users\User\AppData\Local\Programs\Python\Python312\Lib\site-packages\django\db\models\base.py", line 1036, in _save_table
    updated = self._do_update(
              ^^^^^^^^^^^^^^^^
  File "C:\Users\User\AppData\Local\Programs\Python\Python312\Lib\site-packages\django\db\models\base.py", line 1101, in _do_update
    return filtered._update(values) > 0
           ^^^^^^^^^^^^^^^^^^^^^^^^
  File "C:\Users\User\AppData\Local\Programs\Python\Python312\Lib\site-packages\django\db\models\query.py", line 1278, in _update
    return query.get_compiler(self.db).execute_sql(CURSOR)
           ^^^^^^^^^^^^^^^^^^^^^^^^^^^^^^^^^^^^^^^^^^^^^^^
  File "C:\Users\User\AppData\Local\Programs\Python\Python312\Lib\site-packages\django\db\models\sql\compiler.py", line 1990, in execute_sql
    cursor = super().execute_sql(result_type)
             ^^^^^^^^^^^^^^^^^^^^^^^^^^^^^^^^
  File "C:\Users\User\AppData\Local\Programs\Python\Python312\Lib\site-packages\django\db\models\sql\compiler.py", line 1562, in execute_sql
    cursor.execute(sql, params)
  File "C:\Users\User\AppData\Local\Programs\Python\Python312\Lib\site-packages\django\db\backends\utils.py", line 122, in execute
    return super().execute(sql, params)
           ^^^^^^^^^^^^^^^^^^^^^^^^^^^^
  File "C:\Users\User\AppData\Local\Programs\Python\Python312\Lib\site-packages\django\db\backends\utils.py", line 79, in execute
    return self._execute_with_wrappers(
           ^^^^^^^^^^^^^^^^^^^^^^^^^^^^
  File "C:\Users\User\AppData\Local\Programs\Python\Python312\Lib\site-packages\django\db\backends\utils.py", line 92, in _execute_with_wrappers
    return executor(sql, params, many, context)
           ^^^^^^^^^^^^^^^^^^^^^^^^^^^^^^^^^^^^
  File "C:\Users\User\AppData\Local\Programs\Python\Python312\Lib\site-packages\django\db\backends\utils.py", line 100, in _execute
    with self.db.wrap_database_errors:
  File "C:\Users\User\AppData\Local\Programs\Python\Python312\Lib\site-packages\django\db\utils.py", line 91, in __exit__
    raise dj_exc_value.with_traceback(traceback) from exc_value
  File "C:\Users\User\AppData\Local\Programs\Python\Python312\Lib\site-packages\django\db\backends\utils.py", line 105, in _execute
    return self.cursor.execute(sql, params)
           ^^^^^^^^^^^^^^^^^^^^^^^^^^^^^^^^
  File "C:\Users\User\AppData\Local\Programs\Python\Python312\Lib\site-packages\django\db\backends\sqlite3\base.py", line 329, in execute
    return super().execute(query, params)
           ^^^^^^^^^^^^^^^^^^^^^^^^^^^^^^
django.db.utils.OperationalError: database is locked
ERROR 2025-10-09 07:49:38,184 basehttp 28088 21960 "GET /stock-declaration/api/notifications/ HTTP/1.1" 500 162153
INFO 2025-10-09 07:49:43,915 basehttp 28088 21960 "GET /docu-notification/ HTTP/1.1" 200 59771
WARNING 2025-10-09 07:49:43,988 log 28088 21960 Not Found: /.well-known/appspecific/com.chrome.devtools.json
WARNING 2025-10-09 07:49:43,989 basehttp 28088 21960 "GET /.well-known/appspecific/com.chrome.devtools.json HTTP/1.1" 404 4901
INFO 2025-10-09 07:49:44,080 basehttp 28088 21692 "GET /docu-notification/api/notifications/ HTTP/1.1" 200 50
ERROR 2025-10-09 07:49:44,186 log 28088 21960 Internal Server Error: /stock-declaration/api/notifications/
Traceback (most recent call last):
  File "C:\Users\User\AppData\Local\Programs\Python\Python312\Lib\site-packages\django\db\backends\utils.py", line 105, in _execute
    return self.cursor.execute(sql, params)
           ^^^^^^^^^^^^^^^^^^^^^^^^^^^^^^^^
  File "C:\Users\User\AppData\Local\Programs\Python\Python312\Lib\site-packages\django\db\backends\sqlite3\base.py", line 329, in execute
    return super().execute(query, params)
           ^^^^^^^^^^^^^^^^^^^^^^^^^^^^^^
sqlite3.OperationalError: database is locked

The above exception was the direct cause of the following exception:

Traceback (most recent call last):
  File "C:\Users\User\AppData\Local\Programs\Python\Python312\Lib\site-packages\django\core\handlers\exception.py", line 55, in inner
    response = get_response(request)
               ^^^^^^^^^^^^^^^^^^^^^
  File "C:\Users\User\Desktop\RPA\Website\PDN_Portal\pdnportal\chat\middleware.py", line 14, in __call__
    UserOnlineStatus.objects.update_or_create(
  File "C:\Users\User\AppData\Local\Programs\Python\Python312\Lib\site-packages\django\db\models\manager.py", line 87, in manager_method
    return getattr(self.get_queryset(), name)(*args, **kwargs)
           ^^^^^^^^^^^^^^^^^^^^^^^^^^^^^^^^^^^^^^^^^^^^^^^^^^^
  File "C:\Users\User\AppData\Local\Programs\Python\Python312\Lib\site-packages\django\db\models\query.py", line 1009, in update_or_create
    obj.save(using=self.db, update_fields=update_fields)
  File "C:\Users\User\AppData\Local\Programs\Python\Python312\Lib\site-packages\django\db\models\base.py", line 822, in save
    self.save_base(
  File "C:\Users\User\AppData\Local\Programs\Python\Python312\Lib\site-packages\django\db\models\base.py", line 909, in save_base
    updated = self._save_table(
              ^^^^^^^^^^^^^^^^^
  File "C:\Users\User\AppData\Local\Programs\Python\Python312\Lib\site-packages\django\db\models\base.py", line 1036, in _save_table
    updated = self._do_update(
              ^^^^^^^^^^^^^^^^
  File "C:\Users\User\AppData\Local\Programs\Python\Python312\Lib\site-packages\django\db\models\base.py", line 1101, in _do_update
    return filtered._update(values) > 0
           ^^^^^^^^^^^^^^^^^^^^^^^^
  File "C:\Users\User\AppData\Local\Programs\Python\Python312\Lib\site-packages\django\db\models\query.py", line 1278, in _update
    return query.get_compiler(self.db).execute_sql(CURSOR)
           ^^^^^^^^^^^^^^^^^^^^^^^^^^^^^^^^^^^^^^^^^^^^^^^
  File "C:\Users\User\AppData\Local\Programs\Python\Python312\Lib\site-packages\django\db\models\sql\compiler.py", line 1990, in execute_sql
    cursor = super().execute_sql(result_type)
             ^^^^^^^^^^^^^^^^^^^^^^^^^^^^^^^^
  File "C:\Users\User\AppData\Local\Programs\Python\Python312\Lib\site-packages\django\db\models\sql\compiler.py", line 1562, in execute_sql
    cursor.execute(sql, params)
  File "C:\Users\User\AppData\Local\Programs\Python\Python312\Lib\site-packages\django\db\backends\utils.py", line 122, in execute
    return super().execute(sql, params)
           ^^^^^^^^^^^^^^^^^^^^^^^^^^^^
  File "C:\Users\User\AppData\Local\Programs\Python\Python312\Lib\site-packages\django\db\backends\utils.py", line 79, in execute
    return self._execute_with_wrappers(
           ^^^^^^^^^^^^^^^^^^^^^^^^^^^^
  File "C:\Users\User\AppData\Local\Programs\Python\Python312\Lib\site-packages\django\db\backends\utils.py", line 92, in _execute_with_wrappers
    return executor(sql, params, many, context)
           ^^^^^^^^^^^^^^^^^^^^^^^^^^^^^^^^^^^^
  File "C:\Users\User\AppData\Local\Programs\Python\Python312\Lib\site-packages\django\db\backends\utils.py", line 100, in _execute
    with self.db.wrap_database_errors:
  File "C:\Users\User\AppData\Local\Programs\Python\Python312\Lib\site-packages\django\db\utils.py", line 91, in __exit__
    raise dj_exc_value.with_traceback(traceback) from exc_value
  File "C:\Users\User\AppData\Local\Programs\Python\Python312\Lib\site-packages\django\db\backends\utils.py", line 105, in _execute
    return self.cursor.execute(sql, params)
           ^^^^^^^^^^^^^^^^^^^^^^^^^^^^^^^^
  File "C:\Users\User\AppData\Local\Programs\Python\Python312\Lib\site-packages\django\db\backends\sqlite3\base.py", line 329, in execute
    return super().execute(query, params)
           ^^^^^^^^^^^^^^^^^^^^^^^^^^^^^^
django.db.utils.OperationalError: database is locked
ERROR 2025-10-09 07:49:44,194 basehttp 28088 21960 "GET /stock-declaration/api/notifications/ HTTP/1.1" 500 162153
INFO 2025-10-09 07:50:07,827 basehttp 28088 21960 "POST /docu-notification/ HTTP/1.1" 200 62
INFO 2025-10-09 07:50:09,425 basehttp 28088 21960 "GET /docu-notification/ HTTP/1.1" 200 65957
WARNING 2025-10-09 07:50:09,484 log 28088 21960 Not Found: /.well-known/appspecific/com.chrome.devtools.json
WARNING 2025-10-09 07:50:09,485 basehttp 28088 21960 "GET /.well-known/appspecific/com.chrome.devtools.json HTTP/1.1" 404 4901
INFO 2025-10-09 07:50:09,611 basehttp 28088 21692 "GET /docu-notification/api/notifications/ HTTP/1.1" 200 480
ERROR 2025-10-09 07:50:09,687 log 28088 21960 Internal Server Error: /stock-declaration/api/notifications/
Traceback (most recent call last):
  File "C:\Users\User\AppData\Local\Programs\Python\Python312\Lib\site-packages\django\db\backends\utils.py", line 105, in _execute
    return self.cursor.execute(sql, params)
           ^^^^^^^^^^^^^^^^^^^^^^^^^^^^^^^^
  File "C:\Users\User\AppData\Local\Programs\Python\Python312\Lib\site-packages\django\db\backends\sqlite3\base.py", line 329, in execute
    return super().execute(query, params)
           ^^^^^^^^^^^^^^^^^^^^^^^^^^^^^^
sqlite3.OperationalError: database is locked

The above exception was the direct cause of the following exception:

Traceback (most recent call last):
  File "C:\Users\User\AppData\Local\Programs\Python\Python312\Lib\site-packages\django\core\handlers\exception.py", line 55, in inner
    response = get_response(request)
               ^^^^^^^^^^^^^^^^^^^^^
  File "C:\Users\User\Desktop\RPA\Website\PDN_Portal\pdnportal\chat\middleware.py", line 14, in __call__
    UserOnlineStatus.objects.update_or_create(
  File "C:\Users\User\AppData\Local\Programs\Python\Python312\Lib\site-packages\django\db\models\manager.py", line 87, in manager_method
    return getattr(self.get_queryset(), name)(*args, **kwargs)
           ^^^^^^^^^^^^^^^^^^^^^^^^^^^^^^^^^^^^^^^^^^^^^^^^^^^
  File "C:\Users\User\AppData\Local\Programs\Python\Python312\Lib\site-packages\django\db\models\query.py", line 1009, in update_or_create
    obj.save(using=self.db, update_fields=update_fields)
  File "C:\Users\User\AppData\Local\Programs\Python\Python312\Lib\site-packages\django\db\models\base.py", line 822, in save
    self.save_base(
  File "C:\Users\User\AppData\Local\Programs\Python\Python312\Lib\site-packages\django\db\models\base.py", line 909, in save_base
    updated = self._save_table(
              ^^^^^^^^^^^^^^^^^
  File "C:\Users\User\AppData\Local\Programs\Python\Python312\Lib\site-packages\django\db\models\base.py", line 1036, in _save_table
    updated = self._do_update(
              ^^^^^^^^^^^^^^^^
  File "C:\Users\User\AppData\Local\Programs\Python\Python312\Lib\site-packages\django\db\models\base.py", line 1101, in _do_update
    return filtered._update(values) > 0
           ^^^^^^^^^^^^^^^^^^^^^^^^
  File "C:\Users\User\AppData\Local\Programs\Python\Python312\Lib\site-packages\django\db\models\query.py", line 1278, in _update
    return query.get_compiler(self.db).execute_sql(CURSOR)
           ^^^^^^^^^^^^^^^^^^^^^^^^^^^^^^^^^^^^^^^^^^^^^^^
  File "C:\Users\User\AppData\Local\Programs\Python\Python312\Lib\site-packages\django\db\models\sql\compiler.py", line 1990, in execute_sql
    cursor = super().execute_sql(result_type)
             ^^^^^^^^^^^^^^^^^^^^^^^^^^^^^^^^
  File "C:\Users\User\AppData\Local\Programs\Python\Python312\Lib\site-packages\django\db\models\sql\compiler.py", line 1562, in execute_sql
    cursor.execute(sql, params)
  File "C:\Users\User\AppData\Local\Programs\Python\Python312\Lib\site-packages\django\db\backends\utils.py", line 122, in execute
    return super().execute(sql, params)
           ^^^^^^^^^^^^^^^^^^^^^^^^^^^^
  File "C:\Users\User\AppData\Local\Programs\Python\Python312\Lib\site-packages\django\db\backends\utils.py", line 79, in execute
    return self._execute_with_wrappers(
           ^^^^^^^^^^^^^^^^^^^^^^^^^^^^
  File "C:\Users\User\AppData\Local\Programs\Python\Python312\Lib\site-packages\django\db\backends\utils.py", line 92, in _execute_with_wrappers
    return executor(sql, params, many, context)
           ^^^^^^^^^^^^^^^^^^^^^^^^^^^^^^^^^^^^
  File "C:\Users\User\AppData\Local\Programs\Python\Python312\Lib\site-packages\django\db\backends\utils.py", line 100, in _execute
    with self.db.wrap_database_errors:
  File "C:\Users\User\AppData\Local\Programs\Python\Python312\Lib\site-packages\django\db\utils.py", line 91, in __exit__
    raise dj_exc_value.with_traceback(traceback) from exc_value
  File "C:\Users\User\AppData\Local\Programs\Python\Python312\Lib\site-packages\django\db\backends\utils.py", line 105, in _execute
    return self.cursor.execute(sql, params)
           ^^^^^^^^^^^^^^^^^^^^^^^^^^^^^^^^
  File "C:\Users\User\AppData\Local\Programs\Python\Python312\Lib\site-packages\django\db\backends\sqlite3\base.py", line 329, in execute
    return super().execute(query, params)
           ^^^^^^^^^^^^^^^^^^^^^^^^^^^^^^
django.db.utils.OperationalError: database is locked
ERROR 2025-10-09 07:50:09,694 basehttp 28088 21960 "GET /stock-declaration/api/notifications/ HTTP/1.1" 500 162153
INFO 2025-10-09 07:50:15,706 basehttp 28088 21960 "GET /docu-notification/ HTTP/1.1" 200 65957
WARNING 2025-10-09 07:50:15,759 log 28088 21960 Not Found: /.well-known/appspecific/com.chrome.devtools.json
WARNING 2025-10-09 07:50:15,760 basehttp 28088 21960 "GET /.well-known/appspecific/com.chrome.devtools.json HTTP/1.1" 404 4901
INFO 2025-10-09 07:50:15,842 basehttp 28088 21692 "GET /docu-notification/api/notifications/ HTTP/1.1" 200 480
ERROR 2025-10-09 07:50:15,939 log 28088 21960 Internal Server Error: /stock-declaration/api/notifications/
Traceback (most recent call last):
  File "C:\Users\User\AppData\Local\Programs\Python\Python312\Lib\site-packages\django\db\backends\utils.py", line 105, in _execute
    return self.cursor.execute(sql, params)
           ^^^^^^^^^^^^^^^^^^^^^^^^^^^^^^^^
  File "C:\Users\User\AppData\Local\Programs\Python\Python312\Lib\site-packages\django\db\backends\sqlite3\base.py", line 329, in execute
    return super().execute(query, params)
           ^^^^^^^^^^^^^^^^^^^^^^^^^^^^^^
sqlite3.OperationalError: database is locked

The above exception was the direct cause of the following exception:

Traceback (most recent call last):
  File "C:\Users\User\AppData\Local\Programs\Python\Python312\Lib\site-packages\django\core\handlers\exception.py", line 55, in inner
    response = get_response(request)
               ^^^^^^^^^^^^^^^^^^^^^
  File "C:\Users\User\Desktop\RPA\Website\PDN_Portal\pdnportal\chat\middleware.py", line 14, in __call__
    UserOnlineStatus.objects.update_or_create(
  File "C:\Users\User\AppData\Local\Programs\Python\Python312\Lib\site-packages\django\db\models\manager.py", line 87, in manager_method
    return getattr(self.get_queryset(), name)(*args, **kwargs)
           ^^^^^^^^^^^^^^^^^^^^^^^^^^^^^^^^^^^^^^^^^^^^^^^^^^^
  File "C:\Users\User\AppData\Local\Programs\Python\Python312\Lib\site-packages\django\db\models\query.py", line 1009, in update_or_create
    obj.save(using=self.db, update_fields=update_fields)
  File "C:\Users\User\AppData\Local\Programs\Python\Python312\Lib\site-packages\django\db\models\base.py", line 822, in save
    self.save_base(
  File "C:\Users\User\AppData\Local\Programs\Python\Python312\Lib\site-packages\django\db\models\base.py", line 909, in save_base
    updated = self._save_table(
              ^^^^^^^^^^^^^^^^^
  File "C:\Users\User\AppData\Local\Programs\Python\Python312\Lib\site-packages\django\db\models\base.py", line 1036, in _save_table
    updated = self._do_update(
              ^^^^^^^^^^^^^^^^
  File "C:\Users\User\AppData\Local\Programs\Python\Python312\Lib\site-packages\django\db\models\base.py", line 1101, in _do_update
    return filtered._update(values) > 0
           ^^^^^^^^^^^^^^^^^^^^^^^^
  File "C:\Users\User\AppData\Local\Programs\Python\Python312\Lib\site-packages\django\db\models\query.py", line 1278, in _update
    return query.get_compiler(self.db).execute_sql(CURSOR)
           ^^^^^^^^^^^^^^^^^^^^^^^^^^^^^^^^^^^^^^^^^^^^^^^
  File "C:\Users\User\AppData\Local\Programs\Python\Python312\Lib\site-packages\django\db\models\sql\compiler.py", line 1990, in execute_sql
    cursor = super().execute_sql(result_type)
             ^^^^^^^^^^^^^^^^^^^^^^^^^^^^^^^^
  File "C:\Users\User\AppData\Local\Programs\Python\Python312\Lib\site-packages\django\db\models\sql\compiler.py", line 1562, in execute_sql
    cursor.execute(sql, params)
  File "C:\Users\User\AppData\Local\Programs\Python\Python312\Lib\site-packages\django\db\backends\utils.py", line 122, in execute
    return super().execute(sql, params)
           ^^^^^^^^^^^^^^^^^^^^^^^^^^^^
  File "C:\Users\User\AppData\Local\Programs\Python\Python312\Lib\site-packages\django\db\backends\utils.py", line 79, in execute
    return self._execute_with_wrappers(
           ^^^^^^^^^^^^^^^^^^^^^^^^^^^^
  File "C:\Users\User\AppData\Local\Programs\Python\Python312\Lib\site-packages\django\db\backends\utils.py", line 92, in _execute_with_wrappers
    return executor(sql, params, many, context)
           ^^^^^^^^^^^^^^^^^^^^^^^^^^^^^^^^^^^^
  File "C:\Users\User\AppData\Local\Programs\Python\Python312\Lib\site-packages\django\db\backends\utils.py", line 100, in _execute
    with self.db.wrap_database_errors:
  File "C:\Users\User\AppData\Local\Programs\Python\Python312\Lib\site-packages\django\db\utils.py", line 91, in __exit__
    raise dj_exc_value.with_traceback(traceback) from exc_value
  File "C:\Users\User\AppData\Local\Programs\Python\Python312\Lib\site-packages\django\db\backends\utils.py", line 105, in _execute
    return self.cursor.execute(sql, params)
           ^^^^^^^^^^^^^^^^^^^^^^^^^^^^^^^^
  File "C:\Users\User\AppData\Local\Programs\Python\Python312\Lib\site-packages\django\db\backends\sqlite3\base.py", line 329, in execute
    return super().execute(query, params)
           ^^^^^^^^^^^^^^^^^^^^^^^^^^^^^^
django.db.utils.OperationalError: database is locked
ERROR 2025-10-09 07:50:15,945 basehttp 28088 21960 "GET /stock-declaration/api/notifications/ HTTP/1.1" 500 162156
INFO 2025-10-09 07:51:23,444 basehttp 28088 21960 "GET /docu-notification/ HTTP/1.1" 200 65957
WARNING 2025-10-09 07:51:23,513 log 28088 21960 Not Found: /.well-known/appspecific/com.chrome.devtools.json
WARNING 2025-10-09 07:51:23,514 basehttp 28088 21960 "GET /.well-known/appspecific/com.chrome.devtools.json HTTP/1.1" 404 4901
INFO 2025-10-09 07:51:23,614 basehttp 28088 21692 "GET /docu-notification/api/notifications/ HTTP/1.1" 200 480
ERROR 2025-10-09 07:51:23,721 log 28088 21960 Internal Server Error: /stock-declaration/api/notifications/
Traceback (most recent call last):
  File "C:\Users\User\AppData\Local\Programs\Python\Python312\Lib\site-packages\django\db\backends\utils.py", line 105, in _execute
    return self.cursor.execute(sql, params)
           ^^^^^^^^^^^^^^^^^^^^^^^^^^^^^^^^
  File "C:\Users\User\AppData\Local\Programs\Python\Python312\Lib\site-packages\django\db\backends\sqlite3\base.py", line 329, in execute
    return super().execute(query, params)
           ^^^^^^^^^^^^^^^^^^^^^^^^^^^^^^
sqlite3.OperationalError: database is locked

The above exception was the direct cause of the following exception:

Traceback (most recent call last):
  File "C:\Users\User\AppData\Local\Programs\Python\Python312\Lib\site-packages\django\core\handlers\exception.py", line 55, in inner
    response = get_response(request)
               ^^^^^^^^^^^^^^^^^^^^^
  File "C:\Users\User\Desktop\RPA\Website\PDN_Portal\pdnportal\chat\middleware.py", line 14, in __call__
    UserOnlineStatus.objects.update_or_create(
  File "C:\Users\User\AppData\Local\Programs\Python\Python312\Lib\site-packages\django\db\models\manager.py", line 87, in manager_method
    return getattr(self.get_queryset(), name)(*args, **kwargs)
           ^^^^^^^^^^^^^^^^^^^^^^^^^^^^^^^^^^^^^^^^^^^^^^^^^^^
  File "C:\Users\User\AppData\Local\Programs\Python\Python312\Lib\site-packages\django\db\models\query.py", line 1009, in update_or_create
    obj.save(using=self.db, update_fields=update_fields)
  File "C:\Users\User\AppData\Local\Programs\Python\Python312\Lib\site-packages\django\db\models\base.py", line 822, in save
    self.save_base(
  File "C:\Users\User\AppData\Local\Programs\Python\Python312\Lib\site-packages\django\db\models\base.py", line 909, in save_base
    updated = self._save_table(
              ^^^^^^^^^^^^^^^^^
  File "C:\Users\User\AppData\Local\Programs\Python\Python312\Lib\site-packages\django\db\models\base.py", line 1036, in _save_table
    updated = self._do_update(
              ^^^^^^^^^^^^^^^^
  File "C:\Users\User\AppData\Local\Programs\Python\Python312\Lib\site-packages\django\db\models\base.py", line 1101, in _do_update
    return filtered._update(values) > 0
           ^^^^^^^^^^^^^^^^^^^^^^^^
  File "C:\Users\User\AppData\Local\Programs\Python\Python312\Lib\site-packages\django\db\models\query.py", line 1278, in _update
    return query.get_compiler(self.db).execute_sql(CURSOR)
           ^^^^^^^^^^^^^^^^^^^^^^^^^^^^^^^^^^^^^^^^^^^^^^^
  File "C:\Users\User\AppData\Local\Programs\Python\Python312\Lib\site-packages\django\db\models\sql\compiler.py", line 1990, in execute_sql
    cursor = super().execute_sql(result_type)
             ^^^^^^^^^^^^^^^^^^^^^^^^^^^^^^^^
  File "C:\Users\User\AppData\Local\Programs\Python\Python312\Lib\site-packages\django\db\models\sql\compiler.py", line 1562, in execute_sql
    cursor.execute(sql, params)
  File "C:\Users\User\AppData\Local\Programs\Python\Python312\Lib\site-packages\django\db\backends\utils.py", line 122, in execute
    return super().execute(sql, params)
           ^^^^^^^^^^^^^^^^^^^^^^^^^^^^
  File "C:\Users\User\AppData\Local\Programs\Python\Python312\Lib\site-packages\django\db\backends\utils.py", line 79, in execute
    return self._execute_with_wrappers(
           ^^^^^^^^^^^^^^^^^^^^^^^^^^^^
  File "C:\Users\User\AppData\Local\Programs\Python\Python312\Lib\site-packages\django\db\backends\utils.py", line 92, in _execute_with_wrappers
    return executor(sql, params, many, context)
           ^^^^^^^^^^^^^^^^^^^^^^^^^^^^^^^^^^^^
  File "C:\Users\User\AppData\Local\Programs\Python\Python312\Lib\site-packages\django\db\backends\utils.py", line 100, in _execute
    with self.db.wrap_database_errors:
  File "C:\Users\User\AppData\Local\Programs\Python\Python312\Lib\site-packages\django\db\utils.py", line 91, in __exit__
    raise dj_exc_value.with_traceback(traceback) from exc_value
  File "C:\Users\User\AppData\Local\Programs\Python\Python312\Lib\site-packages\django\db\backends\utils.py", line 105, in _execute
    return self.cursor.execute(sql, params)
           ^^^^^^^^^^^^^^^^^^^^^^^^^^^^^^^^
  File "C:\Users\User\AppData\Local\Programs\Python\Python312\Lib\site-packages\django\db\backends\sqlite3\base.py", line 329, in execute
    return super().execute(query, params)
           ^^^^^^^^^^^^^^^^^^^^^^^^^^^^^^
django.db.utils.OperationalError: database is locked
ERROR 2025-10-09 07:51:23,732 basehttp 28088 21960 "GET /stock-declaration/api/notifications/ HTTP/1.1" 500 162156
INFO 2025-10-09 07:51:27,551 basehttp 28088 21960 "GET /docu-notification/ HTTP/1.1" 200 65957
WARNING 2025-10-09 07:51:27,616 log 28088 21960 Not Found: /.well-known/appspecific/com.chrome.devtools.json
WARNING 2025-10-09 07:51:27,620 basehttp 28088 21960 "GET /.well-known/appspecific/com.chrome.devtools.json HTTP/1.1" 404 4901
INFO 2025-10-09 07:51:27,775 basehttp 28088 21692 "GET /docu-notification/api/notifications/ HTTP/1.1" 200 480
ERROR 2025-10-09 07:51:27,929 log 28088 21960 Internal Server Error: /stock-declaration/api/notifications/
Traceback (most recent call last):
  File "C:\Users\User\AppData\Local\Programs\Python\Python312\Lib\site-packages\django\db\backends\utils.py", line 105, in _execute
    return self.cursor.execute(sql, params)
           ^^^^^^^^^^^^^^^^^^^^^^^^^^^^^^^^
  File "C:\Users\User\AppData\Local\Programs\Python\Python312\Lib\site-packages\django\db\backends\sqlite3\base.py", line 329, in execute
    return super().execute(query, params)
           ^^^^^^^^^^^^^^^^^^^^^^^^^^^^^^
sqlite3.OperationalError: database is locked

The above exception was the direct cause of the following exception:

Traceback (most recent call last):
  File "C:\Users\User\AppData\Local\Programs\Python\Python312\Lib\site-packages\django\core\handlers\exception.py", line 55, in inner
    response = get_response(request)
               ^^^^^^^^^^^^^^^^^^^^^
  File "C:\Users\User\Desktop\RPA\Website\PDN_Portal\pdnportal\chat\middleware.py", line 14, in __call__
    UserOnlineStatus.objects.update_or_create(
  File "C:\Users\User\AppData\Local\Programs\Python\Python312\Lib\site-packages\django\db\models\manager.py", line 87, in manager_method
    return getattr(self.get_queryset(), name)(*args, **kwargs)
           ^^^^^^^^^^^^^^^^^^^^^^^^^^^^^^^^^^^^^^^^^^^^^^^^^^^
  File "C:\Users\User\AppData\Local\Programs\Python\Python312\Lib\site-packages\django\db\models\query.py", line 1009, in update_or_create
    obj.save(using=self.db, update_fields=update_fields)
  File "C:\Users\User\AppData\Local\Programs\Python\Python312\Lib\site-packages\django\db\models\base.py", line 822, in save
    self.save_base(
  File "C:\Users\User\AppData\Local\Programs\Python\Python312\Lib\site-packages\django\db\models\base.py", line 909, in save_base
    updated = self._save_table(
              ^^^^^^^^^^^^^^^^^
  File "C:\Users\User\AppData\Local\Programs\Python\Python312\Lib\site-packages\django\db\models\base.py", line 1036, in _save_table
    updated = self._do_update(
              ^^^^^^^^^^^^^^^^
  File "C:\Users\User\AppData\Local\Programs\Python\Python312\Lib\site-packages\django\db\models\base.py", line 1101, in _do_update
    return filtered._update(values) > 0
           ^^^^^^^^^^^^^^^^^^^^^^^^
  File "C:\Users\User\AppData\Local\Programs\Python\Python312\Lib\site-packages\django\db\models\query.py", line 1278, in _update
    return query.get_compiler(self.db).execute_sql(CURSOR)
           ^^^^^^^^^^^^^^^^^^^^^^^^^^^^^^^^^^^^^^^^^^^^^^^
  File "C:\Users\User\AppData\Local\Programs\Python\Python312\Lib\site-packages\django\db\models\sql\compiler.py", line 1990, in execute_sql
    cursor = super().execute_sql(result_type)
             ^^^^^^^^^^^^^^^^^^^^^^^^^^^^^^^^
  File "C:\Users\User\AppData\Local\Programs\Python\Python312\Lib\site-packages\django\db\models\sql\compiler.py", line 1562, in execute_sql
    cursor.execute(sql, params)
  File "C:\Users\User\AppData\Local\Programs\Python\Python312\Lib\site-packages\django\db\backends\utils.py", line 122, in execute
    return super().execute(sql, params)
           ^^^^^^^^^^^^^^^^^^^^^^^^^^^^
  File "C:\Users\User\AppData\Local\Programs\Python\Python312\Lib\site-packages\django\db\backends\utils.py", line 79, in execute
    return self._execute_with_wrappers(
           ^^^^^^^^^^^^^^^^^^^^^^^^^^^^
  File "C:\Users\User\AppData\Local\Programs\Python\Python312\Lib\site-packages\django\db\backends\utils.py", line 92, in _execute_with_wrappers
    return executor(sql, params, many, context)
           ^^^^^^^^^^^^^^^^^^^^^^^^^^^^^^^^^^^^
  File "C:\Users\User\AppData\Local\Programs\Python\Python312\Lib\site-packages\django\db\backends\utils.py", line 100, in _execute
    with self.db.wrap_database_errors:
  File "C:\Users\User\AppData\Local\Programs\Python\Python312\Lib\site-packages\django\db\utils.py", line 91, in __exit__
    raise dj_exc_value.with_traceback(traceback) from exc_value
  File "C:\Users\User\AppData\Local\Programs\Python\Python312\Lib\site-packages\django\db\backends\utils.py", line 105, in _execute
    return self.cursor.execute(sql, params)
           ^^^^^^^^^^^^^^^^^^^^^^^^^^^^^^^^
  File "C:\Users\User\AppData\Local\Programs\Python\Python312\Lib\site-packages\django\db\backends\sqlite3\base.py", line 329, in execute
    return super().execute(query, params)
           ^^^^^^^^^^^^^^^^^^^^^^^^^^^^^^
django.db.utils.OperationalError: database is locked
ERROR 2025-10-09 07:51:27,941 basehttp 28088 21960 "GET /stock-declaration/api/notifications/ HTTP/1.1" 500 162156
INFO 2025-10-09 07:52:55,290 basehttp 28088 21960 "GET /docu-notification/ HTTP/1.1" 200 65957
WARNING 2025-10-09 07:52:55,427 log 28088 21960 Not Found: /.well-known/appspecific/com.chrome.devtools.json
WARNING 2025-10-09 07:52:55,428 basehttp 28088 21960 "GET /.well-known/appspecific/com.chrome.devtools.json HTTP/1.1" 404 4901
INFO 2025-10-09 07:52:55,467 basehttp 28088 25312 "GET /docu-notification/api/notifications/ HTTP/1.1" 200 480
INFO 2025-10-09 07:52:55,722 basehttp 28088 21692 "GET /stock-declaration/api/notifications/ HTTP/1.1" 200 50
INFO 2025-10-09 07:53:26,104 basehttp 28088 21692 "GET /admin/docunotification/documentnotification/ HTTP/1.1" 200 37410
INFO 2025-10-09 07:53:26,179 basehttp 28088 21692 "GET /admin/jsi18n/ HTTP/1.1" 200 3342
INFO 2025-10-09 07:56:06,036 autoreload 28088 13192 C:\Users\User\Desktop\RPA\Website\PDN_Portal\pdnportal\docunotification\forms.py changed, reloading.
INFO 2025-10-09 07:56:07,676 autoreload 27756 13132 Watching for file changes with StatReloader
INFO 2025-10-09 07:56:28,680 autoreload 27756 13132 C:\Users\User\Desktop\RPA\Website\PDN_Portal\pdnportal\docunotification\forms.py changed, reloading.
INFO 2025-10-09 07:56:29,395 autoreload 16364 10956 Watching for file changes with StatReloader
INFO 2025-10-09 07:57:03,836 autoreload 16364 10956 C:\Users\User\Desktop\RPA\Website\PDN_Portal\pdnportal\docunotification\forms.py changed, reloading.
INFO 2025-10-09 07:57:04,608 autoreload 23772 23624 Watching for file changes with StatReloader
INFO 2025-10-09 07:57:56,301 basehttp 23772 6184 "GET /docu-notification/api/notifications/ HTTP/1.1" 200 480
INFO 2025-10-09 07:57:56,323 basehttp 23772 21096 "GET /stock-declaration/api/notifications/ HTTP/1.1" 200 50
INFO 2025-10-09 07:58:06,383 basehttp 23772 21096 "GET /admin/docunotification/documentnotification/ HTTP/1.1" 200 37410
INFO 2025-10-09 07:58:06,426 basehttp 23772 21096 "GET /admin/jsi18n/ HTTP/1.1" 200 3342
INFO 2025-10-09 07:58:08,365 basehttp 23772 21096 "GET /docu-notification/ HTTP/1.1" 200 65957
WARNING 2025-10-09 07:58:08,426 log 23772 21096 Not Found: /.well-known/appspecific/com.chrome.devtools.json
WARNING 2025-10-09 07:58:08,427 basehttp 23772 21096 "GET /.well-known/appspecific/com.chrome.devtools.json HTTP/1.1" 404 4901
INFO 2025-10-09 07:58:08,527 basehttp 23772 6184 "GET /docu-notification/api/notifications/ HTTP/1.1" 200 480
ERROR 2025-10-09 07:58:08,602 log 23772 21096 Internal Server Error: /stock-declaration/api/notifications/
Traceback (most recent call last):
  File "C:\Users\User\AppData\Local\Programs\Python\Python312\Lib\site-packages\django\db\backends\utils.py", line 105, in _execute
    return self.cursor.execute(sql, params)
           ^^^^^^^^^^^^^^^^^^^^^^^^^^^^^^^^
  File "C:\Users\User\AppData\Local\Programs\Python\Python312\Lib\site-packages\django\db\backends\sqlite3\base.py", line 329, in execute
    return super().execute(query, params)
           ^^^^^^^^^^^^^^^^^^^^^^^^^^^^^^
sqlite3.OperationalError: database is locked

The above exception was the direct cause of the following exception:

Traceback (most recent call last):
  File "C:\Users\User\AppData\Local\Programs\Python\Python312\Lib\site-packages\django\core\handlers\exception.py", line 55, in inner
    response = get_response(request)
               ^^^^^^^^^^^^^^^^^^^^^
  File "C:\Users\User\Desktop\RPA\Website\PDN_Portal\pdnportal\chat\middleware.py", line 14, in __call__
    UserOnlineStatus.objects.update_or_create(
  File "C:\Users\User\AppData\Local\Programs\Python\Python312\Lib\site-packages\django\db\models\manager.py", line 87, in manager_method
    return getattr(self.get_queryset(), name)(*args, **kwargs)
           ^^^^^^^^^^^^^^^^^^^^^^^^^^^^^^^^^^^^^^^^^^^^^^^^^^^
  File "C:\Users\User\AppData\Local\Programs\Python\Python312\Lib\site-packages\django\db\models\query.py", line 1009, in update_or_create
    obj.save(using=self.db, update_fields=update_fields)
  File "C:\Users\User\AppData\Local\Programs\Python\Python312\Lib\site-packages\django\db\models\base.py", line 822, in save
    self.save_base(
  File "C:\Users\User\AppData\Local\Programs\Python\Python312\Lib\site-packages\django\db\models\base.py", line 909, in save_base
    updated = self._save_table(
              ^^^^^^^^^^^^^^^^^
  File "C:\Users\User\AppData\Local\Programs\Python\Python312\Lib\site-packages\django\db\models\base.py", line 1036, in _save_table
    updated = self._do_update(
              ^^^^^^^^^^^^^^^^
  File "C:\Users\User\AppData\Local\Programs\Python\Python312\Lib\site-packages\django\db\models\base.py", line 1101, in _do_update
    return filtered._update(values) > 0
           ^^^^^^^^^^^^^^^^^^^^^^^^
  File "C:\Users\User\AppData\Local\Programs\Python\Python312\Lib\site-packages\django\db\models\query.py", line 1278, in _update
    return query.get_compiler(self.db).execute_sql(CURSOR)
           ^^^^^^^^^^^^^^^^^^^^^^^^^^^^^^^^^^^^^^^^^^^^^^^
  File "C:\Users\User\AppData\Local\Programs\Python\Python312\Lib\site-packages\django\db\models\sql\compiler.py", line 1990, in execute_sql
    cursor = super().execute_sql(result_type)
             ^^^^^^^^^^^^^^^^^^^^^^^^^^^^^^^^
  File "C:\Users\User\AppData\Local\Programs\Python\Python312\Lib\site-packages\django\db\models\sql\compiler.py", line 1562, in execute_sql
    cursor.execute(sql, params)
  File "C:\Users\User\AppData\Local\Programs\Python\Python312\Lib\site-packages\django\db\backends\utils.py", line 122, in execute
    return super().execute(sql, params)
           ^^^^^^^^^^^^^^^^^^^^^^^^^^^^
  File "C:\Users\User\AppData\Local\Programs\Python\Python312\Lib\site-packages\django\db\backends\utils.py", line 79, in execute
    return self._execute_with_wrappers(
           ^^^^^^^^^^^^^^^^^^^^^^^^^^^^
  File "C:\Users\User\AppData\Local\Programs\Python\Python312\Lib\site-packages\django\db\backends\utils.py", line 92, in _execute_with_wrappers
    return executor(sql, params, many, context)
           ^^^^^^^^^^^^^^^^^^^^^^^^^^^^^^^^^^^^
  File "C:\Users\User\AppData\Local\Programs\Python\Python312\Lib\site-packages\django\db\backends\utils.py", line 100, in _execute
    with self.db.wrap_database_errors:
  File "C:\Users\User\AppData\Local\Programs\Python\Python312\Lib\site-packages\django\db\utils.py", line 91, in __exit__
    raise dj_exc_value.with_traceback(traceback) from exc_value
  File "C:\Users\User\AppData\Local\Programs\Python\Python312\Lib\site-packages\django\db\backends\utils.py", line 105, in _execute
    return self.cursor.execute(sql, params)
           ^^^^^^^^^^^^^^^^^^^^^^^^^^^^^^^^
  File "C:\Users\User\AppData\Local\Programs\Python\Python312\Lib\site-packages\django\db\backends\sqlite3\base.py", line 329, in execute
    return super().execute(query, params)
           ^^^^^^^^^^^^^^^^^^^^^^^^^^^^^^
django.db.utils.OperationalError: database is locked
ERROR 2025-10-09 07:58:08,614 basehttp 23772 21096 "GET /stock-declaration/api/notifications/ HTTP/1.1" 500 162153
INFO 2025-10-09 07:58:21,840 basehttp 23772 21096 "GET /docu-notification/ HTTP/1.1" 200 65957
INFO 2025-10-09 07:58:21,890 basehttp 23772 6184 "GET /static/css/style-ver2.css HTTP/1.1" 200 12438
INFO 2025-10-09 07:58:21,904 basehttp 23772 12684 "GET /static/css/qualitycontrol/qualitycontrol.css HTTP/1.1" 200 9691
INFO 2025-10-09 07:58:21,904 basehttp 23772 6184 "GET /static/css/docunotification/docunotification.css HTTP/1.1" 200 8546
INFO 2025-10-09 07:58:21,905 basehttp 23772 21636 "GET /static/css/stockdeclaration/stockdeclaration.css HTTP/1.1" 200 3684
INFO 2025-10-09 07:58:21,907 basehttp 23772 22084 "GET /static/css/overview/overview.css HTTP/1.1" 200 33881
INFO 2025-10-09 07:58:21,914 basehttp 23772 25464 "GET /static/css/job-order.css HTTP/1.1" 200 39525
INFO 2025-10-09 07:58:21,922 basehttp 23772 6184 "GET /static/images/icons/amd%20(1).svg HTTP/1.1" 200 230
INFO 2025-10-09 07:58:21,926 basehttp 23772 21636 "GET /static/js/docunotification/docunotification.js HTTP/1.1" 200 27343
INFO 2025-10-09 07:58:21,933 basehttp 23772 22084 "GET /static/js/script2.js HTTP/1.1" 200 10849
WARNING 2025-10-09 07:58:21,943 log 23772 21096 Not Found: /.well-known/appspecific/com.chrome.devtools.json
WARNING 2025-10-09 07:58:21,949 basehttp 23772 21096 "GET /.well-known/appspecific/com.chrome.devtools.json HTTP/1.1" 404 4901
INFO 2025-10-09 07:58:21,971 basehttp 23772 12684 "GET /media/profile/avatar8.png HTTP/1.1" 200 32718
INFO 2025-10-09 07:58:22,384 basehttp 23772 12684 "GET /stock-declaration/api/notifications/ HTTP/1.1" 200 50
INFO 2025-10-09 07:58:22,418 basehttp 23772 21636 "GET /docu-notification/api/notifications/ HTTP/1.1" 200 480
WARNING 2025-10-09 07:58:22,679 log 23772 21636 Not Found: /favicon.ico
WARNING 2025-10-09 07:58:22,679 basehttp 23772 21636 "GET /favicon.ico HTTP/1.1" 404 4790
INFO 2025-10-09 07:58:25,862 basehttp 23772 21636 "GET /admin/docunotification/documentnotification/ HTTP/1.1" 200 37410
INFO 2025-10-09 07:58:25,901 basehttp 23772 21636 "GET /admin/jsi18n/ HTTP/1.1" 200 3342
INFO 2025-10-09 07:58:26,678 basehttp 23772 21636 "GET /admin/docunotification/documentnotification/ HTTP/1.1" 200 37410
INFO 2025-10-09 07:58:26,721 basehttp 23772 21636 "GET /admin/jsi18n/ HTTP/1.1" 200 3342
INFO 2025-10-09 07:58:26,862 basehttp 23772 21636 "GET /admin/docunotification/documentnotification/ HTTP/1.1" 200 37410
INFO 2025-10-09 07:58:26,898 basehttp 23772 21636 "GET /admin/jsi18n/ HTTP/1.1" 200 3342
INFO 2025-10-09 07:58:27,077 basehttp 23772 21636 "GET /admin/docunotification/documentnotification/ HTTP/1.1" 200 37410
INFO 2025-10-09 07:58:27,126 basehttp 23772 21636 "GET /admin/jsi18n/ HTTP/1.1" 200 3342
INFO 2025-10-09 08:03:23,281 basehttp 23772 28496 "GET /docu-notification/api/notifications/ HTTP/1.1" 200 482
ERROR 2025-10-09 08:03:23,332 log 23772 27984 Internal Server Error: /stock-declaration/api/notifications/
Traceback (most recent call last):
  File "C:\Users\User\AppData\Local\Programs\Python\Python312\Lib\site-packages\django\db\backends\utils.py", line 105, in _execute
    return self.cursor.execute(sql, params)
           ^^^^^^^^^^^^^^^^^^^^^^^^^^^^^^^^
  File "C:\Users\User\AppData\Local\Programs\Python\Python312\Lib\site-packages\django\db\backends\sqlite3\base.py", line 329, in execute
    return super().execute(query, params)
           ^^^^^^^^^^^^^^^^^^^^^^^^^^^^^^
sqlite3.OperationalError: database is locked

The above exception was the direct cause of the following exception:

Traceback (most recent call last):
  File "C:\Users\User\AppData\Local\Programs\Python\Python312\Lib\site-packages\django\core\handlers\exception.py", line 55, in inner
    response = get_response(request)
               ^^^^^^^^^^^^^^^^^^^^^
  File "C:\Users\User\Desktop\RPA\Website\PDN_Portal\pdnportal\chat\middleware.py", line 14, in __call__
    UserOnlineStatus.objects.update_or_create(
  File "C:\Users\User\AppData\Local\Programs\Python\Python312\Lib\site-packages\django\db\models\manager.py", line 87, in manager_method
    return getattr(self.get_queryset(), name)(*args, **kwargs)
           ^^^^^^^^^^^^^^^^^^^^^^^^^^^^^^^^^^^^^^^^^^^^^^^^^^^
  File "C:\Users\User\AppData\Local\Programs\Python\Python312\Lib\site-packages\django\db\models\query.py", line 1009, in update_or_create
    obj.save(using=self.db, update_fields=update_fields)
  File "C:\Users\User\AppData\Local\Programs\Python\Python312\Lib\site-packages\django\db\models\base.py", line 822, in save
    self.save_base(
  File "C:\Users\User\AppData\Local\Programs\Python\Python312\Lib\site-packages\django\db\models\base.py", line 909, in save_base
    updated = self._save_table(
              ^^^^^^^^^^^^^^^^^
  File "C:\Users\User\AppData\Local\Programs\Python\Python312\Lib\site-packages\django\db\models\base.py", line 1036, in _save_table
    updated = self._do_update(
              ^^^^^^^^^^^^^^^^
  File "C:\Users\User\AppData\Local\Programs\Python\Python312\Lib\site-packages\django\db\models\base.py", line 1101, in _do_update
    return filtered._update(values) > 0
           ^^^^^^^^^^^^^^^^^^^^^^^^
  File "C:\Users\User\AppData\Local\Programs\Python\Python312\Lib\site-packages\django\db\models\query.py", line 1278, in _update
    return query.get_compiler(self.db).execute_sql(CURSOR)
           ^^^^^^^^^^^^^^^^^^^^^^^^^^^^^^^^^^^^^^^^^^^^^^^
  File "C:\Users\User\AppData\Local\Programs\Python\Python312\Lib\site-packages\django\db\models\sql\compiler.py", line 1990, in execute_sql
    cursor = super().execute_sql(result_type)
             ^^^^^^^^^^^^^^^^^^^^^^^^^^^^^^^^
  File "C:\Users\User\AppData\Local\Programs\Python\Python312\Lib\site-packages\django\db\models\sql\compiler.py", line 1562, in execute_sql
    cursor.execute(sql, params)
  File "C:\Users\User\AppData\Local\Programs\Python\Python312\Lib\site-packages\django\db\backends\utils.py", line 122, in execute
    return super().execute(sql, params)
           ^^^^^^^^^^^^^^^^^^^^^^^^^^^^
  File "C:\Users\User\AppData\Local\Programs\Python\Python312\Lib\site-packages\django\db\backends\utils.py", line 79, in execute
    return self._execute_with_wrappers(
           ^^^^^^^^^^^^^^^^^^^^^^^^^^^^
  File "C:\Users\User\AppData\Local\Programs\Python\Python312\Lib\site-packages\django\db\backends\utils.py", line 92, in _execute_with_wrappers
    return executor(sql, params, many, context)
           ^^^^^^^^^^^^^^^^^^^^^^^^^^^^^^^^^^^^
  File "C:\Users\User\AppData\Local\Programs\Python\Python312\Lib\site-packages\django\db\backends\utils.py", line 100, in _execute
    with self.db.wrap_database_errors:
  File "C:\Users\User\AppData\Local\Programs\Python\Python312\Lib\site-packages\django\db\utils.py", line 91, in __exit__
    raise dj_exc_value.with_traceback(traceback) from exc_value
  File "C:\Users\User\AppData\Local\Programs\Python\Python312\Lib\site-packages\django\db\backends\utils.py", line 105, in _execute
    return self.cursor.execute(sql, params)
           ^^^^^^^^^^^^^^^^^^^^^^^^^^^^^^^^
  File "C:\Users\User\AppData\Local\Programs\Python\Python312\Lib\site-packages\django\db\backends\sqlite3\base.py", line 329, in execute
    return super().execute(query, params)
           ^^^^^^^^^^^^^^^^^^^^^^^^^^^^^^
django.db.utils.OperationalError: database is locked
ERROR 2025-10-09 08:03:23,332 basehttp 23772 27984 "GET /stock-declaration/api/notifications/ HTTP/1.1" 500 162150
INFO 2025-10-09 08:08:23,288 basehttp 23772 27984 "GET /stock-declaration/api/notifications/ HTTP/1.1" 200 50
INFO 2025-10-09 08:08:23,288 basehttp 23772 28496 "GET /docu-notification/api/notifications/ HTTP/1.1" 200 482
INFO 2025-10-09 08:13:23,297 basehttp 23772 28496 "GET /stock-declaration/api/notifications/ HTTP/1.1" 200 50
INFO 2025-10-09 08:13:23,317 basehttp 23772 27984 "GET /docu-notification/api/notifications/ HTTP/1.1" 200 482
INFO 2025-10-09 08:18:23,277 basehttp 23772 18084 "GET /docu-notification/api/notifications/ HTTP/1.1" 200 482
INFO 2025-10-09 08:18:23,302 basehttp 23772 19360 "GET /stock-declaration/api/notifications/ HTTP/1.1" 200 50
INFO 2025-10-09 08:23:23,316 basehttp 23772 19360 "GET /stock-declaration/api/notifications/ HTTP/1.1" 200 50
INFO 2025-10-09 08:23:23,340 basehttp 23772 18084 "GET /docu-notification/api/notifications/ HTTP/1.1" 200 482
INFO 2025-10-09 08:28:23,285 basehttp 23772 19360 "GET /docu-notification/api/notifications/ HTTP/1.1" 200 482
INFO 2025-10-09 08:28:23,311 basehttp 23772 18084 "GET /stock-declaration/api/notifications/ HTTP/1.1" 200 50
INFO 2025-10-09 08:33:23,289 basehttp 23772 28056 "GET /docu-notification/api/notifications/ HTTP/1.1" 200 482
ERROR 2025-10-09 08:33:23,386 log 23772 16108 Internal Server Error: /stock-declaration/api/notifications/
Traceback (most recent call last):
  File "C:\Users\User\AppData\Local\Programs\Python\Python312\Lib\site-packages\django\db\backends\utils.py", line 105, in _execute
    return self.cursor.execute(sql, params)
           ^^^^^^^^^^^^^^^^^^^^^^^^^^^^^^^^
  File "C:\Users\User\AppData\Local\Programs\Python\Python312\Lib\site-packages\django\db\backends\sqlite3\base.py", line 329, in execute
    return super().execute(query, params)
           ^^^^^^^^^^^^^^^^^^^^^^^^^^^^^^
sqlite3.OperationalError: database is locked

The above exception was the direct cause of the following exception:

Traceback (most recent call last):
  File "C:\Users\User\AppData\Local\Programs\Python\Python312\Lib\site-packages\django\core\handlers\exception.py", line 55, in inner
    response = get_response(request)
               ^^^^^^^^^^^^^^^^^^^^^
  File "C:\Users\User\Desktop\RPA\Website\PDN_Portal\pdnportal\chat\middleware.py", line 14, in __call__
    UserOnlineStatus.objects.update_or_create(
  File "C:\Users\User\AppData\Local\Programs\Python\Python312\Lib\site-packages\django\db\models\manager.py", line 87, in manager_method
    return getattr(self.get_queryset(), name)(*args, **kwargs)
           ^^^^^^^^^^^^^^^^^^^^^^^^^^^^^^^^^^^^^^^^^^^^^^^^^^^
  File "C:\Users\User\AppData\Local\Programs\Python\Python312\Lib\site-packages\django\db\models\query.py", line 1009, in update_or_create
    obj.save(using=self.db, update_fields=update_fields)
  File "C:\Users\User\AppData\Local\Programs\Python\Python312\Lib\site-packages\django\db\models\base.py", line 822, in save
    self.save_base(
  File "C:\Users\User\AppData\Local\Programs\Python\Python312\Lib\site-packages\django\db\models\base.py", line 909, in save_base
    updated = self._save_table(
              ^^^^^^^^^^^^^^^^^
  File "C:\Users\User\AppData\Local\Programs\Python\Python312\Lib\site-packages\django\db\models\base.py", line 1036, in _save_table
    updated = self._do_update(
              ^^^^^^^^^^^^^^^^
  File "C:\Users\User\AppData\Local\Programs\Python\Python312\Lib\site-packages\django\db\models\base.py", line 1101, in _do_update
    return filtered._update(values) > 0
           ^^^^^^^^^^^^^^^^^^^^^^^^
  File "C:\Users\User\AppData\Local\Programs\Python\Python312\Lib\site-packages\django\db\models\query.py", line 1278, in _update
    return query.get_compiler(self.db).execute_sql(CURSOR)
           ^^^^^^^^^^^^^^^^^^^^^^^^^^^^^^^^^^^^^^^^^^^^^^^
  File "C:\Users\User\AppData\Local\Programs\Python\Python312\Lib\site-packages\django\db\models\sql\compiler.py", line 1990, in execute_sql
    cursor = super().execute_sql(result_type)
             ^^^^^^^^^^^^^^^^^^^^^^^^^^^^^^^^
  File "C:\Users\User\AppData\Local\Programs\Python\Python312\Lib\site-packages\django\db\models\sql\compiler.py", line 1562, in execute_sql
    cursor.execute(sql, params)
  File "C:\Users\User\AppData\Local\Programs\Python\Python312\Lib\site-packages\django\db\backends\utils.py", line 122, in execute
    return super().execute(sql, params)
           ^^^^^^^^^^^^^^^^^^^^^^^^^^^^
  File "C:\Users\User\AppData\Local\Programs\Python\Python312\Lib\site-packages\django\db\backends\utils.py", line 79, in execute
    return self._execute_with_wrappers(
           ^^^^^^^^^^^^^^^^^^^^^^^^^^^^
  File "C:\Users\User\AppData\Local\Programs\Python\Python312\Lib\site-packages\django\db\backends\utils.py", line 92, in _execute_with_wrappers
    return executor(sql, params, many, context)
           ^^^^^^^^^^^^^^^^^^^^^^^^^^^^^^^^^^^^
  File "C:\Users\User\AppData\Local\Programs\Python\Python312\Lib\site-packages\django\db\backends\utils.py", line 100, in _execute
    with self.db.wrap_database_errors:
  File "C:\Users\User\AppData\Local\Programs\Python\Python312\Lib\site-packages\django\db\utils.py", line 91, in __exit__
    raise dj_exc_value.with_traceback(traceback) from exc_value
  File "C:\Users\User\AppData\Local\Programs\Python\Python312\Lib\site-packages\django\db\backends\utils.py", line 105, in _execute
    return self.cursor.execute(sql, params)
           ^^^^^^^^^^^^^^^^^^^^^^^^^^^^^^^^
  File "C:\Users\User\AppData\Local\Programs\Python\Python312\Lib\site-packages\django\db\backends\sqlite3\base.py", line 329, in execute
    return super().execute(query, params)
           ^^^^^^^^^^^^^^^^^^^^^^^^^^^^^^
django.db.utils.OperationalError: database is locked
ERROR 2025-10-09 08:33:23,395 basehttp 23772 16108 "GET /stock-declaration/api/notifications/ HTTP/1.1" 500 162153
INFO 2025-10-09 08:38:23,292 basehttp 23772 16108 "GET /stock-declaration/api/notifications/ HTTP/1.1" 200 50
INFO 2025-10-09 08:38:23,315 basehttp 23772 28056 "GET /docu-notification/api/notifications/ HTTP/1.1" 200 482
INFO 2025-10-09 08:43:23,291 basehttp 23772 16108 "GET /docu-notification/api/notifications/ HTTP/1.1" 200 482
INFO 2025-10-09 08:43:23,310 basehttp 23772 28056 "GET /stock-declaration/api/notifications/ HTTP/1.1" 200 50
INFO 2025-10-09 08:48:23,284 basehttp 23772 16108 "GET /docu-notification/api/notifications/ HTTP/1.1" 200 482
ERROR 2025-10-09 08:48:23,349 log 23772 28056 Internal Server Error: /stock-declaration/api/notifications/
Traceback (most recent call last):
  File "C:\Users\User\AppData\Local\Programs\Python\Python312\Lib\site-packages\django\db\backends\utils.py", line 105, in _execute
    return self.cursor.execute(sql, params)
           ^^^^^^^^^^^^^^^^^^^^^^^^^^^^^^^^
  File "C:\Users\User\AppData\Local\Programs\Python\Python312\Lib\site-packages\django\db\backends\sqlite3\base.py", line 329, in execute
    return super().execute(query, params)
           ^^^^^^^^^^^^^^^^^^^^^^^^^^^^^^
sqlite3.OperationalError: database is locked

The above exception was the direct cause of the following exception:

Traceback (most recent call last):
  File "C:\Users\User\AppData\Local\Programs\Python\Python312\Lib\site-packages\django\core\handlers\exception.py", line 55, in inner
    response = get_response(request)
               ^^^^^^^^^^^^^^^^^^^^^
  File "C:\Users\User\Desktop\RPA\Website\PDN_Portal\pdnportal\chat\middleware.py", line 14, in __call__
    UserOnlineStatus.objects.update_or_create(
  File "C:\Users\User\AppData\Local\Programs\Python\Python312\Lib\site-packages\django\db\models\manager.py", line 87, in manager_method
    return getattr(self.get_queryset(), name)(*args, **kwargs)
           ^^^^^^^^^^^^^^^^^^^^^^^^^^^^^^^^^^^^^^^^^^^^^^^^^^^
  File "C:\Users\User\AppData\Local\Programs\Python\Python312\Lib\site-packages\django\db\models\query.py", line 1009, in update_or_create
    obj.save(using=self.db, update_fields=update_fields)
  File "C:\Users\User\AppData\Local\Programs\Python\Python312\Lib\site-packages\django\db\models\base.py", line 822, in save
    self.save_base(
  File "C:\Users\User\AppData\Local\Programs\Python\Python312\Lib\site-packages\django\db\models\base.py", line 909, in save_base
    updated = self._save_table(
              ^^^^^^^^^^^^^^^^^
  File "C:\Users\User\AppData\Local\Programs\Python\Python312\Lib\site-packages\django\db\models\base.py", line 1036, in _save_table
    updated = self._do_update(
              ^^^^^^^^^^^^^^^^
  File "C:\Users\User\AppData\Local\Programs\Python\Python312\Lib\site-packages\django\db\models\base.py", line 1101, in _do_update
    return filtered._update(values) > 0
           ^^^^^^^^^^^^^^^^^^^^^^^^
  File "C:\Users\User\AppData\Local\Programs\Python\Python312\Lib\site-packages\django\db\models\query.py", line 1278, in _update
    return query.get_compiler(self.db).execute_sql(CURSOR)
           ^^^^^^^^^^^^^^^^^^^^^^^^^^^^^^^^^^^^^^^^^^^^^^^
  File "C:\Users\User\AppData\Local\Programs\Python\Python312\Lib\site-packages\django\db\models\sql\compiler.py", line 1990, in execute_sql
    cursor = super().execute_sql(result_type)
             ^^^^^^^^^^^^^^^^^^^^^^^^^^^^^^^^
  File "C:\Users\User\AppData\Local\Programs\Python\Python312\Lib\site-packages\django\db\models\sql\compiler.py", line 1562, in execute_sql
    cursor.execute(sql, params)
  File "C:\Users\User\AppData\Local\Programs\Python\Python312\Lib\site-packages\django\db\backends\utils.py", line 122, in execute
    return super().execute(sql, params)
           ^^^^^^^^^^^^^^^^^^^^^^^^^^^^
  File "C:\Users\User\AppData\Local\Programs\Python\Python312\Lib\site-packages\django\db\backends\utils.py", line 79, in execute
    return self._execute_with_wrappers(
           ^^^^^^^^^^^^^^^^^^^^^^^^^^^^
  File "C:\Users\User\AppData\Local\Programs\Python\Python312\Lib\site-packages\django\db\backends\utils.py", line 92, in _execute_with_wrappers
    return executor(sql, params, many, context)
           ^^^^^^^^^^^^^^^^^^^^^^^^^^^^^^^^^^^^
  File "C:\Users\User\AppData\Local\Programs\Python\Python312\Lib\site-packages\django\db\backends\utils.py", line 100, in _execute
    with self.db.wrap_database_errors:
  File "C:\Users\User\AppData\Local\Programs\Python\Python312\Lib\site-packages\django\db\utils.py", line 91, in __exit__
    raise dj_exc_value.with_traceback(traceback) from exc_value
  File "C:\Users\User\AppData\Local\Programs\Python\Python312\Lib\site-packages\django\db\backends\utils.py", line 105, in _execute
    return self.cursor.execute(sql, params)
           ^^^^^^^^^^^^^^^^^^^^^^^^^^^^^^^^
  File "C:\Users\User\AppData\Local\Programs\Python\Python312\Lib\site-packages\django\db\backends\sqlite3\base.py", line 329, in execute
    return super().execute(query, params)
           ^^^^^^^^^^^^^^^^^^^^^^^^^^^^^^
django.db.utils.OperationalError: database is locked
ERROR 2025-10-09 08:48:23,358 basehttp 23772 28056 "GET /stock-declaration/api/notifications/ HTTP/1.1" 500 162153
INFO 2025-10-09 08:53:23,290 basehttp 23772 16108 "GET /docu-notification/api/notifications/ HTTP/1.1" 200 482
ERROR 2025-10-09 08:53:23,358 log 23772 28056 Internal Server Error: /stock-declaration/api/notifications/
Traceback (most recent call last):
  File "C:\Users\User\AppData\Local\Programs\Python\Python312\Lib\site-packages\django\db\backends\utils.py", line 105, in _execute
    return self.cursor.execute(sql, params)
           ^^^^^^^^^^^^^^^^^^^^^^^^^^^^^^^^
  File "C:\Users\User\AppData\Local\Programs\Python\Python312\Lib\site-packages\django\db\backends\sqlite3\base.py", line 329, in execute
    return super().execute(query, params)
           ^^^^^^^^^^^^^^^^^^^^^^^^^^^^^^
sqlite3.OperationalError: database is locked

The above exception was the direct cause of the following exception:

Traceback (most recent call last):
  File "C:\Users\User\AppData\Local\Programs\Python\Python312\Lib\site-packages\django\core\handlers\exception.py", line 55, in inner
    response = get_response(request)
               ^^^^^^^^^^^^^^^^^^^^^
  File "C:\Users\User\Desktop\RPA\Website\PDN_Portal\pdnportal\chat\middleware.py", line 14, in __call__
    UserOnlineStatus.objects.update_or_create(
  File "C:\Users\User\AppData\Local\Programs\Python\Python312\Lib\site-packages\django\db\models\manager.py", line 87, in manager_method
    return getattr(self.get_queryset(), name)(*args, **kwargs)
           ^^^^^^^^^^^^^^^^^^^^^^^^^^^^^^^^^^^^^^^^^^^^^^^^^^^
  File "C:\Users\User\AppData\Local\Programs\Python\Python312\Lib\site-packages\django\db\models\query.py", line 1009, in update_or_create
    obj.save(using=self.db, update_fields=update_fields)
  File "C:\Users\User\AppData\Local\Programs\Python\Python312\Lib\site-packages\django\db\models\base.py", line 822, in save
    self.save_base(
  File "C:\Users\User\AppData\Local\Programs\Python\Python312\Lib\site-packages\django\db\models\base.py", line 909, in save_base
    updated = self._save_table(
              ^^^^^^^^^^^^^^^^^
  File "C:\Users\User\AppData\Local\Programs\Python\Python312\Lib\site-packages\django\db\models\base.py", line 1036, in _save_table
    updated = self._do_update(
              ^^^^^^^^^^^^^^^^
  File "C:\Users\User\AppData\Local\Programs\Python\Python312\Lib\site-packages\django\db\models\base.py", line 1101, in _do_update
    return filtered._update(values) > 0
           ^^^^^^^^^^^^^^^^^^^^^^^^
  File "C:\Users\User\AppData\Local\Programs\Python\Python312\Lib\site-packages\django\db\models\query.py", line 1278, in _update
    return query.get_compiler(self.db).execute_sql(CURSOR)
           ^^^^^^^^^^^^^^^^^^^^^^^^^^^^^^^^^^^^^^^^^^^^^^^
  File "C:\Users\User\AppData\Local\Programs\Python\Python312\Lib\site-packages\django\db\models\sql\compiler.py", line 1990, in execute_sql
    cursor = super().execute_sql(result_type)
             ^^^^^^^^^^^^^^^^^^^^^^^^^^^^^^^^
  File "C:\Users\User\AppData\Local\Programs\Python\Python312\Lib\site-packages\django\db\models\sql\compiler.py", line 1562, in execute_sql
    cursor.execute(sql, params)
  File "C:\Users\User\AppData\Local\Programs\Python\Python312\Lib\site-packages\django\db\backends\utils.py", line 122, in execute
    return super().execute(sql, params)
           ^^^^^^^^^^^^^^^^^^^^^^^^^^^^
  File "C:\Users\User\AppData\Local\Programs\Python\Python312\Lib\site-packages\django\db\backends\utils.py", line 79, in execute
    return self._execute_with_wrappers(
           ^^^^^^^^^^^^^^^^^^^^^^^^^^^^
  File "C:\Users\User\AppData\Local\Programs\Python\Python312\Lib\site-packages\django\db\backends\utils.py", line 92, in _execute_with_wrappers
    return executor(sql, params, many, context)
           ^^^^^^^^^^^^^^^^^^^^^^^^^^^^^^^^^^^^
  File "C:\Users\User\AppData\Local\Programs\Python\Python312\Lib\site-packages\django\db\backends\utils.py", line 100, in _execute
    with self.db.wrap_database_errors:
  File "C:\Users\User\AppData\Local\Programs\Python\Python312\Lib\site-packages\django\db\utils.py", line 91, in __exit__
    raise dj_exc_value.with_traceback(traceback) from exc_value
  File "C:\Users\User\AppData\Local\Programs\Python\Python312\Lib\site-packages\django\db\backends\utils.py", line 105, in _execute
    return self.cursor.execute(sql, params)
           ^^^^^^^^^^^^^^^^^^^^^^^^^^^^^^^^
  File "C:\Users\User\AppData\Local\Programs\Python\Python312\Lib\site-packages\django\db\backends\sqlite3\base.py", line 329, in execute
    return super().execute(query, params)
           ^^^^^^^^^^^^^^^^^^^^^^^^^^^^^^
django.db.utils.OperationalError: database is locked
ERROR 2025-10-09 08:53:23,365 basehttp 23772 28056 "GET /stock-declaration/api/notifications/ HTTP/1.1" 500 162153
INFO 2025-10-09 08:58:23,291 basehttp 23772 27280 "GET /docu-notification/api/notifications/ HTTP/1.1" 200 482
ERROR 2025-10-09 08:58:23,357 log 23772 24184 Internal Server Error: /stock-declaration/api/notifications/
Traceback (most recent call last):
  File "C:\Users\User\AppData\Local\Programs\Python\Python312\Lib\site-packages\django\db\backends\utils.py", line 105, in _execute
    return self.cursor.execute(sql, params)
           ^^^^^^^^^^^^^^^^^^^^^^^^^^^^^^^^
  File "C:\Users\User\AppData\Local\Programs\Python\Python312\Lib\site-packages\django\db\backends\sqlite3\base.py", line 329, in execute
    return super().execute(query, params)
           ^^^^^^^^^^^^^^^^^^^^^^^^^^^^^^
sqlite3.OperationalError: database is locked

The above exception was the direct cause of the following exception:

Traceback (most recent call last):
  File "C:\Users\User\AppData\Local\Programs\Python\Python312\Lib\site-packages\django\core\handlers\exception.py", line 55, in inner
    response = get_response(request)
               ^^^^^^^^^^^^^^^^^^^^^
  File "C:\Users\User\Desktop\RPA\Website\PDN_Portal\pdnportal\chat\middleware.py", line 14, in __call__
    UserOnlineStatus.objects.update_or_create(
  File "C:\Users\User\AppData\Local\Programs\Python\Python312\Lib\site-packages\django\db\models\manager.py", line 87, in manager_method
    return getattr(self.get_queryset(), name)(*args, **kwargs)
           ^^^^^^^^^^^^^^^^^^^^^^^^^^^^^^^^^^^^^^^^^^^^^^^^^^^
  File "C:\Users\User\AppData\Local\Programs\Python\Python312\Lib\site-packages\django\db\models\query.py", line 1009, in update_or_create
    obj.save(using=self.db, update_fields=update_fields)
  File "C:\Users\User\AppData\Local\Programs\Python\Python312\Lib\site-packages\django\db\models\base.py", line 822, in save
    self.save_base(
  File "C:\Users\User\AppData\Local\Programs\Python\Python312\Lib\site-packages\django\db\models\base.py", line 909, in save_base
    updated = self._save_table(
              ^^^^^^^^^^^^^^^^^
  File "C:\Users\User\AppData\Local\Programs\Python\Python312\Lib\site-packages\django\db\models\base.py", line 1036, in _save_table
    updated = self._do_update(
              ^^^^^^^^^^^^^^^^
  File "C:\Users\User\AppData\Local\Programs\Python\Python312\Lib\site-packages\django\db\models\base.py", line 1101, in _do_update
    return filtered._update(values) > 0
           ^^^^^^^^^^^^^^^^^^^^^^^^
  File "C:\Users\User\AppData\Local\Programs\Python\Python312\Lib\site-packages\django\db\models\query.py", line 1278, in _update
    return query.get_compiler(self.db).execute_sql(CURSOR)
           ^^^^^^^^^^^^^^^^^^^^^^^^^^^^^^^^^^^^^^^^^^^^^^^
  File "C:\Users\User\AppData\Local\Programs\Python\Python312\Lib\site-packages\django\db\models\sql\compiler.py", line 1990, in execute_sql
    cursor = super().execute_sql(result_type)
             ^^^^^^^^^^^^^^^^^^^^^^^^^^^^^^^^
  File "C:\Users\User\AppData\Local\Programs\Python\Python312\Lib\site-packages\django\db\models\sql\compiler.py", line 1562, in execute_sql
    cursor.execute(sql, params)
  File "C:\Users\User\AppData\Local\Programs\Python\Python312\Lib\site-packages\django\db\backends\utils.py", line 122, in execute
    return super().execute(sql, params)
           ^^^^^^^^^^^^^^^^^^^^^^^^^^^^
  File "C:\Users\User\AppData\Local\Programs\Python\Python312\Lib\site-packages\django\db\backends\utils.py", line 79, in execute
    return self._execute_with_wrappers(
           ^^^^^^^^^^^^^^^^^^^^^^^^^^^^
  File "C:\Users\User\AppData\Local\Programs\Python\Python312\Lib\site-packages\django\db\backends\utils.py", line 92, in _execute_with_wrappers
    return executor(sql, params, many, context)
           ^^^^^^^^^^^^^^^^^^^^^^^^^^^^^^^^^^^^
  File "C:\Users\User\AppData\Local\Programs\Python\Python312\Lib\site-packages\django\db\backends\utils.py", line 100, in _execute
    with self.db.wrap_database_errors:
  File "C:\Users\User\AppData\Local\Programs\Python\Python312\Lib\site-packages\django\db\utils.py", line 91, in __exit__
    raise dj_exc_value.with_traceback(traceback) from exc_value
  File "C:\Users\User\AppData\Local\Programs\Python\Python312\Lib\site-packages\django\db\backends\utils.py", line 105, in _execute
    return self.cursor.execute(sql, params)
           ^^^^^^^^^^^^^^^^^^^^^^^^^^^^^^^^
  File "C:\Users\User\AppData\Local\Programs\Python\Python312\Lib\site-packages\django\db\backends\sqlite3\base.py", line 329, in execute
    return super().execute(query, params)
           ^^^^^^^^^^^^^^^^^^^^^^^^^^^^^^
django.db.utils.OperationalError: database is locked
ERROR 2025-10-09 08:58:23,365 basehttp 23772 24184 "GET /stock-declaration/api/notifications/ HTTP/1.1" 500 162153
INFO 2025-10-09 09:03:23,272 basehttp 23772 25968 "GET /docu-notification/api/notifications/ HTTP/1.1" 200 482
ERROR 2025-10-09 09:03:23,339 log 23772 14292 Internal Server Error: /stock-declaration/api/notifications/
Traceback (most recent call last):
  File "C:\Users\User\AppData\Local\Programs\Python\Python312\Lib\site-packages\django\db\backends\utils.py", line 105, in _execute
    return self.cursor.execute(sql, params)
           ^^^^^^^^^^^^^^^^^^^^^^^^^^^^^^^^
  File "C:\Users\User\AppData\Local\Programs\Python\Python312\Lib\site-packages\django\db\backends\sqlite3\base.py", line 329, in execute
    return super().execute(query, params)
           ^^^^^^^^^^^^^^^^^^^^^^^^^^^^^^
sqlite3.OperationalError: database is locked

The above exception was the direct cause of the following exception:

Traceback (most recent call last):
  File "C:\Users\User\AppData\Local\Programs\Python\Python312\Lib\site-packages\django\core\handlers\exception.py", line 55, in inner
    response = get_response(request)
               ^^^^^^^^^^^^^^^^^^^^^
  File "C:\Users\User\Desktop\RPA\Website\PDN_Portal\pdnportal\chat\middleware.py", line 14, in __call__
    UserOnlineStatus.objects.update_or_create(
  File "C:\Users\User\AppData\Local\Programs\Python\Python312\Lib\site-packages\django\db\models\manager.py", line 87, in manager_method
    return getattr(self.get_queryset(), name)(*args, **kwargs)
           ^^^^^^^^^^^^^^^^^^^^^^^^^^^^^^^^^^^^^^^^^^^^^^^^^^^
  File "C:\Users\User\AppData\Local\Programs\Python\Python312\Lib\site-packages\django\db\models\query.py", line 1009, in update_or_create
    obj.save(using=self.db, update_fields=update_fields)
  File "C:\Users\User\AppData\Local\Programs\Python\Python312\Lib\site-packages\django\db\models\base.py", line 822, in save
    self.save_base(
  File "C:\Users\User\AppData\Local\Programs\Python\Python312\Lib\site-packages\django\db\models\base.py", line 909, in save_base
    updated = self._save_table(
              ^^^^^^^^^^^^^^^^^
  File "C:\Users\User\AppData\Local\Programs\Python\Python312\Lib\site-packages\django\db\models\base.py", line 1036, in _save_table
    updated = self._do_update(
              ^^^^^^^^^^^^^^^^
  File "C:\Users\User\AppData\Local\Programs\Python\Python312\Lib\site-packages\django\db\models\base.py", line 1101, in _do_update
    return filtered._update(values) > 0
           ^^^^^^^^^^^^^^^^^^^^^^^^
  File "C:\Users\User\AppData\Local\Programs\Python\Python312\Lib\site-packages\django\db\models\query.py", line 1278, in _update
    return query.get_compiler(self.db).execute_sql(CURSOR)
           ^^^^^^^^^^^^^^^^^^^^^^^^^^^^^^^^^^^^^^^^^^^^^^^
  File "C:\Users\User\AppData\Local\Programs\Python\Python312\Lib\site-packages\django\db\models\sql\compiler.py", line 1990, in execute_sql
    cursor = super().execute_sql(result_type)
             ^^^^^^^^^^^^^^^^^^^^^^^^^^^^^^^^
  File "C:\Users\User\AppData\Local\Programs\Python\Python312\Lib\site-packages\django\db\models\sql\compiler.py", line 1562, in execute_sql
    cursor.execute(sql, params)
  File "C:\Users\User\AppData\Local\Programs\Python\Python312\Lib\site-packages\django\db\backends\utils.py", line 122, in execute
    return super().execute(sql, params)
           ^^^^^^^^^^^^^^^^^^^^^^^^^^^^
  File "C:\Users\User\AppData\Local\Programs\Python\Python312\Lib\site-packages\django\db\backends\utils.py", line 79, in execute
    return self._execute_with_wrappers(
           ^^^^^^^^^^^^^^^^^^^^^^^^^^^^
  File "C:\Users\User\AppData\Local\Programs\Python\Python312\Lib\site-packages\django\db\backends\utils.py", line 92, in _execute_with_wrappers
    return executor(sql, params, many, context)
           ^^^^^^^^^^^^^^^^^^^^^^^^^^^^^^^^^^^^
  File "C:\Users\User\AppData\Local\Programs\Python\Python312\Lib\site-packages\django\db\backends\utils.py", line 100, in _execute
    with self.db.wrap_database_errors:
  File "C:\Users\User\AppData\Local\Programs\Python\Python312\Lib\site-packages\django\db\utils.py", line 91, in __exit__
    raise dj_exc_value.with_traceback(traceback) from exc_value
  File "C:\Users\User\AppData\Local\Programs\Python\Python312\Lib\site-packages\django\db\backends\utils.py", line 105, in _execute
    return self.cursor.execute(sql, params)
           ^^^^^^^^^^^^^^^^^^^^^^^^^^^^^^^^
  File "C:\Users\User\AppData\Local\Programs\Python\Python312\Lib\site-packages\django\db\backends\sqlite3\base.py", line 329, in execute
    return super().execute(query, params)
           ^^^^^^^^^^^^^^^^^^^^^^^^^^^^^^
django.db.utils.OperationalError: database is locked
ERROR 2025-10-09 09:03:23,349 basehttp 23772 14292 "GET /stock-declaration/api/notifications/ HTTP/1.1" 500 162150
INFO 2025-10-09 09:11:40,035 basehttp 23772 19224 "GET /docu-notification/api/notifications/ HTTP/1.1" 200 482
ERROR 2025-10-09 09:11:40,417 log 23772 7880 Internal Server Error: /stock-declaration/api/notifications/
Traceback (most recent call last):
  File "C:\Users\User\AppData\Local\Programs\Python\Python312\Lib\site-packages\django\db\backends\utils.py", line 105, in _execute
    return self.cursor.execute(sql, params)
           ^^^^^^^^^^^^^^^^^^^^^^^^^^^^^^^^
  File "C:\Users\User\AppData\Local\Programs\Python\Python312\Lib\site-packages\django\db\backends\sqlite3\base.py", line 329, in execute
    return super().execute(query, params)
           ^^^^^^^^^^^^^^^^^^^^^^^^^^^^^^
sqlite3.OperationalError: database is locked

The above exception was the direct cause of the following exception:

Traceback (most recent call last):
  File "C:\Users\User\AppData\Local\Programs\Python\Python312\Lib\site-packages\django\core\handlers\exception.py", line 55, in inner
    response = get_response(request)
               ^^^^^^^^^^^^^^^^^^^^^
  File "C:\Users\User\Desktop\RPA\Website\PDN_Portal\pdnportal\chat\middleware.py", line 14, in __call__
    UserOnlineStatus.objects.update_or_create(
  File "C:\Users\User\AppData\Local\Programs\Python\Python312\Lib\site-packages\django\db\models\manager.py", line 87, in manager_method
    return getattr(self.get_queryset(), name)(*args, **kwargs)
           ^^^^^^^^^^^^^^^^^^^^^^^^^^^^^^^^^^^^^^^^^^^^^^^^^^^
  File "C:\Users\User\AppData\Local\Programs\Python\Python312\Lib\site-packages\django\db\models\query.py", line 1009, in update_or_create
    obj.save(using=self.db, update_fields=update_fields)
  File "C:\Users\User\AppData\Local\Programs\Python\Python312\Lib\site-packages\django\db\models\base.py", line 822, in save
    self.save_base(
  File "C:\Users\User\AppData\Local\Programs\Python\Python312\Lib\site-packages\django\db\models\base.py", line 909, in save_base
    updated = self._save_table(
              ^^^^^^^^^^^^^^^^^
  File "C:\Users\User\AppData\Local\Programs\Python\Python312\Lib\site-packages\django\db\models\base.py", line 1036, in _save_table
    updated = self._do_update(
              ^^^^^^^^^^^^^^^^
  File "C:\Users\User\AppData\Local\Programs\Python\Python312\Lib\site-packages\django\db\models\base.py", line 1101, in _do_update
    return filtered._update(values) > 0
           ^^^^^^^^^^^^^^^^^^^^^^^^
  File "C:\Users\User\AppData\Local\Programs\Python\Python312\Lib\site-packages\django\db\models\query.py", line 1278, in _update
    return query.get_compiler(self.db).execute_sql(CURSOR)
           ^^^^^^^^^^^^^^^^^^^^^^^^^^^^^^^^^^^^^^^^^^^^^^^
  File "C:\Users\User\AppData\Local\Programs\Python\Python312\Lib\site-packages\django\db\models\sql\compiler.py", line 1990, in execute_sql
    cursor = super().execute_sql(result_type)
             ^^^^^^^^^^^^^^^^^^^^^^^^^^^^^^^^
  File "C:\Users\User\AppData\Local\Programs\Python\Python312\Lib\site-packages\django\db\models\sql\compiler.py", line 1562, in execute_sql
    cursor.execute(sql, params)
  File "C:\Users\User\AppData\Local\Programs\Python\Python312\Lib\site-packages\django\db\backends\utils.py", line 122, in execute
    return super().execute(sql, params)
           ^^^^^^^^^^^^^^^^^^^^^^^^^^^^
  File "C:\Users\User\AppData\Local\Programs\Python\Python312\Lib\site-packages\django\db\backends\utils.py", line 79, in execute
    return self._execute_with_wrappers(
           ^^^^^^^^^^^^^^^^^^^^^^^^^^^^
  File "C:\Users\User\AppData\Local\Programs\Python\Python312\Lib\site-packages\django\db\backends\utils.py", line 92, in _execute_with_wrappers
    return executor(sql, params, many, context)
           ^^^^^^^^^^^^^^^^^^^^^^^^^^^^^^^^^^^^
  File "C:\Users\User\AppData\Local\Programs\Python\Python312\Lib\site-packages\django\db\backends\utils.py", line 100, in _execute
    with self.db.wrap_database_errors:
  File "C:\Users\User\AppData\Local\Programs\Python\Python312\Lib\site-packages\django\db\utils.py", line 91, in __exit__
    raise dj_exc_value.with_traceback(traceback) from exc_value
  File "C:\Users\User\AppData\Local\Programs\Python\Python312\Lib\site-packages\django\db\backends\utils.py", line 105, in _execute
    return self.cursor.execute(sql, params)
           ^^^^^^^^^^^^^^^^^^^^^^^^^^^^^^^^
  File "C:\Users\User\AppData\Local\Programs\Python\Python312\Lib\site-packages\django\db\backends\sqlite3\base.py", line 329, in execute
    return super().execute(query, params)
           ^^^^^^^^^^^^^^^^^^^^^^^^^^^^^^
django.db.utils.OperationalError: database is locked
ERROR 2025-10-09 09:11:40,446 basehttp 23772 7880 "GET /stock-declaration/api/notifications/ HTTP/1.1" 500 162153
INFO 2025-10-09 09:13:23,315 basehttp 23772 17920 "GET /stock-declaration/api/notifications/ HTTP/1.1" 200 50
INFO 2025-10-09 09:13:23,332 basehttp 23772 16484 "GET /docu-notification/api/notifications/ HTTP/1.1" 200 482
INFO 2025-10-09 10:55:02,181 basehttp 23772 27300 "GET /stock-declaration/api/notifications/ HTTP/1.1" 200 50
INFO 2025-10-09 10:55:02,237 basehttp 23772 19560 "GET /docu-notification/api/notifications/ HTTP/1.1" 200 482
INFO 2025-10-09 10:58:23,279 basehttp 23772 26732 "GET /docu-notification/api/notifications/ HTTP/1.1" 200 482
INFO 2025-10-09 10:58:23,292 basehttp 23772 2980 "GET /stock-declaration/api/notifications/ HTTP/1.1" 200 50
INFO 2025-10-09 11:17:43,225 basehttp 23772 12552 "GET /docu-notification/api/notifications/ HTTP/1.1" 200 482
ERROR 2025-10-09 11:17:43,472 log 23772 14888 Internal Server Error: /stock-declaration/api/notifications/
Traceback (most recent call last):
  File "C:\Users\User\AppData\Local\Programs\Python\Python312\Lib\site-packages\django\db\backends\utils.py", line 105, in _execute
    return self.cursor.execute(sql, params)
           ^^^^^^^^^^^^^^^^^^^^^^^^^^^^^^^^
  File "C:\Users\User\AppData\Local\Programs\Python\Python312\Lib\site-packages\django\db\backends\sqlite3\base.py", line 329, in execute
    return super().execute(query, params)
           ^^^^^^^^^^^^^^^^^^^^^^^^^^^^^^
sqlite3.OperationalError: database is locked

The above exception was the direct cause of the following exception:

Traceback (most recent call last):
  File "C:\Users\User\AppData\Local\Programs\Python\Python312\Lib\site-packages\django\core\handlers\exception.py", line 55, in inner
    response = get_response(request)
               ^^^^^^^^^^^^^^^^^^^^^
  File "C:\Users\User\Desktop\RPA\Website\PDN_Portal\pdnportal\chat\middleware.py", line 14, in __call__
    UserOnlineStatus.objects.update_or_create(
  File "C:\Users\User\AppData\Local\Programs\Python\Python312\Lib\site-packages\django\db\models\manager.py", line 87, in manager_method
    return getattr(self.get_queryset(), name)(*args, **kwargs)
           ^^^^^^^^^^^^^^^^^^^^^^^^^^^^^^^^^^^^^^^^^^^^^^^^^^^
  File "C:\Users\User\AppData\Local\Programs\Python\Python312\Lib\site-packages\django\db\models\query.py", line 1009, in update_or_create
    obj.save(using=self.db, update_fields=update_fields)
  File "C:\Users\User\AppData\Local\Programs\Python\Python312\Lib\site-packages\django\db\models\base.py", line 822, in save
    self.save_base(
  File "C:\Users\User\AppData\Local\Programs\Python\Python312\Lib\site-packages\django\db\models\base.py", line 909, in save_base
    updated = self._save_table(
              ^^^^^^^^^^^^^^^^^
  File "C:\Users\User\AppData\Local\Programs\Python\Python312\Lib\site-packages\django\db\models\base.py", line 1036, in _save_table
    updated = self._do_update(
              ^^^^^^^^^^^^^^^^
  File "C:\Users\User\AppData\Local\Programs\Python\Python312\Lib\site-packages\django\db\models\base.py", line 1101, in _do_update
    return filtered._update(values) > 0
           ^^^^^^^^^^^^^^^^^^^^^^^^
  File "C:\Users\User\AppData\Local\Programs\Python\Python312\Lib\site-packages\django\db\models\query.py", line 1278, in _update
    return query.get_compiler(self.db).execute_sql(CURSOR)
           ^^^^^^^^^^^^^^^^^^^^^^^^^^^^^^^^^^^^^^^^^^^^^^^
  File "C:\Users\User\AppData\Local\Programs\Python\Python312\Lib\site-packages\django\db\models\sql\compiler.py", line 1990, in execute_sql
    cursor = super().execute_sql(result_type)
             ^^^^^^^^^^^^^^^^^^^^^^^^^^^^^^^^
  File "C:\Users\User\AppData\Local\Programs\Python\Python312\Lib\site-packages\django\db\models\sql\compiler.py", line 1562, in execute_sql
    cursor.execute(sql, params)
  File "C:\Users\User\AppData\Local\Programs\Python\Python312\Lib\site-packages\django\db\backends\utils.py", line 122, in execute
    return super().execute(sql, params)
           ^^^^^^^^^^^^^^^^^^^^^^^^^^^^
  File "C:\Users\User\AppData\Local\Programs\Python\Python312\Lib\site-packages\django\db\backends\utils.py", line 79, in execute
    return self._execute_with_wrappers(
           ^^^^^^^^^^^^^^^^^^^^^^^^^^^^
  File "C:\Users\User\AppData\Local\Programs\Python\Python312\Lib\site-packages\django\db\backends\utils.py", line 92, in _execute_with_wrappers
    return executor(sql, params, many, context)
           ^^^^^^^^^^^^^^^^^^^^^^^^^^^^^^^^^^^^
  File "C:\Users\User\AppData\Local\Programs\Python\Python312\Lib\site-packages\django\db\backends\utils.py", line 100, in _execute
    with self.db.wrap_database_errors:
  File "C:\Users\User\AppData\Local\Programs\Python\Python312\Lib\site-packages\django\db\utils.py", line 91, in __exit__
    raise dj_exc_value.with_traceback(traceback) from exc_value
  File "C:\Users\User\AppData\Local\Programs\Python\Python312\Lib\site-packages\django\db\backends\utils.py", line 105, in _execute
    return self.cursor.execute(sql, params)
           ^^^^^^^^^^^^^^^^^^^^^^^^^^^^^^^^
  File "C:\Users\User\AppData\Local\Programs\Python\Python312\Lib\site-packages\django\db\backends\sqlite3\base.py", line 329, in execute
    return super().execute(query, params)
           ^^^^^^^^^^^^^^^^^^^^^^^^^^^^^^
django.db.utils.OperationalError: database is locked
ERROR 2025-10-09 11:17:43,629 basehttp 23772 14888 "GET /stock-declaration/api/notifications/ HTTP/1.1" 500 162153
INFO 2025-10-09 11:18:36,274 basehttp 23772 12552 "GET /docu-notification/api/notifications/ HTTP/1.1" 200 482
ERROR 2025-10-09 11:18:36,349 log 23772 14888 Internal Server Error: /stock-declaration/api/notifications/
Traceback (most recent call last):
  File "C:\Users\User\AppData\Local\Programs\Python\Python312\Lib\site-packages\django\db\backends\utils.py", line 105, in _execute
    return self.cursor.execute(sql, params)
           ^^^^^^^^^^^^^^^^^^^^^^^^^^^^^^^^
  File "C:\Users\User\AppData\Local\Programs\Python\Python312\Lib\site-packages\django\db\backends\sqlite3\base.py", line 329, in execute
    return super().execute(query, params)
           ^^^^^^^^^^^^^^^^^^^^^^^^^^^^^^
sqlite3.OperationalError: database is locked

The above exception was the direct cause of the following exception:

Traceback (most recent call last):
  File "C:\Users\User\AppData\Local\Programs\Python\Python312\Lib\site-packages\django\core\handlers\exception.py", line 55, in inner
    response = get_response(request)
               ^^^^^^^^^^^^^^^^^^^^^
  File "C:\Users\User\Desktop\RPA\Website\PDN_Portal\pdnportal\chat\middleware.py", line 14, in __call__
    UserOnlineStatus.objects.update_or_create(
  File "C:\Users\User\AppData\Local\Programs\Python\Python312\Lib\site-packages\django\db\models\manager.py", line 87, in manager_method
    return getattr(self.get_queryset(), name)(*args, **kwargs)
           ^^^^^^^^^^^^^^^^^^^^^^^^^^^^^^^^^^^^^^^^^^^^^^^^^^^
  File "C:\Users\User\AppData\Local\Programs\Python\Python312\Lib\site-packages\django\db\models\query.py", line 1009, in update_or_create
    obj.save(using=self.db, update_fields=update_fields)
  File "C:\Users\User\AppData\Local\Programs\Python\Python312\Lib\site-packages\django\db\models\base.py", line 822, in save
    self.save_base(
  File "C:\Users\User\AppData\Local\Programs\Python\Python312\Lib\site-packages\django\db\models\base.py", line 909, in save_base
    updated = self._save_table(
              ^^^^^^^^^^^^^^^^^
  File "C:\Users\User\AppData\Local\Programs\Python\Python312\Lib\site-packages\django\db\models\base.py", line 1036, in _save_table
    updated = self._do_update(
              ^^^^^^^^^^^^^^^^
  File "C:\Users\User\AppData\Local\Programs\Python\Python312\Lib\site-packages\django\db\models\base.py", line 1101, in _do_update
    return filtered._update(values) > 0
           ^^^^^^^^^^^^^^^^^^^^^^^^
  File "C:\Users\User\AppData\Local\Programs\Python\Python312\Lib\site-packages\django\db\models\query.py", line 1278, in _update
    return query.get_compiler(self.db).execute_sql(CURSOR)
           ^^^^^^^^^^^^^^^^^^^^^^^^^^^^^^^^^^^^^^^^^^^^^^^
  File "C:\Users\User\AppData\Local\Programs\Python\Python312\Lib\site-packages\django\db\models\sql\compiler.py", line 1990, in execute_sql
    cursor = super().execute_sql(result_type)
             ^^^^^^^^^^^^^^^^^^^^^^^^^^^^^^^^
  File "C:\Users\User\AppData\Local\Programs\Python\Python312\Lib\site-packages\django\db\models\sql\compiler.py", line 1562, in execute_sql
    cursor.execute(sql, params)
  File "C:\Users\User\AppData\Local\Programs\Python\Python312\Lib\site-packages\django\db\backends\utils.py", line 122, in execute
    return super().execute(sql, params)
           ^^^^^^^^^^^^^^^^^^^^^^^^^^^^
  File "C:\Users\User\AppData\Local\Programs\Python\Python312\Lib\site-packages\django\db\backends\utils.py", line 79, in execute
    return self._execute_with_wrappers(
           ^^^^^^^^^^^^^^^^^^^^^^^^^^^^
  File "C:\Users\User\AppData\Local\Programs\Python\Python312\Lib\site-packages\django\db\backends\utils.py", line 92, in _execute_with_wrappers
    return executor(sql, params, many, context)
           ^^^^^^^^^^^^^^^^^^^^^^^^^^^^^^^^^^^^
  File "C:\Users\User\AppData\Local\Programs\Python\Python312\Lib\site-packages\django\db\backends\utils.py", line 100, in _execute
    with self.db.wrap_database_errors:
  File "C:\Users\User\AppData\Local\Programs\Python\Python312\Lib\site-packages\django\db\utils.py", line 91, in __exit__
    raise dj_exc_value.with_traceback(traceback) from exc_value
  File "C:\Users\User\AppData\Local\Programs\Python\Python312\Lib\site-packages\django\db\backends\utils.py", line 105, in _execute
    return self.cursor.execute(sql, params)
           ^^^^^^^^^^^^^^^^^^^^^^^^^^^^^^^^
  File "C:\Users\User\AppData\Local\Programs\Python\Python312\Lib\site-packages\django\db\backends\sqlite3\base.py", line 329, in execute
    return super().execute(query, params)
           ^^^^^^^^^^^^^^^^^^^^^^^^^^^^^^
django.db.utils.OperationalError: database is locked
ERROR 2025-10-09 11:18:36,359 basehttp 23772 14888 "GET /stock-declaration/api/notifications/ HTTP/1.1" 500 162153
INFO 2025-10-09 11:23:23,300 basehttp 23772 12552 "GET /docu-notification/api/notifications/ HTTP/1.1" 200 482
INFO 2025-10-09 11:23:23,318 basehttp 23772 14888 "GET /stock-declaration/api/notifications/ HTTP/1.1" 200 50
INFO 2025-10-09 11:28:23,284 basehttp 23772 8376 "GET /docu-notification/api/notifications/ HTTP/1.1" 200 482
INFO 2025-10-09 11:28:23,302 basehttp 23772 21276 "GET /stock-declaration/api/notifications/ HTTP/1.1" 200 50
INFO 2025-10-09 11:33:23,305 basehttp 23772 8376 "GET /docu-notification/api/notifications/ HTTP/1.1" 200 482
INFO 2025-10-09 11:33:23,334 basehttp 23772 21276 "GET /stock-declaration/api/notifications/ HTTP/1.1" 200 50
INFO 2025-10-09 11:38:23,291 basehttp 23772 8376 "GET /docu-notification/api/notifications/ HTTP/1.1" 200 482
INFO 2025-10-09 11:38:23,320 basehttp 23772 21276 "GET /stock-declaration/api/notifications/ HTTP/1.1" 200 50
INFO 2025-10-09 11:43:23,294 basehttp 23772 21276 "GET /stock-declaration/api/notifications/ HTTP/1.1" 200 50
ERROR 2025-10-09 11:43:23,410 log 23772 8376 Internal Server Error: /docu-notification/api/notifications/
Traceback (most recent call last):
  File "C:\Users\User\AppData\Local\Programs\Python\Python312\Lib\site-packages\django\db\backends\utils.py", line 105, in _execute
    return self.cursor.execute(sql, params)
           ^^^^^^^^^^^^^^^^^^^^^^^^^^^^^^^^
  File "C:\Users\User\AppData\Local\Programs\Python\Python312\Lib\site-packages\django\db\backends\sqlite3\base.py", line 329, in execute
    return super().execute(query, params)
           ^^^^^^^^^^^^^^^^^^^^^^^^^^^^^^
sqlite3.OperationalError: database is locked

The above exception was the direct cause of the following exception:

Traceback (most recent call last):
  File "C:\Users\User\AppData\Local\Programs\Python\Python312\Lib\site-packages\django\core\handlers\exception.py", line 55, in inner
    response = get_response(request)
               ^^^^^^^^^^^^^^^^^^^^^
  File "C:\Users\User\Desktop\RPA\Website\PDN_Portal\pdnportal\chat\middleware.py", line 14, in __call__
    UserOnlineStatus.objects.update_or_create(
  File "C:\Users\User\AppData\Local\Programs\Python\Python312\Lib\site-packages\django\db\models\manager.py", line 87, in manager_method
    return getattr(self.get_queryset(), name)(*args, **kwargs)
           ^^^^^^^^^^^^^^^^^^^^^^^^^^^^^^^^^^^^^^^^^^^^^^^^^^^
  File "C:\Users\User\AppData\Local\Programs\Python\Python312\Lib\site-packages\django\db\models\query.py", line 1009, in update_or_create
    obj.save(using=self.db, update_fields=update_fields)
  File "C:\Users\User\AppData\Local\Programs\Python\Python312\Lib\site-packages\django\db\models\base.py", line 822, in save
    self.save_base(
  File "C:\Users\User\AppData\Local\Programs\Python\Python312\Lib\site-packages\django\db\models\base.py", line 909, in save_base
    updated = self._save_table(
              ^^^^^^^^^^^^^^^^^
  File "C:\Users\User\AppData\Local\Programs\Python\Python312\Lib\site-packages\django\db\models\base.py", line 1036, in _save_table
    updated = self._do_update(
              ^^^^^^^^^^^^^^^^
  File "C:\Users\User\AppData\Local\Programs\Python\Python312\Lib\site-packages\django\db\models\base.py", line 1101, in _do_update
    return filtered._update(values) > 0
           ^^^^^^^^^^^^^^^^^^^^^^^^
  File "C:\Users\User\AppData\Local\Programs\Python\Python312\Lib\site-packages\django\db\models\query.py", line 1278, in _update
    return query.get_compiler(self.db).execute_sql(CURSOR)
           ^^^^^^^^^^^^^^^^^^^^^^^^^^^^^^^^^^^^^^^^^^^^^^^
  File "C:\Users\User\AppData\Local\Programs\Python\Python312\Lib\site-packages\django\db\models\sql\compiler.py", line 1990, in execute_sql
    cursor = super().execute_sql(result_type)
             ^^^^^^^^^^^^^^^^^^^^^^^^^^^^^^^^
  File "C:\Users\User\AppData\Local\Programs\Python\Python312\Lib\site-packages\django\db\models\sql\compiler.py", line 1562, in execute_sql
    cursor.execute(sql, params)
  File "C:\Users\User\AppData\Local\Programs\Python\Python312\Lib\site-packages\django\db\backends\utils.py", line 122, in execute
    return super().execute(sql, params)
           ^^^^^^^^^^^^^^^^^^^^^^^^^^^^
  File "C:\Users\User\AppData\Local\Programs\Python\Python312\Lib\site-packages\django\db\backends\utils.py", line 79, in execute
    return self._execute_with_wrappers(
           ^^^^^^^^^^^^^^^^^^^^^^^^^^^^
  File "C:\Users\User\AppData\Local\Programs\Python\Python312\Lib\site-packages\django\db\backends\utils.py", line 92, in _execute_with_wrappers
    return executor(sql, params, many, context)
           ^^^^^^^^^^^^^^^^^^^^^^^^^^^^^^^^^^^^
  File "C:\Users\User\AppData\Local\Programs\Python\Python312\Lib\site-packages\django\db\backends\utils.py", line 100, in _execute
    with self.db.wrap_database_errors:
  File "C:\Users\User\AppData\Local\Programs\Python\Python312\Lib\site-packages\django\db\utils.py", line 91, in __exit__
    raise dj_exc_value.with_traceback(traceback) from exc_value
  File "C:\Users\User\AppData\Local\Programs\Python\Python312\Lib\site-packages\django\db\backends\utils.py", line 105, in _execute
    return self.cursor.execute(sql, params)
           ^^^^^^^^^^^^^^^^^^^^^^^^^^^^^^^^
  File "C:\Users\User\AppData\Local\Programs\Python\Python312\Lib\site-packages\django\db\backends\sqlite3\base.py", line 329, in execute
    return super().execute(query, params)
           ^^^^^^^^^^^^^^^^^^^^^^^^^^^^^^
django.db.utils.OperationalError: database is locked
ERROR 2025-10-09 11:43:23,421 basehttp 23772 8376 "GET /docu-notification/api/notifications/ HTTP/1.1" 500 162156
INFO 2025-10-09 11:48:23,294 basehttp 23772 8376 "GET /stock-declaration/api/notifications/ HTTP/1.1" 200 50
INFO 2025-10-09 11:48:23,312 basehttp 23772 21276 "GET /docu-notification/api/notifications/ HTTP/1.1" 200 482
INFO 2025-10-09 11:56:04,596 basehttp 23772 6912 "GET /stock-declaration/api/notifications/ HTTP/1.1" 200 50
INFO 2025-10-09 11:56:04,897 basehttp 23772 12872 "GET /docu-notification/api/notifications/ HTTP/1.1" 200 482
INFO 2025-10-09 11:58:23,296 basehttp 23772 22844 "GET /stock-declaration/api/notifications/ HTTP/1.1" 200 50
ERROR 2025-10-09 11:58:23,371 log 23772 7940 Internal Server Error: /docu-notification/api/notifications/
Traceback (most recent call last):
  File "C:\Users\User\AppData\Local\Programs\Python\Python312\Lib\site-packages\django\db\backends\utils.py", line 105, in _execute
    return self.cursor.execute(sql, params)
           ^^^^^^^^^^^^^^^^^^^^^^^^^^^^^^^^
  File "C:\Users\User\AppData\Local\Programs\Python\Python312\Lib\site-packages\django\db\backends\sqlite3\base.py", line 329, in execute
    return super().execute(query, params)
           ^^^^^^^^^^^^^^^^^^^^^^^^^^^^^^
sqlite3.OperationalError: database is locked

The above exception was the direct cause of the following exception:

Traceback (most recent call last):
  File "C:\Users\User\AppData\Local\Programs\Python\Python312\Lib\site-packages\django\core\handlers\exception.py", line 55, in inner
    response = get_response(request)
               ^^^^^^^^^^^^^^^^^^^^^
  File "C:\Users\User\Desktop\RPA\Website\PDN_Portal\pdnportal\chat\middleware.py", line 14, in __call__
    UserOnlineStatus.objects.update_or_create(
  File "C:\Users\User\AppData\Local\Programs\Python\Python312\Lib\site-packages\django\db\models\manager.py", line 87, in manager_method
    return getattr(self.get_queryset(), name)(*args, **kwargs)
           ^^^^^^^^^^^^^^^^^^^^^^^^^^^^^^^^^^^^^^^^^^^^^^^^^^^
  File "C:\Users\User\AppData\Local\Programs\Python\Python312\Lib\site-packages\django\db\models\query.py", line 1009, in update_or_create
    obj.save(using=self.db, update_fields=update_fields)
  File "C:\Users\User\AppData\Local\Programs\Python\Python312\Lib\site-packages\django\db\models\base.py", line 822, in save
    self.save_base(
  File "C:\Users\User\AppData\Local\Programs\Python\Python312\Lib\site-packages\django\db\models\base.py", line 909, in save_base
    updated = self._save_table(
              ^^^^^^^^^^^^^^^^^
  File "C:\Users\User\AppData\Local\Programs\Python\Python312\Lib\site-packages\django\db\models\base.py", line 1036, in _save_table
    updated = self._do_update(
              ^^^^^^^^^^^^^^^^
  File "C:\Users\User\AppData\Local\Programs\Python\Python312\Lib\site-packages\django\db\models\base.py", line 1101, in _do_update
    return filtered._update(values) > 0
           ^^^^^^^^^^^^^^^^^^^^^^^^
  File "C:\Users\User\AppData\Local\Programs\Python\Python312\Lib\site-packages\django\db\models\query.py", line 1278, in _update
    return query.get_compiler(self.db).execute_sql(CURSOR)
           ^^^^^^^^^^^^^^^^^^^^^^^^^^^^^^^^^^^^^^^^^^^^^^^
  File "C:\Users\User\AppData\Local\Programs\Python\Python312\Lib\site-packages\django\db\models\sql\compiler.py", line 1990, in execute_sql
    cursor = super().execute_sql(result_type)
             ^^^^^^^^^^^^^^^^^^^^^^^^^^^^^^^^
  File "C:\Users\User\AppData\Local\Programs\Python\Python312\Lib\site-packages\django\db\models\sql\compiler.py", line 1562, in execute_sql
    cursor.execute(sql, params)
  File "C:\Users\User\AppData\Local\Programs\Python\Python312\Lib\site-packages\django\db\backends\utils.py", line 122, in execute
    return super().execute(sql, params)
           ^^^^^^^^^^^^^^^^^^^^^^^^^^^^
  File "C:\Users\User\AppData\Local\Programs\Python\Python312\Lib\site-packages\django\db\backends\utils.py", line 79, in execute
    return self._execute_with_wrappers(
           ^^^^^^^^^^^^^^^^^^^^^^^^^^^^
  File "C:\Users\User\AppData\Local\Programs\Python\Python312\Lib\site-packages\django\db\backends\utils.py", line 92, in _execute_with_wrappers
    return executor(sql, params, many, context)
           ^^^^^^^^^^^^^^^^^^^^^^^^^^^^^^^^^^^^
  File "C:\Users\User\AppData\Local\Programs\Python\Python312\Lib\site-packages\django\db\backends\utils.py", line 100, in _execute
    with self.db.wrap_database_errors:
  File "C:\Users\User\AppData\Local\Programs\Python\Python312\Lib\site-packages\django\db\utils.py", line 91, in __exit__
    raise dj_exc_value.with_traceback(traceback) from exc_value
  File "C:\Users\User\AppData\Local\Programs\Python\Python312\Lib\site-packages\django\db\backends\utils.py", line 105, in _execute
    return self.cursor.execute(sql, params)
           ^^^^^^^^^^^^^^^^^^^^^^^^^^^^^^^^
  File "C:\Users\User\AppData\Local\Programs\Python\Python312\Lib\site-packages\django\db\backends\sqlite3\base.py", line 329, in execute
    return super().execute(query, params)
           ^^^^^^^^^^^^^^^^^^^^^^^^^^^^^^
django.db.utils.OperationalError: database is locked
ERROR 2025-10-09 11:58:23,378 basehttp 23772 7940 "GET /docu-notification/api/notifications/ HTTP/1.1" 500 162156
INFO 2025-10-09 12:03:23,288 basehttp 23772 22844 "GET /docu-notification/api/notifications/ HTTP/1.1" 200 482
ERROR 2025-10-09 12:03:23,335 log 23772 7940 Internal Server Error: /stock-declaration/api/notifications/
Traceback (most recent call last):
  File "C:\Users\User\AppData\Local\Programs\Python\Python312\Lib\site-packages\django\db\backends\utils.py", line 105, in _execute
    return self.cursor.execute(sql, params)
           ^^^^^^^^^^^^^^^^^^^^^^^^^^^^^^^^
  File "C:\Users\User\AppData\Local\Programs\Python\Python312\Lib\site-packages\django\db\backends\sqlite3\base.py", line 329, in execute
    return super().execute(query, params)
           ^^^^^^^^^^^^^^^^^^^^^^^^^^^^^^
sqlite3.OperationalError: database is locked

The above exception was the direct cause of the following exception:

Traceback (most recent call last):
  File "C:\Users\User\AppData\Local\Programs\Python\Python312\Lib\site-packages\django\core\handlers\exception.py", line 55, in inner
    response = get_response(request)
               ^^^^^^^^^^^^^^^^^^^^^
  File "C:\Users\User\Desktop\RPA\Website\PDN_Portal\pdnportal\chat\middleware.py", line 14, in __call__
    UserOnlineStatus.objects.update_or_create(
  File "C:\Users\User\AppData\Local\Programs\Python\Python312\Lib\site-packages\django\db\models\manager.py", line 87, in manager_method
    return getattr(self.get_queryset(), name)(*args, **kwargs)
           ^^^^^^^^^^^^^^^^^^^^^^^^^^^^^^^^^^^^^^^^^^^^^^^^^^^
  File "C:\Users\User\AppData\Local\Programs\Python\Python312\Lib\site-packages\django\db\models\query.py", line 1009, in update_or_create
    obj.save(using=self.db, update_fields=update_fields)
  File "C:\Users\User\AppData\Local\Programs\Python\Python312\Lib\site-packages\django\db\models\base.py", line 822, in save
    self.save_base(
  File "C:\Users\User\AppData\Local\Programs\Python\Python312\Lib\site-packages\django\db\models\base.py", line 909, in save_base
    updated = self._save_table(
              ^^^^^^^^^^^^^^^^^
  File "C:\Users\User\AppData\Local\Programs\Python\Python312\Lib\site-packages\django\db\models\base.py", line 1036, in _save_table
    updated = self._do_update(
              ^^^^^^^^^^^^^^^^
  File "C:\Users\User\AppData\Local\Programs\Python\Python312\Lib\site-packages\django\db\models\base.py", line 1101, in _do_update
    return filtered._update(values) > 0
           ^^^^^^^^^^^^^^^^^^^^^^^^
  File "C:\Users\User\AppData\Local\Programs\Python\Python312\Lib\site-packages\django\db\models\query.py", line 1278, in _update
    return query.get_compiler(self.db).execute_sql(CURSOR)
           ^^^^^^^^^^^^^^^^^^^^^^^^^^^^^^^^^^^^^^^^^^^^^^^
  File "C:\Users\User\AppData\Local\Programs\Python\Python312\Lib\site-packages\django\db\models\sql\compiler.py", line 1990, in execute_sql
    cursor = super().execute_sql(result_type)
             ^^^^^^^^^^^^^^^^^^^^^^^^^^^^^^^^
  File "C:\Users\User\AppData\Local\Programs\Python\Python312\Lib\site-packages\django\db\models\sql\compiler.py", line 1562, in execute_sql
    cursor.execute(sql, params)
  File "C:\Users\User\AppData\Local\Programs\Python\Python312\Lib\site-packages\django\db\backends\utils.py", line 122, in execute
    return super().execute(sql, params)
           ^^^^^^^^^^^^^^^^^^^^^^^^^^^^
  File "C:\Users\User\AppData\Local\Programs\Python\Python312\Lib\site-packages\django\db\backends\utils.py", line 79, in execute
    return self._execute_with_wrappers(
           ^^^^^^^^^^^^^^^^^^^^^^^^^^^^
  File "C:\Users\User\AppData\Local\Programs\Python\Python312\Lib\site-packages\django\db\backends\utils.py", line 92, in _execute_with_wrappers
    return executor(sql, params, many, context)
           ^^^^^^^^^^^^^^^^^^^^^^^^^^^^^^^^^^^^
  File "C:\Users\User\AppData\Local\Programs\Python\Python312\Lib\site-packages\django\db\backends\utils.py", line 100, in _execute
    with self.db.wrap_database_errors:
  File "C:\Users\User\AppData\Local\Programs\Python\Python312\Lib\site-packages\django\db\utils.py", line 91, in __exit__
    raise dj_exc_value.with_traceback(traceback) from exc_value
  File "C:\Users\User\AppData\Local\Programs\Python\Python312\Lib\site-packages\django\db\backends\utils.py", line 105, in _execute
    return self.cursor.execute(sql, params)
           ^^^^^^^^^^^^^^^^^^^^^^^^^^^^^^^^
  File "C:\Users\User\AppData\Local\Programs\Python\Python312\Lib\site-packages\django\db\backends\sqlite3\base.py", line 329, in execute
    return super().execute(query, params)
           ^^^^^^^^^^^^^^^^^^^^^^^^^^^^^^
django.db.utils.OperationalError: database is locked
ERROR 2025-10-09 12:03:23,341 basehttp 23772 7940 "GET /stock-declaration/api/notifications/ HTTP/1.1" 500 162150
INFO 2025-10-09 12:08:23,301 basehttp 23772 7940 "GET /stock-declaration/api/notifications/ HTTP/1.1" 200 50
ERROR 2025-10-09 12:08:23,347 log 23772 22844 Internal Server Error: /docu-notification/api/notifications/
Traceback (most recent call last):
  File "C:\Users\User\AppData\Local\Programs\Python\Python312\Lib\site-packages\django\db\backends\utils.py", line 105, in _execute
    return self.cursor.execute(sql, params)
           ^^^^^^^^^^^^^^^^^^^^^^^^^^^^^^^^
  File "C:\Users\User\AppData\Local\Programs\Python\Python312\Lib\site-packages\django\db\backends\sqlite3\base.py", line 329, in execute
    return super().execute(query, params)
           ^^^^^^^^^^^^^^^^^^^^^^^^^^^^^^
sqlite3.OperationalError: database is locked

The above exception was the direct cause of the following exception:

Traceback (most recent call last):
  File "C:\Users\User\AppData\Local\Programs\Python\Python312\Lib\site-packages\django\core\handlers\exception.py", line 55, in inner
    response = get_response(request)
               ^^^^^^^^^^^^^^^^^^^^^
  File "C:\Users\User\Desktop\RPA\Website\PDN_Portal\pdnportal\chat\middleware.py", line 14, in __call__
    UserOnlineStatus.objects.update_or_create(
  File "C:\Users\User\AppData\Local\Programs\Python\Python312\Lib\site-packages\django\db\models\manager.py", line 87, in manager_method
    return getattr(self.get_queryset(), name)(*args, **kwargs)
           ^^^^^^^^^^^^^^^^^^^^^^^^^^^^^^^^^^^^^^^^^^^^^^^^^^^
  File "C:\Users\User\AppData\Local\Programs\Python\Python312\Lib\site-packages\django\db\models\query.py", line 1009, in update_or_create
    obj.save(using=self.db, update_fields=update_fields)
  File "C:\Users\User\AppData\Local\Programs\Python\Python312\Lib\site-packages\django\db\models\base.py", line 822, in save
    self.save_base(
  File "C:\Users\User\AppData\Local\Programs\Python\Python312\Lib\site-packages\django\db\models\base.py", line 909, in save_base
    updated = self._save_table(
              ^^^^^^^^^^^^^^^^^
  File "C:\Users\User\AppData\Local\Programs\Python\Python312\Lib\site-packages\django\db\models\base.py", line 1036, in _save_table
    updated = self._do_update(
              ^^^^^^^^^^^^^^^^
  File "C:\Users\User\AppData\Local\Programs\Python\Python312\Lib\site-packages\django\db\models\base.py", line 1101, in _do_update
    return filtered._update(values) > 0
           ^^^^^^^^^^^^^^^^^^^^^^^^
  File "C:\Users\User\AppData\Local\Programs\Python\Python312\Lib\site-packages\django\db\models\query.py", line 1278, in _update
    return query.get_compiler(self.db).execute_sql(CURSOR)
           ^^^^^^^^^^^^^^^^^^^^^^^^^^^^^^^^^^^^^^^^^^^^^^^
  File "C:\Users\User\AppData\Local\Programs\Python\Python312\Lib\site-packages\django\db\models\sql\compiler.py", line 1990, in execute_sql
    cursor = super().execute_sql(result_type)
             ^^^^^^^^^^^^^^^^^^^^^^^^^^^^^^^^
  File "C:\Users\User\AppData\Local\Programs\Python\Python312\Lib\site-packages\django\db\models\sql\compiler.py", line 1562, in execute_sql
    cursor.execute(sql, params)
  File "C:\Users\User\AppData\Local\Programs\Python\Python312\Lib\site-packages\django\db\backends\utils.py", line 122, in execute
    return super().execute(sql, params)
           ^^^^^^^^^^^^^^^^^^^^^^^^^^^^
  File "C:\Users\User\AppData\Local\Programs\Python\Python312\Lib\site-packages\django\db\backends\utils.py", line 79, in execute
    return self._execute_with_wrappers(
           ^^^^^^^^^^^^^^^^^^^^^^^^^^^^
  File "C:\Users\User\AppData\Local\Programs\Python\Python312\Lib\site-packages\django\db\backends\utils.py", line 92, in _execute_with_wrappers
    return executor(sql, params, many, context)
           ^^^^^^^^^^^^^^^^^^^^^^^^^^^^^^^^^^^^
  File "C:\Users\User\AppData\Local\Programs\Python\Python312\Lib\site-packages\django\db\backends\utils.py", line 100, in _execute
    with self.db.wrap_database_errors:
  File "C:\Users\User\AppData\Local\Programs\Python\Python312\Lib\site-packages\django\db\utils.py", line 91, in __exit__
    raise dj_exc_value.with_traceback(traceback) from exc_value
  File "C:\Users\User\AppData\Local\Programs\Python\Python312\Lib\site-packages\django\db\backends\utils.py", line 105, in _execute
    return self.cursor.execute(sql, params)
           ^^^^^^^^^^^^^^^^^^^^^^^^^^^^^^^^
  File "C:\Users\User\AppData\Local\Programs\Python\Python312\Lib\site-packages\django\db\backends\sqlite3\base.py", line 329, in execute
    return super().execute(query, params)
           ^^^^^^^^^^^^^^^^^^^^^^^^^^^^^^
django.db.utils.OperationalError: database is locked
ERROR 2025-10-09 12:08:23,353 basehttp 23772 22844 "GET /docu-notification/api/notifications/ HTTP/1.1" 500 162153
INFO 2025-10-09 12:13:23,289 basehttp 23772 7940 "GET /docu-notification/api/notifications/ HTTP/1.1" 200 482
ERROR 2025-10-09 12:13:23,361 log 23772 22844 Internal Server Error: /stock-declaration/api/notifications/
Traceback (most recent call last):
  File "C:\Users\User\AppData\Local\Programs\Python\Python312\Lib\site-packages\django\db\backends\utils.py", line 105, in _execute
    return self.cursor.execute(sql, params)
           ^^^^^^^^^^^^^^^^^^^^^^^^^^^^^^^^
  File "C:\Users\User\AppData\Local\Programs\Python\Python312\Lib\site-packages\django\db\backends\sqlite3\base.py", line 329, in execute
    return super().execute(query, params)
           ^^^^^^^^^^^^^^^^^^^^^^^^^^^^^^
sqlite3.OperationalError: database is locked

The above exception was the direct cause of the following exception:

Traceback (most recent call last):
  File "C:\Users\User\AppData\Local\Programs\Python\Python312\Lib\site-packages\django\core\handlers\exception.py", line 55, in inner
    response = get_response(request)
               ^^^^^^^^^^^^^^^^^^^^^
  File "C:\Users\User\Desktop\RPA\Website\PDN_Portal\pdnportal\chat\middleware.py", line 14, in __call__
    UserOnlineStatus.objects.update_or_create(
  File "C:\Users\User\AppData\Local\Programs\Python\Python312\Lib\site-packages\django\db\models\manager.py", line 87, in manager_method
    return getattr(self.get_queryset(), name)(*args, **kwargs)
           ^^^^^^^^^^^^^^^^^^^^^^^^^^^^^^^^^^^^^^^^^^^^^^^^^^^
  File "C:\Users\User\AppData\Local\Programs\Python\Python312\Lib\site-packages\django\db\models\query.py", line 1009, in update_or_create
    obj.save(using=self.db, update_fields=update_fields)
  File "C:\Users\User\AppData\Local\Programs\Python\Python312\Lib\site-packages\django\db\models\base.py", line 822, in save
    self.save_base(
  File "C:\Users\User\AppData\Local\Programs\Python\Python312\Lib\site-packages\django\db\models\base.py", line 909, in save_base
    updated = self._save_table(
              ^^^^^^^^^^^^^^^^^
  File "C:\Users\User\AppData\Local\Programs\Python\Python312\Lib\site-packages\django\db\models\base.py", line 1036, in _save_table
    updated = self._do_update(
              ^^^^^^^^^^^^^^^^
  File "C:\Users\User\AppData\Local\Programs\Python\Python312\Lib\site-packages\django\db\models\base.py", line 1101, in _do_update
    return filtered._update(values) > 0
           ^^^^^^^^^^^^^^^^^^^^^^^^
  File "C:\Users\User\AppData\Local\Programs\Python\Python312\Lib\site-packages\django\db\models\query.py", line 1278, in _update
    return query.get_compiler(self.db).execute_sql(CURSOR)
           ^^^^^^^^^^^^^^^^^^^^^^^^^^^^^^^^^^^^^^^^^^^^^^^
  File "C:\Users\User\AppData\Local\Programs\Python\Python312\Lib\site-packages\django\db\models\sql\compiler.py", line 1990, in execute_sql
    cursor = super().execute_sql(result_type)
             ^^^^^^^^^^^^^^^^^^^^^^^^^^^^^^^^
  File "C:\Users\User\AppData\Local\Programs\Python\Python312\Lib\site-packages\django\db\models\sql\compiler.py", line 1562, in execute_sql
    cursor.execute(sql, params)
  File "C:\Users\User\AppData\Local\Programs\Python\Python312\Lib\site-packages\django\db\backends\utils.py", line 122, in execute
    return super().execute(sql, params)
           ^^^^^^^^^^^^^^^^^^^^^^^^^^^^
  File "C:\Users\User\AppData\Local\Programs\Python\Python312\Lib\site-packages\django\db\backends\utils.py", line 79, in execute
    return self._execute_with_wrappers(
           ^^^^^^^^^^^^^^^^^^^^^^^^^^^^
  File "C:\Users\User\AppData\Local\Programs\Python\Python312\Lib\site-packages\django\db\backends\utils.py", line 92, in _execute_with_wrappers
    return executor(sql, params, many, context)
           ^^^^^^^^^^^^^^^^^^^^^^^^^^^^^^^^^^^^
  File "C:\Users\User\AppData\Local\Programs\Python\Python312\Lib\site-packages\django\db\backends\utils.py", line 100, in _execute
    with self.db.wrap_database_errors:
  File "C:\Users\User\AppData\Local\Programs\Python\Python312\Lib\site-packages\django\db\utils.py", line 91, in __exit__
    raise dj_exc_value.with_traceback(traceback) from exc_value
  File "C:\Users\User\AppData\Local\Programs\Python\Python312\Lib\site-packages\django\db\backends\utils.py", line 105, in _execute
    return self.cursor.execute(sql, params)
           ^^^^^^^^^^^^^^^^^^^^^^^^^^^^^^^^
  File "C:\Users\User\AppData\Local\Programs\Python\Python312\Lib\site-packages\django\db\backends\sqlite3\base.py", line 329, in execute
    return super().execute(query, params)
           ^^^^^^^^^^^^^^^^^^^^^^^^^^^^^^
django.db.utils.OperationalError: database is locked
ERROR 2025-10-09 12:13:23,372 basehttp 23772 22844 "GET /stock-declaration/api/notifications/ HTTP/1.1" 500 162153
INFO 2025-10-09 13:12:03,565 autoreload 9532 23484 Watching for file changes with StatReloader
INFO 2025-10-09 13:12:11,932 basehttp 9532 6496 "GET / HTTP/1.1" 302 0
INFO 2025-10-09 13:12:12,033 basehttp 9532 6496 "GET /overview/overview HTTP/1.1" 200 55978
INFO 2025-10-09 13:12:12,082 basehttp 9532 6496 "GET /static/css/style-ver2.css HTTP/1.1" 200 12438
INFO 2025-10-09 13:12:12,091 basehttp 9532 25300 "GET /static/images/icons/amd%20(1).svg HTTP/1.1" 200 230
INFO 2025-10-09 13:12:12,091 basehttp 9532 26960 "GET /static/css/stockdeclaration/stockdeclaration.css HTTP/1.1" 200 3684
INFO 2025-10-09 13:12:12,093 basehttp 9532 600 "GET /static/css/overview/overview.css HTTP/1.1" 200 33881
INFO 2025-10-09 13:12:12,093 basehttp 9532 16372 "GET /static/css/job-order.css HTTP/1.1" 200 39525
INFO 2025-10-09 13:12:12,094 basehttp 9532 6496 "GET /static/js/script2.js HTTP/1.1" 200 10849
INFO 2025-10-09 13:12:12,104 basehttp 9532 26960 "GET /static/js/overview/overview.js HTTP/1.1" 200 149301
INFO 2025-10-09 13:12:12,108 basehttp 9532 12028 "GET /media/profile/avatar8.png HTTP/1.1" 200 32718
INFO 2025-10-09 13:12:12,622 basehttp 9532 26960 "GET /stock-declaration/api/notifications/ HTTP/1.1" 200 50
INFO 2025-10-09 13:12:12,642 basehttp 9532 6496 "GET /docu-notification/api/notifications/ HTTP/1.1" 200 482
ERROR 2025-10-09 13:12:12,738 log 9532 12028 Internal Server Error: /overview/api/layout/
Traceback (most recent call last):
  File "C:\Users\User\AppData\Local\Programs\Python\Python312\Lib\site-packages\django\db\backends\utils.py", line 105, in _execute
    return self.cursor.execute(sql, params)
           ^^^^^^^^^^^^^^^^^^^^^^^^^^^^^^^^
  File "C:\Users\User\AppData\Local\Programs\Python\Python312\Lib\site-packages\django\db\backends\sqlite3\base.py", line 329, in execute
    return super().execute(query, params)
           ^^^^^^^^^^^^^^^^^^^^^^^^^^^^^^
sqlite3.OperationalError: database is locked

The above exception was the direct cause of the following exception:

Traceback (most recent call last):
  File "C:\Users\User\AppData\Local\Programs\Python\Python312\Lib\site-packages\django\core\handlers\exception.py", line 55, in inner
    response = get_response(request)
               ^^^^^^^^^^^^^^^^^^^^^
  File "C:\Users\User\Desktop\RPA\Website\PDN_Portal\pdnportal\chat\middleware.py", line 14, in __call__
    UserOnlineStatus.objects.update_or_create(
  File "C:\Users\User\AppData\Local\Programs\Python\Python312\Lib\site-packages\django\db\models\manager.py", line 87, in manager_method
    return getattr(self.get_queryset(), name)(*args, **kwargs)
           ^^^^^^^^^^^^^^^^^^^^^^^^^^^^^^^^^^^^^^^^^^^^^^^^^^^
  File "C:\Users\User\AppData\Local\Programs\Python\Python312\Lib\site-packages\django\db\models\query.py", line 1009, in update_or_create
    obj.save(using=self.db, update_fields=update_fields)
  File "C:\Users\User\AppData\Local\Programs\Python\Python312\Lib\site-packages\django\db\models\base.py", line 822, in save
    self.save_base(
  File "C:\Users\User\AppData\Local\Programs\Python\Python312\Lib\site-packages\django\db\models\base.py", line 909, in save_base
    updated = self._save_table(
              ^^^^^^^^^^^^^^^^^
  File "C:\Users\User\AppData\Local\Programs\Python\Python312\Lib\site-packages\django\db\models\base.py", line 1036, in _save_table
    updated = self._do_update(
              ^^^^^^^^^^^^^^^^
  File "C:\Users\User\AppData\Local\Programs\Python\Python312\Lib\site-packages\django\db\models\base.py", line 1101, in _do_update
    return filtered._update(values) > 0
           ^^^^^^^^^^^^^^^^^^^^^^^^
  File "C:\Users\User\AppData\Local\Programs\Python\Python312\Lib\site-packages\django\db\models\query.py", line 1278, in _update
    return query.get_compiler(self.db).execute_sql(CURSOR)
           ^^^^^^^^^^^^^^^^^^^^^^^^^^^^^^^^^^^^^^^^^^^^^^^
  File "C:\Users\User\AppData\Local\Programs\Python\Python312\Lib\site-packages\django\db\models\sql\compiler.py", line 1990, in execute_sql
    cursor = super().execute_sql(result_type)
             ^^^^^^^^^^^^^^^^^^^^^^^^^^^^^^^^
  File "C:\Users\User\AppData\Local\Programs\Python\Python312\Lib\site-packages\django\db\models\sql\compiler.py", line 1562, in execute_sql
    cursor.execute(sql, params)
  File "C:\Users\User\AppData\Local\Programs\Python\Python312\Lib\site-packages\django\db\backends\utils.py", line 122, in execute
    return super().execute(sql, params)
           ^^^^^^^^^^^^^^^^^^^^^^^^^^^^
  File "C:\Users\User\AppData\Local\Programs\Python\Python312\Lib\site-packages\django\db\backends\utils.py", line 79, in execute
    return self._execute_with_wrappers(
           ^^^^^^^^^^^^^^^^^^^^^^^^^^^^
  File "C:\Users\User\AppData\Local\Programs\Python\Python312\Lib\site-packages\django\db\backends\utils.py", line 92, in _execute_with_wrappers
    return executor(sql, params, many, context)
           ^^^^^^^^^^^^^^^^^^^^^^^^^^^^^^^^^^^^
  File "C:\Users\User\AppData\Local\Programs\Python\Python312\Lib\site-packages\django\db\backends\utils.py", line 100, in _execute
    with self.db.wrap_database_errors:
  File "C:\Users\User\AppData\Local\Programs\Python\Python312\Lib\site-packages\django\db\utils.py", line 91, in __exit__
    raise dj_exc_value.with_traceback(traceback) from exc_value
  File "C:\Users\User\AppData\Local\Programs\Python\Python312\Lib\site-packages\django\db\backends\utils.py", line 105, in _execute
    return self.cursor.execute(sql, params)
           ^^^^^^^^^^^^^^^^^^^^^^^^^^^^^^^^
  File "C:\Users\User\AppData\Local\Programs\Python\Python312\Lib\site-packages\django\db\backends\sqlite3\base.py", line 329, in execute
    return super().execute(query, params)
           ^^^^^^^^^^^^^^^^^^^^^^^^^^^^^^
django.db.utils.OperationalError: database is locked
ERROR 2025-10-09 13:12:12,748 basehttp 9532 12028 "GET /overview/api/layout/ HTTP/1.1" 500 161173
INFO 2025-10-09 13:12:12,816 basehttp 9532 16372 "GET /joborder/chart-data/6month/ HTTP/1.1" 200 231
INFO 2025-10-09 13:12:12,867 basehttp 9532 12028 "GET /overview/api/notes/widget-1748043771086-564/ HTTP/1.1" 200 13
INFO 2025-10-09 13:12:12,900 basehttp 9532 26960 "GET /manhours/chart-data/ HTTP/1.1" 200 616
INFO 2025-10-09 13:12:12,968 basehttp 9532 600 "GET /dcf/api/requestor-chart-data/6month/ HTTP/1.1" 200 2956
ERROR 2025-10-09 13:12:13,110 log 9532 6496 Internal Server Error: /overview/api/calendar/widget-1748043771087-570/
Traceback (most recent call last):
  File "C:\Users\User\AppData\Local\Programs\Python\Python312\Lib\site-packages\django\db\backends\utils.py", line 105, in _execute
    return self.cursor.execute(sql, params)
           ^^^^^^^^^^^^^^^^^^^^^^^^^^^^^^^^
  File "C:\Users\User\AppData\Local\Programs\Python\Python312\Lib\site-packages\django\db\backends\sqlite3\base.py", line 329, in execute
    return super().execute(query, params)
           ^^^^^^^^^^^^^^^^^^^^^^^^^^^^^^
sqlite3.OperationalError: database is locked

The above exception was the direct cause of the following exception:

Traceback (most recent call last):
  File "C:\Users\User\AppData\Local\Programs\Python\Python312\Lib\site-packages\django\core\handlers\exception.py", line 55, in inner
    response = get_response(request)
               ^^^^^^^^^^^^^^^^^^^^^
  File "C:\Users\User\Desktop\RPA\Website\PDN_Portal\pdnportal\chat\middleware.py", line 14, in __call__
    UserOnlineStatus.objects.update_or_create(
  File "C:\Users\User\AppData\Local\Programs\Python\Python312\Lib\site-packages\django\db\models\manager.py", line 87, in manager_method
    return getattr(self.get_queryset(), name)(*args, **kwargs)
           ^^^^^^^^^^^^^^^^^^^^^^^^^^^^^^^^^^^^^^^^^^^^^^^^^^^
  File "C:\Users\User\AppData\Local\Programs\Python\Python312\Lib\site-packages\django\db\models\query.py", line 1009, in update_or_create
    obj.save(using=self.db, update_fields=update_fields)
  File "C:\Users\User\AppData\Local\Programs\Python\Python312\Lib\site-packages\django\db\models\base.py", line 822, in save
    self.save_base(
  File "C:\Users\User\AppData\Local\Programs\Python\Python312\Lib\site-packages\django\db\models\base.py", line 909, in save_base
    updated = self._save_table(
              ^^^^^^^^^^^^^^^^^
  File "C:\Users\User\AppData\Local\Programs\Python\Python312\Lib\site-packages\django\db\models\base.py", line 1036, in _save_table
    updated = self._do_update(
              ^^^^^^^^^^^^^^^^
  File "C:\Users\User\AppData\Local\Programs\Python\Python312\Lib\site-packages\django\db\models\base.py", line 1101, in _do_update
    return filtered._update(values) > 0
           ^^^^^^^^^^^^^^^^^^^^^^^^
  File "C:\Users\User\AppData\Local\Programs\Python\Python312\Lib\site-packages\django\db\models\query.py", line 1278, in _update
    return query.get_compiler(self.db).execute_sql(CURSOR)
           ^^^^^^^^^^^^^^^^^^^^^^^^^^^^^^^^^^^^^^^^^^^^^^^
  File "C:\Users\User\AppData\Local\Programs\Python\Python312\Lib\site-packages\django\db\models\sql\compiler.py", line 1990, in execute_sql
    cursor = super().execute_sql(result_type)
             ^^^^^^^^^^^^^^^^^^^^^^^^^^^^^^^^
  File "C:\Users\User\AppData\Local\Programs\Python\Python312\Lib\site-packages\django\db\models\sql\compiler.py", line 1562, in execute_sql
    cursor.execute(sql, params)
  File "C:\Users\User\AppData\Local\Programs\Python\Python312\Lib\site-packages\django\db\backends\utils.py", line 122, in execute
    return super().execute(sql, params)
           ^^^^^^^^^^^^^^^^^^^^^^^^^^^^
  File "C:\Users\User\AppData\Local\Programs\Python\Python312\Lib\site-packages\django\db\backends\utils.py", line 79, in execute
    return self._execute_with_wrappers(
           ^^^^^^^^^^^^^^^^^^^^^^^^^^^^
  File "C:\Users\User\AppData\Local\Programs\Python\Python312\Lib\site-packages\django\db\backends\utils.py", line 92, in _execute_with_wrappers
    return executor(sql, params, many, context)
           ^^^^^^^^^^^^^^^^^^^^^^^^^^^^^^^^^^^^
  File "C:\Users\User\AppData\Local\Programs\Python\Python312\Lib\site-packages\django\db\backends\utils.py", line 100, in _execute
    with self.db.wrap_database_errors:
  File "C:\Users\User\AppData\Local\Programs\Python\Python312\Lib\site-packages\django\db\utils.py", line 91, in __exit__
    raise dj_exc_value.with_traceback(traceback) from exc_value
  File "C:\Users\User\AppData\Local\Programs\Python\Python312\Lib\site-packages\django\db\backends\utils.py", line 105, in _execute
    return self.cursor.execute(sql, params)
           ^^^^^^^^^^^^^^^^^^^^^^^^^^^^^^^^
  File "C:\Users\User\AppData\Local\Programs\Python\Python312\Lib\site-packages\django\db\backends\sqlite3\base.py", line 329, in execute
    return super().execute(query, params)
           ^^^^^^^^^^^^^^^^^^^^^^^^^^^^^^
django.db.utils.OperationalError: database is locked
ERROR 2025-10-09 13:12:13,144 basehttp 9532 6496 "GET /overview/api/calendar/widget-1748043771087-570/ HTTP/1.1" 500 161415
ERROR 2025-10-09 13:12:13,182 log 9532 16372 Internal Server Error: /joborder/chart-data/6month/
Traceback (most recent call last):
  File "C:\Users\User\AppData\Local\Programs\Python\Python312\Lib\site-packages\django\db\backends\utils.py", line 105, in _execute
    return self.cursor.execute(sql, params)
           ^^^^^^^^^^^^^^^^^^^^^^^^^^^^^^^^
  File "C:\Users\User\AppData\Local\Programs\Python\Python312\Lib\site-packages\django\db\backends\sqlite3\base.py", line 329, in execute
    return super().execute(query, params)
           ^^^^^^^^^^^^^^^^^^^^^^^^^^^^^^
sqlite3.OperationalError: database is locked

The above exception was the direct cause of the following exception:

Traceback (most recent call last):
  File "C:\Users\User\AppData\Local\Programs\Python\Python312\Lib\site-packages\django\core\handlers\exception.py", line 55, in inner
    response = get_response(request)
               ^^^^^^^^^^^^^^^^^^^^^
  File "C:\Users\User\Desktop\RPA\Website\PDN_Portal\pdnportal\chat\middleware.py", line 14, in __call__
    UserOnlineStatus.objects.update_or_create(
  File "C:\Users\User\AppData\Local\Programs\Python\Python312\Lib\site-packages\django\db\models\manager.py", line 87, in manager_method
    return getattr(self.get_queryset(), name)(*args, **kwargs)
           ^^^^^^^^^^^^^^^^^^^^^^^^^^^^^^^^^^^^^^^^^^^^^^^^^^^
  File "C:\Users\User\AppData\Local\Programs\Python\Python312\Lib\site-packages\django\db\models\query.py", line 1009, in update_or_create
    obj.save(using=self.db, update_fields=update_fields)
  File "C:\Users\User\AppData\Local\Programs\Python\Python312\Lib\site-packages\django\db\models\base.py", line 822, in save
    self.save_base(
  File "C:\Users\User\AppData\Local\Programs\Python\Python312\Lib\site-packages\django\db\models\base.py", line 909, in save_base
    updated = self._save_table(
              ^^^^^^^^^^^^^^^^^
  File "C:\Users\User\AppData\Local\Programs\Python\Python312\Lib\site-packages\django\db\models\base.py", line 1036, in _save_table
    updated = self._do_update(
              ^^^^^^^^^^^^^^^^
  File "C:\Users\User\AppData\Local\Programs\Python\Python312\Lib\site-packages\django\db\models\base.py", line 1101, in _do_update
    return filtered._update(values) > 0
           ^^^^^^^^^^^^^^^^^^^^^^^^
  File "C:\Users\User\AppData\Local\Programs\Python\Python312\Lib\site-packages\django\db\models\query.py", line 1278, in _update
    return query.get_compiler(self.db).execute_sql(CURSOR)
           ^^^^^^^^^^^^^^^^^^^^^^^^^^^^^^^^^^^^^^^^^^^^^^^
  File "C:\Users\User\AppData\Local\Programs\Python\Python312\Lib\site-packages\django\db\models\sql\compiler.py", line 1990, in execute_sql
    cursor = super().execute_sql(result_type)
             ^^^^^^^^^^^^^^^^^^^^^^^^^^^^^^^^
  File "C:\Users\User\AppData\Local\Programs\Python\Python312\Lib\site-packages\django\db\models\sql\compiler.py", line 1562, in execute_sql
    cursor.execute(sql, params)
  File "C:\Users\User\AppData\Local\Programs\Python\Python312\Lib\site-packages\django\db\backends\utils.py", line 122, in execute
    return super().execute(sql, params)
           ^^^^^^^^^^^^^^^^^^^^^^^^^^^^
  File "C:\Users\User\AppData\Local\Programs\Python\Python312\Lib\site-packages\django\db\backends\utils.py", line 79, in execute
    return self._execute_with_wrappers(
           ^^^^^^^^^^^^^^^^^^^^^^^^^^^^
  File "C:\Users\User\AppData\Local\Programs\Python\Python312\Lib\site-packages\django\db\backends\utils.py", line 92, in _execute_with_wrappers
    return executor(sql, params, many, context)
           ^^^^^^^^^^^^^^^^^^^^^^^^^^^^^^^^^^^^
  File "C:\Users\User\AppData\Local\Programs\Python\Python312\Lib\site-packages\django\db\backends\utils.py", line 100, in _execute
    with self.db.wrap_database_errors:
  File "C:\Users\User\AppData\Local\Programs\Python\Python312\Lib\site-packages\django\db\utils.py", line 91, in __exit__
    raise dj_exc_value.with_traceback(traceback) from exc_value
  File "C:\Users\User\AppData\Local\Programs\Python\Python312\Lib\site-packages\django\db\backends\utils.py", line 105, in _execute
    return self.cursor.execute(sql, params)
           ^^^^^^^^^^^^^^^^^^^^^^^^^^^^^^^^
  File "C:\Users\User\AppData\Local\Programs\Python\Python312\Lib\site-packages\django\db\backends\sqlite3\base.py", line 329, in execute
    return super().execute(query, params)
           ^^^^^^^^^^^^^^^^^^^^^^^^^^^^^^
django.db.utils.OperationalError: database is locked
ERROR 2025-10-09 13:12:13,202 basehttp 9532 16372 "GET /joborder/chart-data/6month/ HTTP/1.1" 500 161236
INFO 2025-10-09 13:13:23,088 basehttp 9532 16372 "GET /docu-notification/ HTTP/1.1" 200 65953
INFO 2025-10-09 13:13:23,152 basehttp 9532 16372 "GET /static/css/qualitycontrol/qualitycontrol.css HTTP/1.1" 200 9691
INFO 2025-10-09 13:13:23,153 basehttp 9532 6496 "GET /static/css/docunotification/docunotification.css HTTP/1.1" 200 8546
INFO 2025-10-09 13:13:23,156 basehttp 9532 600 "GET /static/js/docunotification/docunotification.js HTTP/1.1" 200 27343
INFO 2025-10-09 13:13:23,246 basehttp 9532 6496 "GET /docu-notification/api/notifications/ HTTP/1.1" 200 482
ERROR 2025-10-09 13:13:23,354 log 9532 600 Internal Server Error: /stock-declaration/api/notifications/
Traceback (most recent call last):
  File "C:\Users\User\AppData\Local\Programs\Python\Python312\Lib\site-packages\django\db\backends\utils.py", line 105, in _execute
    return self.cursor.execute(sql, params)
           ^^^^^^^^^^^^^^^^^^^^^^^^^^^^^^^^
  File "C:\Users\User\AppData\Local\Programs\Python\Python312\Lib\site-packages\django\db\backends\sqlite3\base.py", line 329, in execute
    return super().execute(query, params)
           ^^^^^^^^^^^^^^^^^^^^^^^^^^^^^^
sqlite3.OperationalError: database is locked

The above exception was the direct cause of the following exception:

Traceback (most recent call last):
  File "C:\Users\User\AppData\Local\Programs\Python\Python312\Lib\site-packages\django\core\handlers\exception.py", line 55, in inner
    response = get_response(request)
               ^^^^^^^^^^^^^^^^^^^^^
  File "C:\Users\User\Desktop\RPA\Website\PDN_Portal\pdnportal\chat\middleware.py", line 14, in __call__
    UserOnlineStatus.objects.update_or_create(
  File "C:\Users\User\AppData\Local\Programs\Python\Python312\Lib\site-packages\django\db\models\manager.py", line 87, in manager_method
    return getattr(self.get_queryset(), name)(*args, **kwargs)
           ^^^^^^^^^^^^^^^^^^^^^^^^^^^^^^^^^^^^^^^^^^^^^^^^^^^
  File "C:\Users\User\AppData\Local\Programs\Python\Python312\Lib\site-packages\django\db\models\query.py", line 1009, in update_or_create
    obj.save(using=self.db, update_fields=update_fields)
  File "C:\Users\User\AppData\Local\Programs\Python\Python312\Lib\site-packages\django\db\models\base.py", line 822, in save
    self.save_base(
  File "C:\Users\User\AppData\Local\Programs\Python\Python312\Lib\site-packages\django\db\models\base.py", line 909, in save_base
    updated = self._save_table(
              ^^^^^^^^^^^^^^^^^
  File "C:\Users\User\AppData\Local\Programs\Python\Python312\Lib\site-packages\django\db\models\base.py", line 1036, in _save_table
    updated = self._do_update(
              ^^^^^^^^^^^^^^^^
  File "C:\Users\User\AppData\Local\Programs\Python\Python312\Lib\site-packages\django\db\models\base.py", line 1101, in _do_update
    return filtered._update(values) > 0
           ^^^^^^^^^^^^^^^^^^^^^^^^
  File "C:\Users\User\AppData\Local\Programs\Python\Python312\Lib\site-packages\django\db\models\query.py", line 1278, in _update
    return query.get_compiler(self.db).execute_sql(CURSOR)
           ^^^^^^^^^^^^^^^^^^^^^^^^^^^^^^^^^^^^^^^^^^^^^^^
  File "C:\Users\User\AppData\Local\Programs\Python\Python312\Lib\site-packages\django\db\models\sql\compiler.py", line 1990, in execute_sql
    cursor = super().execute_sql(result_type)
             ^^^^^^^^^^^^^^^^^^^^^^^^^^^^^^^^
  File "C:\Users\User\AppData\Local\Programs\Python\Python312\Lib\site-packages\django\db\models\sql\compiler.py", line 1562, in execute_sql
    cursor.execute(sql, params)
  File "C:\Users\User\AppData\Local\Programs\Python\Python312\Lib\site-packages\django\db\backends\utils.py", line 122, in execute
    return super().execute(sql, params)
           ^^^^^^^^^^^^^^^^^^^^^^^^^^^^
  File "C:\Users\User\AppData\Local\Programs\Python\Python312\Lib\site-packages\django\db\backends\utils.py", line 79, in execute
    return self._execute_with_wrappers(
           ^^^^^^^^^^^^^^^^^^^^^^^^^^^^
  File "C:\Users\User\AppData\Local\Programs\Python\Python312\Lib\site-packages\django\db\backends\utils.py", line 92, in _execute_with_wrappers
    return executor(sql, params, many, context)
           ^^^^^^^^^^^^^^^^^^^^^^^^^^^^^^^^^^^^
  File "C:\Users\User\AppData\Local\Programs\Python\Python312\Lib\site-packages\django\db\backends\utils.py", line 100, in _execute
    with self.db.wrap_database_errors:
  File "C:\Users\User\AppData\Local\Programs\Python\Python312\Lib\site-packages\django\db\utils.py", line 91, in __exit__
    raise dj_exc_value.with_traceback(traceback) from exc_value
  File "C:\Users\User\AppData\Local\Programs\Python\Python312\Lib\site-packages\django\db\backends\utils.py", line 105, in _execute
    return self.cursor.execute(sql, params)
           ^^^^^^^^^^^^^^^^^^^^^^^^^^^^^^^^
  File "C:\Users\User\AppData\Local\Programs\Python\Python312\Lib\site-packages\django\db\backends\sqlite3\base.py", line 329, in execute
    return super().execute(query, params)
           ^^^^^^^^^^^^^^^^^^^^^^^^^^^^^^
django.db.utils.OperationalError: database is locked
ERROR 2025-10-09 13:13:23,371 basehttp 9532 600 "GET /stock-declaration/api/notifications/ HTTP/1.1" 500 161329
INFO 2025-10-09 13:13:36,362 basehttp 9532 600 "GET /admin HTTP/1.1" 301 0
INFO 2025-10-09 13:13:36,576 basehttp 9532 6496 "GET /admin/ HTTP/1.1" 200 41580
INFO 2025-10-09 13:13:36,634 basehttp 9532 6496 "GET /static/admin/css/dashboard.css HTTP/1.1" 200 441
INFO 2025-10-09 13:13:36,649 basehttp 9532 6496 "GET /static/admin/img/icon-changelink.svg HTTP/1.1" 200 380
INFO 2025-10-09 13:13:46,500 basehttp 9532 6496 "GET /admin/docunotification/documentnotification/ HTTP/1.1" 200 37410
INFO 2025-10-09 13:13:46,553 basehttp 9532 6496 "GET /admin/jsi18n/ HTTP/1.1" 200 3342
INFO 2025-10-09 13:14:43,203 basehttp 9532 6496 "GET /admin/docunotification/documentcategory/ HTTP/1.1" 200 35411
INFO 2025-10-09 13:14:43,243 basehttp 9532 6496 "GET /static/admin/css/forms.css HTTP/1.1" 200 9090
INFO 2025-10-09 13:14:43,253 basehttp 9532 16372 "GET /admin/jsi18n/ HTTP/1.1" 200 3342
INFO 2025-10-09 13:14:43,255 basehttp 9532 6496 "GET /static/admin/css/widgets.css HTTP/1.1" 200 11800
INFO 2025-10-09 13:14:46,476 basehttp 9532 6496 "GET /admin/docunotification/documentnotification/ HTTP/1.1" 200 37410
INFO 2025-10-09 13:14:46,509 basehttp 9532 6496 "GET /admin/jsi18n/ HTTP/1.1" 200 3342
INFO 2025-10-09 13:14:50,459 basehttp 9532 6496 "GET /admin/docunotification/documentnotification/?created_date__year=2025 HTTP/1.1" 200 38276
INFO 2025-10-09 13:14:50,497 basehttp 9532 6496 "GET /admin/jsi18n/ HTTP/1.1" 200 3342
INFO 2025-10-09 13:14:52,642 basehttp 9532 6496 "GET /admin/docunotification/documentnotification/?created_date__month=10&created_date__year=2025 HTTP/1.1" 200 39190
INFO 2025-10-09 13:14:52,682 basehttp 9532 6496 "GET /admin/jsi18n/ HTTP/1.1" 200 3342
INFO 2025-10-09 13:14:53,235 basehttp 9532 6496 "GET /admin/docunotification/documentnotification/?created_date__year=2025 HTTP/1.1" 200 38276
INFO 2025-10-09 13:14:53,286 basehttp 9532 6496 "GET /admin/jsi18n/ HTTP/1.1" 200 3342
INFO 2025-10-09 13:14:53,691 basehttp 9532 6496 "GET /admin/docunotification/documentnotification/? HTTP/1.1" 200 37410
INFO 2025-10-09 13:14:53,732 basehttp 9532 6496 "GET /admin/jsi18n/ HTTP/1.1" 200 3342
INFO 2025-10-09 13:14:58,477 basehttp 9532 6496 "GET /admin/docunotification/documentnotification/?o=9 HTTP/1.1" 200 37676
INFO 2025-10-09 13:14:58,514 basehttp 9532 6496 "GET /admin/jsi18n/ HTTP/1.1" 200 3342
INFO 2025-10-09 13:15:00,090 basehttp 9532 6496 "GET /admin/docunotification/documentnotification/15/change/?_changelist_filters=o%3D9 HTTP/1.1" 200 71121
INFO 2025-10-09 13:15:00,126 basehttp 9532 26960 "GET /static/admin/js/collapse.js HTTP/1.1" 200 1803
INFO 2025-10-09 13:15:00,128 basehttp 9532 25300 "GET /static/admin/js/inlines.js HTTP/1.1" 200 15526
INFO 2025-10-09 13:15:00,128 basehttp 9532 14420 "GET /static/admin/js/prepopulate_init.js HTTP/1.1" 200 586
INFO 2025-10-09 13:15:00,128 basehttp 9532 16372 "GET /static/admin/js/calendar.js HTTP/1.1" 200 9141
INFO 2025-10-09 13:15:00,132 basehttp 9532 12028 "GET /static/admin/js/admin/DateTimeShortcuts.js HTTP/1.1" 200 19319
INFO 2025-10-09 13:15:00,139 basehttp 9532 6496 "GET /admin/jsi18n/ HTTP/1.1" 200 3342
INFO 2025-10-09 13:15:00,142 basehttp 9532 12028 "GET /static/admin/img/icon-deletelink.svg HTTP/1.1" 200 392
INFO 2025-10-09 13:15:00,149 basehttp 9532 6496 "GET /static/admin/js/change_form.js HTTP/1.1" 200 606
INFO 2025-10-09 13:15:00,150 basehttp 9532 12028 "GET /static/admin/img/icon-unknown.svg HTTP/1.1" 200 655
INFO 2025-10-09 13:15:00,203 basehttp 9532 6496 "GET /static/admin/img/inline-delete.svg HTTP/1.1" 200 560
INFO 2025-10-09 13:15:00,231 basehttp 9532 6496 "GET /static/admin/img/icon-calendar.svg HTTP/1.1" 200 1086
INFO 2025-10-09 13:18:23,274 basehttp 9532 6496 "GET /stock-declaration/api/notifications/ HTTP/1.1" 200 50
INFO 2025-10-09 13:18:23,290 basehttp 9532 12028 "GET /docu-notification/api/notifications/ HTTP/1.1" 200 482
INFO 2025-10-09 13:23:23,910 basehttp 9532 13028 "GET /docu-notification/api/notifications/ HTTP/1.1" 200 482
ERROR 2025-10-09 13:23:24,056 log 9532 20932 Internal Server Error: /stock-declaration/api/notifications/
Traceback (most recent call last):
  File "C:\Users\User\AppData\Local\Programs\Python\Python312\Lib\site-packages\django\db\backends\utils.py", line 105, in _execute
    return self.cursor.execute(sql, params)
           ^^^^^^^^^^^^^^^^^^^^^^^^^^^^^^^^
  File "C:\Users\User\AppData\Local\Programs\Python\Python312\Lib\site-packages\django\db\backends\sqlite3\base.py", line 329, in execute
    return super().execute(query, params)
           ^^^^^^^^^^^^^^^^^^^^^^^^^^^^^^
sqlite3.OperationalError: database is locked

The above exception was the direct cause of the following exception:

Traceback (most recent call last):
  File "C:\Users\User\AppData\Local\Programs\Python\Python312\Lib\site-packages\django\core\handlers\exception.py", line 55, in inner
    response = get_response(request)
               ^^^^^^^^^^^^^^^^^^^^^
  File "C:\Users\User\Desktop\RPA\Website\PDN_Portal\pdnportal\chat\middleware.py", line 14, in __call__
    UserOnlineStatus.objects.update_or_create(
  File "C:\Users\User\AppData\Local\Programs\Python\Python312\Lib\site-packages\django\db\models\manager.py", line 87, in manager_method
    return getattr(self.get_queryset(), name)(*args, **kwargs)
           ^^^^^^^^^^^^^^^^^^^^^^^^^^^^^^^^^^^^^^^^^^^^^^^^^^^
  File "C:\Users\User\AppData\Local\Programs\Python\Python312\Lib\site-packages\django\db\models\query.py", line 1009, in update_or_create
    obj.save(using=self.db, update_fields=update_fields)
  File "C:\Users\User\AppData\Local\Programs\Python\Python312\Lib\site-packages\django\db\models\base.py", line 822, in save
    self.save_base(
  File "C:\Users\User\AppData\Local\Programs\Python\Python312\Lib\site-packages\django\db\models\base.py", line 909, in save_base
    updated = self._save_table(
              ^^^^^^^^^^^^^^^^^
  File "C:\Users\User\AppData\Local\Programs\Python\Python312\Lib\site-packages\django\db\models\base.py", line 1036, in _save_table
    updated = self._do_update(
              ^^^^^^^^^^^^^^^^
  File "C:\Users\User\AppData\Local\Programs\Python\Python312\Lib\site-packages\django\db\models\base.py", line 1101, in _do_update
    return filtered._update(values) > 0
           ^^^^^^^^^^^^^^^^^^^^^^^^
  File "C:\Users\User\AppData\Local\Programs\Python\Python312\Lib\site-packages\django\db\models\query.py", line 1278, in _update
    return query.get_compiler(self.db).execute_sql(CURSOR)
           ^^^^^^^^^^^^^^^^^^^^^^^^^^^^^^^^^^^^^^^^^^^^^^^
  File "C:\Users\User\AppData\Local\Programs\Python\Python312\Lib\site-packages\django\db\models\sql\compiler.py", line 1990, in execute_sql
    cursor = super().execute_sql(result_type)
             ^^^^^^^^^^^^^^^^^^^^^^^^^^^^^^^^
  File "C:\Users\User\AppData\Local\Programs\Python\Python312\Lib\site-packages\django\db\models\sql\compiler.py", line 1562, in execute_sql
    cursor.execute(sql, params)
  File "C:\Users\User\AppData\Local\Programs\Python\Python312\Lib\site-packages\django\db\backends\utils.py", line 122, in execute
    return super().execute(sql, params)
           ^^^^^^^^^^^^^^^^^^^^^^^^^^^^
  File "C:\Users\User\AppData\Local\Programs\Python\Python312\Lib\site-packages\django\db\backends\utils.py", line 79, in execute
    return self._execute_with_wrappers(
           ^^^^^^^^^^^^^^^^^^^^^^^^^^^^
  File "C:\Users\User\AppData\Local\Programs\Python\Python312\Lib\site-packages\django\db\backends\utils.py", line 92, in _execute_with_wrappers
    return executor(sql, params, many, context)
           ^^^^^^^^^^^^^^^^^^^^^^^^^^^^^^^^^^^^
  File "C:\Users\User\AppData\Local\Programs\Python\Python312\Lib\site-packages\django\db\backends\utils.py", line 100, in _execute
    with self.db.wrap_database_errors:
  File "C:\Users\User\AppData\Local\Programs\Python\Python312\Lib\site-packages\django\db\utils.py", line 91, in __exit__
    raise dj_exc_value.with_traceback(traceback) from exc_value
  File "C:\Users\User\AppData\Local\Programs\Python\Python312\Lib\site-packages\django\db\backends\utils.py", line 105, in _execute
    return self.cursor.execute(sql, params)
           ^^^^^^^^^^^^^^^^^^^^^^^^^^^^^^^^
  File "C:\Users\User\AppData\Local\Programs\Python\Python312\Lib\site-packages\django\db\backends\sqlite3\base.py", line 329, in execute
    return super().execute(query, params)
           ^^^^^^^^^^^^^^^^^^^^^^^^^^^^^^
django.db.utils.OperationalError: database is locked
ERROR 2025-10-09 13:23:24,071 basehttp 9532 20932 "GET /stock-declaration/api/notifications/ HTTP/1.1" 500 161329
INFO 2025-10-09 13:27:02,491 basehttp 9532 6240 "GET /docu-notification/ HTTP/1.1" 200 65955
INFO 2025-10-09 13:27:02,597 basehttp 9532 6240 "GET /stock-declaration/api/notifications/ HTTP/1.1" 200 50
ERROR 2025-10-09 13:27:02,674 log 9532 10468 Internal Server Error: /docu-notification/api/notifications/
Traceback (most recent call last):
  File "C:\Users\User\AppData\Local\Programs\Python\Python312\Lib\site-packages\django\db\backends\utils.py", line 105, in _execute
    return self.cursor.execute(sql, params)
           ^^^^^^^^^^^^^^^^^^^^^^^^^^^^^^^^
  File "C:\Users\User\AppData\Local\Programs\Python\Python312\Lib\site-packages\django\db\backends\sqlite3\base.py", line 329, in execute
    return super().execute(query, params)
           ^^^^^^^^^^^^^^^^^^^^^^^^^^^^^^
sqlite3.OperationalError: database is locked

The above exception was the direct cause of the following exception:

Traceback (most recent call last):
  File "C:\Users\User\AppData\Local\Programs\Python\Python312\Lib\site-packages\django\core\handlers\exception.py", line 55, in inner
    response = get_response(request)
               ^^^^^^^^^^^^^^^^^^^^^
  File "C:\Users\User\Desktop\RPA\Website\PDN_Portal\pdnportal\chat\middleware.py", line 14, in __call__
    UserOnlineStatus.objects.update_or_create(
  File "C:\Users\User\AppData\Local\Programs\Python\Python312\Lib\site-packages\django\db\models\manager.py", line 87, in manager_method
    return getattr(self.get_queryset(), name)(*args, **kwargs)
           ^^^^^^^^^^^^^^^^^^^^^^^^^^^^^^^^^^^^^^^^^^^^^^^^^^^
  File "C:\Users\User\AppData\Local\Programs\Python\Python312\Lib\site-packages\django\db\models\query.py", line 1009, in update_or_create
    obj.save(using=self.db, update_fields=update_fields)
  File "C:\Users\User\AppData\Local\Programs\Python\Python312\Lib\site-packages\django\db\models\base.py", line 822, in save
    self.save_base(
  File "C:\Users\User\AppData\Local\Programs\Python\Python312\Lib\site-packages\django\db\models\base.py", line 909, in save_base
    updated = self._save_table(
              ^^^^^^^^^^^^^^^^^
  File "C:\Users\User\AppData\Local\Programs\Python\Python312\Lib\site-packages\django\db\models\base.py", line 1036, in _save_table
    updated = self._do_update(
              ^^^^^^^^^^^^^^^^
  File "C:\Users\User\AppData\Local\Programs\Python\Python312\Lib\site-packages\django\db\models\base.py", line 1101, in _do_update
    return filtered._update(values) > 0
           ^^^^^^^^^^^^^^^^^^^^^^^^
  File "C:\Users\User\AppData\Local\Programs\Python\Python312\Lib\site-packages\django\db\models\query.py", line 1278, in _update
    return query.get_compiler(self.db).execute_sql(CURSOR)
           ^^^^^^^^^^^^^^^^^^^^^^^^^^^^^^^^^^^^^^^^^^^^^^^
  File "C:\Users\User\AppData\Local\Programs\Python\Python312\Lib\site-packages\django\db\models\sql\compiler.py", line 1990, in execute_sql
    cursor = super().execute_sql(result_type)
             ^^^^^^^^^^^^^^^^^^^^^^^^^^^^^^^^
  File "C:\Users\User\AppData\Local\Programs\Python\Python312\Lib\site-packages\django\db\models\sql\compiler.py", line 1562, in execute_sql
    cursor.execute(sql, params)
  File "C:\Users\User\AppData\Local\Programs\Python\Python312\Lib\site-packages\django\db\backends\utils.py", line 122, in execute
    return super().execute(sql, params)
           ^^^^^^^^^^^^^^^^^^^^^^^^^^^^
  File "C:\Users\User\AppData\Local\Programs\Python\Python312\Lib\site-packages\django\db\backends\utils.py", line 79, in execute
    return self._execute_with_wrappers(
           ^^^^^^^^^^^^^^^^^^^^^^^^^^^^
  File "C:\Users\User\AppData\Local\Programs\Python\Python312\Lib\site-packages\django\db\backends\utils.py", line 92, in _execute_with_wrappers
    return executor(sql, params, many, context)
           ^^^^^^^^^^^^^^^^^^^^^^^^^^^^^^^^^^^^
  File "C:\Users\User\AppData\Local\Programs\Python\Python312\Lib\site-packages\django\db\backends\utils.py", line 100, in _execute
    with self.db.wrap_database_errors:
  File "C:\Users\User\AppData\Local\Programs\Python\Python312\Lib\site-packages\django\db\utils.py", line 91, in __exit__
    raise dj_exc_value.with_traceback(traceback) from exc_value
  File "C:\Users\User\AppData\Local\Programs\Python\Python312\Lib\site-packages\django\db\backends\utils.py", line 105, in _execute
    return self.cursor.execute(sql, params)
           ^^^^^^^^^^^^^^^^^^^^^^^^^^^^^^^^
  File "C:\Users\User\AppData\Local\Programs\Python\Python312\Lib\site-packages\django\db\backends\sqlite3\base.py", line 329, in execute
    return super().execute(query, params)
           ^^^^^^^^^^^^^^^^^^^^^^^^^^^^^^
django.db.utils.OperationalError: database is locked
ERROR 2025-10-09 13:27:02,681 basehttp 9532 10468 "GET /docu-notification/api/notifications/ HTTP/1.1" 500 161329
INFO 2025-10-09 13:27:49,529 basehttp 9532 10468 "POST /docu-notification/ HTTP/1.1" 200 62
INFO 2025-10-09 13:27:51,077 basehttp 9532 10468 "GET /docu-notification/ HTTP/1.1" 200 71545
INFO 2025-10-09 13:27:51,150 basehttp 9532 6240 "GET /docu-notification/api/notifications/ HTTP/1.1" 200 962
ERROR 2025-10-09 13:27:51,223 log 9532 10468 Internal Server Error: /stock-declaration/api/notifications/
Traceback (most recent call last):
  File "C:\Users\User\AppData\Local\Programs\Python\Python312\Lib\site-packages\django\db\backends\utils.py", line 105, in _execute
    return self.cursor.execute(sql, params)
           ^^^^^^^^^^^^^^^^^^^^^^^^^^^^^^^^
  File "C:\Users\User\AppData\Local\Programs\Python\Python312\Lib\site-packages\django\db\backends\sqlite3\base.py", line 329, in execute
    return super().execute(query, params)
           ^^^^^^^^^^^^^^^^^^^^^^^^^^^^^^
sqlite3.OperationalError: database is locked

The above exception was the direct cause of the following exception:

Traceback (most recent call last):
  File "C:\Users\User\AppData\Local\Programs\Python\Python312\Lib\site-packages\django\core\handlers\exception.py", line 55, in inner
    response = get_response(request)
               ^^^^^^^^^^^^^^^^^^^^^
  File "C:\Users\User\Desktop\RPA\Website\PDN_Portal\pdnportal\chat\middleware.py", line 14, in __call__
    UserOnlineStatus.objects.update_or_create(
  File "C:\Users\User\AppData\Local\Programs\Python\Python312\Lib\site-packages\django\db\models\manager.py", line 87, in manager_method
    return getattr(self.get_queryset(), name)(*args, **kwargs)
           ^^^^^^^^^^^^^^^^^^^^^^^^^^^^^^^^^^^^^^^^^^^^^^^^^^^
  File "C:\Users\User\AppData\Local\Programs\Python\Python312\Lib\site-packages\django\db\models\query.py", line 1009, in update_or_create
    obj.save(using=self.db, update_fields=update_fields)
  File "C:\Users\User\AppData\Local\Programs\Python\Python312\Lib\site-packages\django\db\models\base.py", line 822, in save
    self.save_base(
  File "C:\Users\User\AppData\Local\Programs\Python\Python312\Lib\site-packages\django\db\models\base.py", line 909, in save_base
    updated = self._save_table(
              ^^^^^^^^^^^^^^^^^
  File "C:\Users\User\AppData\Local\Programs\Python\Python312\Lib\site-packages\django\db\models\base.py", line 1036, in _save_table
    updated = self._do_update(
              ^^^^^^^^^^^^^^^^
  File "C:\Users\User\AppData\Local\Programs\Python\Python312\Lib\site-packages\django\db\models\base.py", line 1101, in _do_update
    return filtered._update(values) > 0
           ^^^^^^^^^^^^^^^^^^^^^^^^
  File "C:\Users\User\AppData\Local\Programs\Python\Python312\Lib\site-packages\django\db\models\query.py", line 1278, in _update
    return query.get_compiler(self.db).execute_sql(CURSOR)
           ^^^^^^^^^^^^^^^^^^^^^^^^^^^^^^^^^^^^^^^^^^^^^^^
  File "C:\Users\User\AppData\Local\Programs\Python\Python312\Lib\site-packages\django\db\models\sql\compiler.py", line 1990, in execute_sql
    cursor = super().execute_sql(result_type)
             ^^^^^^^^^^^^^^^^^^^^^^^^^^^^^^^^
  File "C:\Users\User\AppData\Local\Programs\Python\Python312\Lib\site-packages\django\db\models\sql\compiler.py", line 1562, in execute_sql
    cursor.execute(sql, params)
  File "C:\Users\User\AppData\Local\Programs\Python\Python312\Lib\site-packages\django\db\backends\utils.py", line 122, in execute
    return super().execute(sql, params)
           ^^^^^^^^^^^^^^^^^^^^^^^^^^^^
  File "C:\Users\User\AppData\Local\Programs\Python\Python312\Lib\site-packages\django\db\backends\utils.py", line 79, in execute
    return self._execute_with_wrappers(
           ^^^^^^^^^^^^^^^^^^^^^^^^^^^^
  File "C:\Users\User\AppData\Local\Programs\Python\Python312\Lib\site-packages\django\db\backends\utils.py", line 92, in _execute_with_wrappers
    return executor(sql, params, many, context)
           ^^^^^^^^^^^^^^^^^^^^^^^^^^^^^^^^^^^^
  File "C:\Users\User\AppData\Local\Programs\Python\Python312\Lib\site-packages\django\db\backends\utils.py", line 100, in _execute
    with self.db.wrap_database_errors:
  File "C:\Users\User\AppData\Local\Programs\Python\Python312\Lib\site-packages\django\db\utils.py", line 91, in __exit__
    raise dj_exc_value.with_traceback(traceback) from exc_value
  File "C:\Users\User\AppData\Local\Programs\Python\Python312\Lib\site-packages\django\db\backends\utils.py", line 105, in _execute
    return self.cursor.execute(sql, params)
           ^^^^^^^^^^^^^^^^^^^^^^^^^^^^^^^^
  File "C:\Users\User\AppData\Local\Programs\Python\Python312\Lib\site-packages\django\db\backends\sqlite3\base.py", line 329, in execute
    return super().execute(query, params)
           ^^^^^^^^^^^^^^^^^^^^^^^^^^^^^^
django.db.utils.OperationalError: database is locked
ERROR 2025-10-09 13:27:51,227 basehttp 9532 10468 "GET /stock-declaration/api/notifications/ HTTP/1.1" 500 161329
INFO 2025-10-09 13:28:41,233 basehttp 9532 10468 "GET /docu-notification/ HTTP/1.1" 200 71545
INFO 2025-10-09 13:28:41,299 basehttp 9532 6240 "GET /docu-notification/api/notifications/ HTTP/1.1" 200 962
INFO 2025-10-09 13:28:41,326 basehttp 9532 10468 "GET /stock-declaration/api/notifications/ HTTP/1.1" 200 50
INFO 2025-10-09 13:31:09,370 basehttp 9532 10468 "GET /docu-notification/ HTTP/1.1" 200 71545
INFO 2025-10-09 13:31:09,443 basehttp 9532 6240 "GET /docu-notification/api/notifications/ HTTP/1.1" 200 962
ERROR 2025-10-09 13:31:09,504 log 9532 10468 Internal Server Error: /stock-declaration/api/notifications/
Traceback (most recent call last):
  File "C:\Users\User\AppData\Local\Programs\Python\Python312\Lib\site-packages\django\db\backends\utils.py", line 105, in _execute
    return self.cursor.execute(sql, params)
           ^^^^^^^^^^^^^^^^^^^^^^^^^^^^^^^^
  File "C:\Users\User\AppData\Local\Programs\Python\Python312\Lib\site-packages\django\db\backends\sqlite3\base.py", line 329, in execute
    return super().execute(query, params)
           ^^^^^^^^^^^^^^^^^^^^^^^^^^^^^^
sqlite3.OperationalError: database is locked

The above exception was the direct cause of the following exception:

Traceback (most recent call last):
  File "C:\Users\User\AppData\Local\Programs\Python\Python312\Lib\site-packages\django\core\handlers\exception.py", line 55, in inner
    response = get_response(request)
               ^^^^^^^^^^^^^^^^^^^^^
  File "C:\Users\User\Desktop\RPA\Website\PDN_Portal\pdnportal\chat\middleware.py", line 14, in __call__
    UserOnlineStatus.objects.update_or_create(
  File "C:\Users\User\AppData\Local\Programs\Python\Python312\Lib\site-packages\django\db\models\manager.py", line 87, in manager_method
    return getattr(self.get_queryset(), name)(*args, **kwargs)
           ^^^^^^^^^^^^^^^^^^^^^^^^^^^^^^^^^^^^^^^^^^^^^^^^^^^
  File "C:\Users\User\AppData\Local\Programs\Python\Python312\Lib\site-packages\django\db\models\query.py", line 1009, in update_or_create
    obj.save(using=self.db, update_fields=update_fields)
  File "C:\Users\User\AppData\Local\Programs\Python\Python312\Lib\site-packages\django\db\models\base.py", line 822, in save
    self.save_base(
  File "C:\Users\User\AppData\Local\Programs\Python\Python312\Lib\site-packages\django\db\models\base.py", line 909, in save_base
    updated = self._save_table(
              ^^^^^^^^^^^^^^^^^
  File "C:\Users\User\AppData\Local\Programs\Python\Python312\Lib\site-packages\django\db\models\base.py", line 1036, in _save_table
    updated = self._do_update(
              ^^^^^^^^^^^^^^^^
  File "C:\Users\User\AppData\Local\Programs\Python\Python312\Lib\site-packages\django\db\models\base.py", line 1101, in _do_update
    return filtered._update(values) > 0
           ^^^^^^^^^^^^^^^^^^^^^^^^
  File "C:\Users\User\AppData\Local\Programs\Python\Python312\Lib\site-packages\django\db\models\query.py", line 1278, in _update
    return query.get_compiler(self.db).execute_sql(CURSOR)
           ^^^^^^^^^^^^^^^^^^^^^^^^^^^^^^^^^^^^^^^^^^^^^^^
  File "C:\Users\User\AppData\Local\Programs\Python\Python312\Lib\site-packages\django\db\models\sql\compiler.py", line 1990, in execute_sql
    cursor = super().execute_sql(result_type)
             ^^^^^^^^^^^^^^^^^^^^^^^^^^^^^^^^
  File "C:\Users\User\AppData\Local\Programs\Python\Python312\Lib\site-packages\django\db\models\sql\compiler.py", line 1562, in execute_sql
    cursor.execute(sql, params)
  File "C:\Users\User\AppData\Local\Programs\Python\Python312\Lib\site-packages\django\db\backends\utils.py", line 122, in execute
    return super().execute(sql, params)
           ^^^^^^^^^^^^^^^^^^^^^^^^^^^^
  File "C:\Users\User\AppData\Local\Programs\Python\Python312\Lib\site-packages\django\db\backends\utils.py", line 79, in execute
    return self._execute_with_wrappers(
           ^^^^^^^^^^^^^^^^^^^^^^^^^^^^
  File "C:\Users\User\AppData\Local\Programs\Python\Python312\Lib\site-packages\django\db\backends\utils.py", line 92, in _execute_with_wrappers
    return executor(sql, params, many, context)
           ^^^^^^^^^^^^^^^^^^^^^^^^^^^^^^^^^^^^
  File "C:\Users\User\AppData\Local\Programs\Python\Python312\Lib\site-packages\django\db\backends\utils.py", line 100, in _execute
    with self.db.wrap_database_errors:
  File "C:\Users\User\AppData\Local\Programs\Python\Python312\Lib\site-packages\django\db\utils.py", line 91, in __exit__
    raise dj_exc_value.with_traceback(traceback) from exc_value
  File "C:\Users\User\AppData\Local\Programs\Python\Python312\Lib\site-packages\django\db\backends\utils.py", line 105, in _execute
    return self.cursor.execute(sql, params)
           ^^^^^^^^^^^^^^^^^^^^^^^^^^^^^^^^
  File "C:\Users\User\AppData\Local\Programs\Python\Python312\Lib\site-packages\django\db\backends\sqlite3\base.py", line 329, in execute
    return super().execute(query, params)
           ^^^^^^^^^^^^^^^^^^^^^^^^^^^^^^
django.db.utils.OperationalError: database is locked
ERROR 2025-10-09 13:31:09,522 basehttp 9532 10468 "GET /stock-declaration/api/notifications/ HTTP/1.1" 500 161326
INFO 2025-10-09 13:31:22,930 basehttp 9532 10468 "GET /stock-declaration/ HTTP/1.1" 200 97146
INFO 2025-10-09 13:31:23,041 basehttp 9532 10468 "GET /stock-declaration/api/notifications/ HTTP/1.1" 200 50
INFO 2025-10-09 13:31:23,069 basehttp 9532 22056 "GET /stock-declaration/api/chart-data/?time_range=month&stock_type=all HTTP/1.1" 200 2223
ERROR 2025-10-09 13:31:23,145 log 9532 6240 Internal Server Error: /docu-notification/api/notifications/
Traceback (most recent call last):
  File "C:\Users\User\AppData\Local\Programs\Python\Python312\Lib\site-packages\django\db\backends\utils.py", line 105, in _execute
    return self.cursor.execute(sql, params)
           ^^^^^^^^^^^^^^^^^^^^^^^^^^^^^^^^
  File "C:\Users\User\AppData\Local\Programs\Python\Python312\Lib\site-packages\django\db\backends\sqlite3\base.py", line 329, in execute
    return super().execute(query, params)
           ^^^^^^^^^^^^^^^^^^^^^^^^^^^^^^
sqlite3.OperationalError: database is locked

The above exception was the direct cause of the following exception:

Traceback (most recent call last):
  File "C:\Users\User\AppData\Local\Programs\Python\Python312\Lib\site-packages\django\core\handlers\exception.py", line 55, in inner
    response = get_response(request)
               ^^^^^^^^^^^^^^^^^^^^^
  File "C:\Users\User\Desktop\RPA\Website\PDN_Portal\pdnportal\chat\middleware.py", line 14, in __call__
    UserOnlineStatus.objects.update_or_create(
  File "C:\Users\User\AppData\Local\Programs\Python\Python312\Lib\site-packages\django\db\models\manager.py", line 87, in manager_method
    return getattr(self.get_queryset(), name)(*args, **kwargs)
           ^^^^^^^^^^^^^^^^^^^^^^^^^^^^^^^^^^^^^^^^^^^^^^^^^^^
  File "C:\Users\User\AppData\Local\Programs\Python\Python312\Lib\site-packages\django\db\models\query.py", line 1009, in update_or_create
    obj.save(using=self.db, update_fields=update_fields)
  File "C:\Users\User\AppData\Local\Programs\Python\Python312\Lib\site-packages\django\db\models\base.py", line 822, in save
    self.save_base(
  File "C:\Users\User\AppData\Local\Programs\Python\Python312\Lib\site-packages\django\db\models\base.py", line 909, in save_base
    updated = self._save_table(
              ^^^^^^^^^^^^^^^^^
  File "C:\Users\User\AppData\Local\Programs\Python\Python312\Lib\site-packages\django\db\models\base.py", line 1036, in _save_table
    updated = self._do_update(
              ^^^^^^^^^^^^^^^^
  File "C:\Users\User\AppData\Local\Programs\Python\Python312\Lib\site-packages\django\db\models\base.py", line 1101, in _do_update
    return filtered._update(values) > 0
           ^^^^^^^^^^^^^^^^^^^^^^^^
  File "C:\Users\User\AppData\Local\Programs\Python\Python312\Lib\site-packages\django\db\models\query.py", line 1278, in _update
    return query.get_compiler(self.db).execute_sql(CURSOR)
           ^^^^^^^^^^^^^^^^^^^^^^^^^^^^^^^^^^^^^^^^^^^^^^^
  File "C:\Users\User\AppData\Local\Programs\Python\Python312\Lib\site-packages\django\db\models\sql\compiler.py", line 1990, in execute_sql
    cursor = super().execute_sql(result_type)
             ^^^^^^^^^^^^^^^^^^^^^^^^^^^^^^^^
  File "C:\Users\User\AppData\Local\Programs\Python\Python312\Lib\site-packages\django\db\models\sql\compiler.py", line 1562, in execute_sql
    cursor.execute(sql, params)
  File "C:\Users\User\AppData\Local\Programs\Python\Python312\Lib\site-packages\django\db\backends\utils.py", line 122, in execute
    return super().execute(sql, params)
           ^^^^^^^^^^^^^^^^^^^^^^^^^^^^
  File "C:\Users\User\AppData\Local\Programs\Python\Python312\Lib\site-packages\django\db\backends\utils.py", line 79, in execute
    return self._execute_with_wrappers(
           ^^^^^^^^^^^^^^^^^^^^^^^^^^^^
  File "C:\Users\User\AppData\Local\Programs\Python\Python312\Lib\site-packages\django\db\backends\utils.py", line 92, in _execute_with_wrappers
    return executor(sql, params, many, context)
           ^^^^^^^^^^^^^^^^^^^^^^^^^^^^^^^^^^^^
  File "C:\Users\User\AppData\Local\Programs\Python\Python312\Lib\site-packages\django\db\backends\utils.py", line 100, in _execute
    with self.db.wrap_database_errors:
  File "C:\Users\User\AppData\Local\Programs\Python\Python312\Lib\site-packages\django\db\utils.py", line 91, in __exit__
    raise dj_exc_value.with_traceback(traceback) from exc_value
  File "C:\Users\User\AppData\Local\Programs\Python\Python312\Lib\site-packages\django\db\backends\utils.py", line 105, in _execute
    return self.cursor.execute(sql, params)
           ^^^^^^^^^^^^^^^^^^^^^^^^^^^^^^^^
  File "C:\Users\User\AppData\Local\Programs\Python\Python312\Lib\site-packages\django\db\backends\sqlite3\base.py", line 329, in execute
    return super().execute(query, params)
           ^^^^^^^^^^^^^^^^^^^^^^^^^^^^^^
django.db.utils.OperationalError: database is locked
ERROR 2025-10-09 13:31:23,153 basehttp 9532 6240 "GET /docu-notification/api/notifications/ HTTP/1.1" 500 161329
INFO 2025-10-09 13:31:26,033 basehttp 9532 6240 "GET /docu-notification/ HTTP/1.1" 200 71545
INFO 2025-10-09 13:31:26,119 basehttp 9532 6240 "GET /stock-declaration/api/notifications/ HTTP/1.1" 200 50
ERROR 2025-10-09 13:31:26,208 log 9532 22056 Internal Server Error: /docu-notification/api/notifications/
Traceback (most recent call last):
  File "C:\Users\User\AppData\Local\Programs\Python\Python312\Lib\site-packages\django\db\backends\utils.py", line 105, in _execute
    return self.cursor.execute(sql, params)
           ^^^^^^^^^^^^^^^^^^^^^^^^^^^^^^^^
  File "C:\Users\User\AppData\Local\Programs\Python\Python312\Lib\site-packages\django\db\backends\sqlite3\base.py", line 329, in execute
    return super().execute(query, params)
           ^^^^^^^^^^^^^^^^^^^^^^^^^^^^^^
sqlite3.OperationalError: database is locked

The above exception was the direct cause of the following exception:

Traceback (most recent call last):
  File "C:\Users\User\AppData\Local\Programs\Python\Python312\Lib\site-packages\django\core\handlers\exception.py", line 55, in inner
    response = get_response(request)
               ^^^^^^^^^^^^^^^^^^^^^
  File "C:\Users\User\Desktop\RPA\Website\PDN_Portal\pdnportal\chat\middleware.py", line 14, in __call__
    UserOnlineStatus.objects.update_or_create(
  File "C:\Users\User\AppData\Local\Programs\Python\Python312\Lib\site-packages\django\db\models\manager.py", line 87, in manager_method
    return getattr(self.get_queryset(), name)(*args, **kwargs)
           ^^^^^^^^^^^^^^^^^^^^^^^^^^^^^^^^^^^^^^^^^^^^^^^^^^^
  File "C:\Users\User\AppData\Local\Programs\Python\Python312\Lib\site-packages\django\db\models\query.py", line 1009, in update_or_create
    obj.save(using=self.db, update_fields=update_fields)
  File "C:\Users\User\AppData\Local\Programs\Python\Python312\Lib\site-packages\django\db\models\base.py", line 822, in save
    self.save_base(
  File "C:\Users\User\AppData\Local\Programs\Python\Python312\Lib\site-packages\django\db\models\base.py", line 909, in save_base
    updated = self._save_table(
              ^^^^^^^^^^^^^^^^^
  File "C:\Users\User\AppData\Local\Programs\Python\Python312\Lib\site-packages\django\db\models\base.py", line 1036, in _save_table
    updated = self._do_update(
              ^^^^^^^^^^^^^^^^
  File "C:\Users\User\AppData\Local\Programs\Python\Python312\Lib\site-packages\django\db\models\base.py", line 1101, in _do_update
    return filtered._update(values) > 0
           ^^^^^^^^^^^^^^^^^^^^^^^^
  File "C:\Users\User\AppData\Local\Programs\Python\Python312\Lib\site-packages\django\db\models\query.py", line 1278, in _update
    return query.get_compiler(self.db).execute_sql(CURSOR)
           ^^^^^^^^^^^^^^^^^^^^^^^^^^^^^^^^^^^^^^^^^^^^^^^
  File "C:\Users\User\AppData\Local\Programs\Python\Python312\Lib\site-packages\django\db\models\sql\compiler.py", line 1990, in execute_sql
    cursor = super().execute_sql(result_type)
             ^^^^^^^^^^^^^^^^^^^^^^^^^^^^^^^^
  File "C:\Users\User\AppData\Local\Programs\Python\Python312\Lib\site-packages\django\db\models\sql\compiler.py", line 1562, in execute_sql
    cursor.execute(sql, params)
  File "C:\Users\User\AppData\Local\Programs\Python\Python312\Lib\site-packages\django\db\backends\utils.py", line 122, in execute
    return super().execute(sql, params)
           ^^^^^^^^^^^^^^^^^^^^^^^^^^^^
  File "C:\Users\User\AppData\Local\Programs\Python\Python312\Lib\site-packages\django\db\backends\utils.py", line 79, in execute
    return self._execute_with_wrappers(
           ^^^^^^^^^^^^^^^^^^^^^^^^^^^^
  File "C:\Users\User\AppData\Local\Programs\Python\Python312\Lib\site-packages\django\db\backends\utils.py", line 92, in _execute_with_wrappers
    return executor(sql, params, many, context)
           ^^^^^^^^^^^^^^^^^^^^^^^^^^^^^^^^^^^^
  File "C:\Users\User\AppData\Local\Programs\Python\Python312\Lib\site-packages\django\db\backends\utils.py", line 100, in _execute
    with self.db.wrap_database_errors:
  File "C:\Users\User\AppData\Local\Programs\Python\Python312\Lib\site-packages\django\db\utils.py", line 91, in __exit__
    raise dj_exc_value.with_traceback(traceback) from exc_value
  File "C:\Users\User\AppData\Local\Programs\Python\Python312\Lib\site-packages\django\db\backends\utils.py", line 105, in _execute
    return self.cursor.execute(sql, params)
           ^^^^^^^^^^^^^^^^^^^^^^^^^^^^^^^^
  File "C:\Users\User\AppData\Local\Programs\Python\Python312\Lib\site-packages\django\db\backends\sqlite3\base.py", line 329, in execute
    return super().execute(query, params)
           ^^^^^^^^^^^^^^^^^^^^^^^^^^^^^^
django.db.utils.OperationalError: database is locked
ERROR 2025-10-09 13:31:26,216 basehttp 9532 22056 "GET /docu-notification/api/notifications/ HTTP/1.1" 500 161332
INFO 2025-10-09 13:32:05,003 basehttp 9532 22056 "GET /docu-notification/ HTTP/1.1" 200 71545
INFO 2025-10-09 13:32:05,088 basehttp 9532 22056 "GET /stock-declaration/api/notifications/ HTTP/1.1" 200 50
ERROR 2025-10-09 13:32:05,180 log 9532 6240 Internal Server Error: /docu-notification/api/notifications/
Traceback (most recent call last):
  File "C:\Users\User\AppData\Local\Programs\Python\Python312\Lib\site-packages\django\db\backends\utils.py", line 105, in _execute
    return self.cursor.execute(sql, params)
           ^^^^^^^^^^^^^^^^^^^^^^^^^^^^^^^^
  File "C:\Users\User\AppData\Local\Programs\Python\Python312\Lib\site-packages\django\db\backends\sqlite3\base.py", line 329, in execute
    return super().execute(query, params)
           ^^^^^^^^^^^^^^^^^^^^^^^^^^^^^^
sqlite3.OperationalError: database is locked

The above exception was the direct cause of the following exception:

Traceback (most recent call last):
  File "C:\Users\User\AppData\Local\Programs\Python\Python312\Lib\site-packages\django\core\handlers\exception.py", line 55, in inner
    response = get_response(request)
               ^^^^^^^^^^^^^^^^^^^^^
  File "C:\Users\User\Desktop\RPA\Website\PDN_Portal\pdnportal\chat\middleware.py", line 14, in __call__
    UserOnlineStatus.objects.update_or_create(
  File "C:\Users\User\AppData\Local\Programs\Python\Python312\Lib\site-packages\django\db\models\manager.py", line 87, in manager_method
    return getattr(self.get_queryset(), name)(*args, **kwargs)
           ^^^^^^^^^^^^^^^^^^^^^^^^^^^^^^^^^^^^^^^^^^^^^^^^^^^
  File "C:\Users\User\AppData\Local\Programs\Python\Python312\Lib\site-packages\django\db\models\query.py", line 1009, in update_or_create
    obj.save(using=self.db, update_fields=update_fields)
  File "C:\Users\User\AppData\Local\Programs\Python\Python312\Lib\site-packages\django\db\models\base.py", line 822, in save
    self.save_base(
  File "C:\Users\User\AppData\Local\Programs\Python\Python312\Lib\site-packages\django\db\models\base.py", line 909, in save_base
    updated = self._save_table(
              ^^^^^^^^^^^^^^^^^
  File "C:\Users\User\AppData\Local\Programs\Python\Python312\Lib\site-packages\django\db\models\base.py", line 1036, in _save_table
    updated = self._do_update(
              ^^^^^^^^^^^^^^^^
  File "C:\Users\User\AppData\Local\Programs\Python\Python312\Lib\site-packages\django\db\models\base.py", line 1101, in _do_update
    return filtered._update(values) > 0
           ^^^^^^^^^^^^^^^^^^^^^^^^
  File "C:\Users\User\AppData\Local\Programs\Python\Python312\Lib\site-packages\django\db\models\query.py", line 1278, in _update
    return query.get_compiler(self.db).execute_sql(CURSOR)
           ^^^^^^^^^^^^^^^^^^^^^^^^^^^^^^^^^^^^^^^^^^^^^^^
  File "C:\Users\User\AppData\Local\Programs\Python\Python312\Lib\site-packages\django\db\models\sql\compiler.py", line 1990, in execute_sql
    cursor = super().execute_sql(result_type)
             ^^^^^^^^^^^^^^^^^^^^^^^^^^^^^^^^
  File "C:\Users\User\AppData\Local\Programs\Python\Python312\Lib\site-packages\django\db\models\sql\compiler.py", line 1562, in execute_sql
    cursor.execute(sql, params)
  File "C:\Users\User\AppData\Local\Programs\Python\Python312\Lib\site-packages\django\db\backends\utils.py", line 122, in execute
    return super().execute(sql, params)
           ^^^^^^^^^^^^^^^^^^^^^^^^^^^^
  File "C:\Users\User\AppData\Local\Programs\Python\Python312\Lib\site-packages\django\db\backends\utils.py", line 79, in execute
    return self._execute_with_wrappers(
           ^^^^^^^^^^^^^^^^^^^^^^^^^^^^
  File "C:\Users\User\AppData\Local\Programs\Python\Python312\Lib\site-packages\django\db\backends\utils.py", line 92, in _execute_with_wrappers
    return executor(sql, params, many, context)
           ^^^^^^^^^^^^^^^^^^^^^^^^^^^^^^^^^^^^
  File "C:\Users\User\AppData\Local\Programs\Python\Python312\Lib\site-packages\django\db\backends\utils.py", line 100, in _execute
    with self.db.wrap_database_errors:
  File "C:\Users\User\AppData\Local\Programs\Python\Python312\Lib\site-packages\django\db\utils.py", line 91, in __exit__
    raise dj_exc_value.with_traceback(traceback) from exc_value
  File "C:\Users\User\AppData\Local\Programs\Python\Python312\Lib\site-packages\django\db\backends\utils.py", line 105, in _execute
    return self.cursor.execute(sql, params)
           ^^^^^^^^^^^^^^^^^^^^^^^^^^^^^^^^
  File "C:\Users\User\AppData\Local\Programs\Python\Python312\Lib\site-packages\django\db\backends\sqlite3\base.py", line 329, in execute
    return super().execute(query, params)
           ^^^^^^^^^^^^^^^^^^^^^^^^^^^^^^
django.db.utils.OperationalError: database is locked
ERROR 2025-10-09 13:32:05,191 basehttp 9532 6240 "GET /docu-notification/api/notifications/ HTTP/1.1" 500 161326
INFO 2025-10-09 13:32:24,145 basehttp 9532 6240 "GET /docu-notification/ HTTP/1.1" 200 71545
INFO 2025-10-09 13:32:24,242 basehttp 9532 22056 "GET /docu-notification/api/notifications/ HTTP/1.1" 200 962
INFO 2025-10-09 13:32:24,260 basehttp 9532 6240 "GET /stock-declaration/api/notifications/ HTTP/1.1" 200 50
INFO 2025-10-09 13:37:20,187 basehttp 9532 6240 "GET /docu-notification/ HTTP/1.1" 200 71545
INFO 2025-10-09 13:37:20,252 basehttp 9532 22056 "GET /docu-notification/api/notifications/ HTTP/1.1" 200 962
INFO 2025-10-09 13:37:20,265 basehttp 9532 6240 "GET /stock-declaration/api/notifications/ HTTP/1.1" 200 50
INFO 2025-10-09 13:40:48,201 autoreload 9532 23484 C:\Users\User\Desktop\RPA\Website\PDN_Portal\pdnportal\docunotification\models.py changed, reloading.
INFO 2025-10-09 13:40:49,086 autoreload 19960 6076 Watching for file changes with StatReloader
INFO 2025-10-09 13:41:16,438 autoreload 19960 6076 C:\Users\User\Desktop\RPA\Website\PDN_Portal\pdnportal\docunotification\views.py changed, reloading.
INFO 2025-10-09 13:41:17,170 autoreload 23248 15716 Watching for file changes with StatReloader
INFO 2025-10-09 13:41:28,661 autoreload 23248 15716 C:\Users\User\Desktop\RPA\Website\PDN_Portal\pdnportal\docunotification\urls.py changed, reloading.
INFO 2025-10-09 13:41:29,442 autoreload 10736 21196 Watching for file changes with StatReloader
INFO 2025-10-09 13:42:17,320 autoreload 10736 21196 C:\Users\User\Desktop\RPA\Website\PDN_Portal\pdnportal\docunotification\views.py changed, reloading.
INFO 2025-10-09 13:42:18,122 autoreload 12408 16844 Watching for file changes with StatReloader
INFO 2025-10-09 13:42:20,311 basehttp 12408 22904 "GET /stock-declaration/api/notifications/ HTTP/1.1" 200 50
ERROR 2025-10-09 13:42:20,341 log 12408 6116 Internal Server Error: /docu-notification/api/notifications/
Traceback (most recent call last):
  File "C:\Users\User\AppData\Local\Programs\Python\Python312\Lib\site-packages\django\db\backends\utils.py", line 105, in _execute
    return self.cursor.execute(sql, params)
           ^^^^^^^^^^^^^^^^^^^^^^^^^^^^^^^^
  File "C:\Users\User\AppData\Local\Programs\Python\Python312\Lib\site-packages\django\db\backends\sqlite3\base.py", line 329, in execute
    return super().execute(query, params)
           ^^^^^^^^^^^^^^^^^^^^^^^^^^^^^^
sqlite3.OperationalError: no such table: docunotification_documentnotificationconfirmation

The above exception was the direct cause of the following exception:

Traceback (most recent call last):
  File "C:\Users\User\AppData\Local\Programs\Python\Python312\Lib\site-packages\django\core\handlers\exception.py", line 55, in inner
    response = get_response(request)
               ^^^^^^^^^^^^^^^^^^^^^
  File "C:\Users\User\AppData\Local\Programs\Python\Python312\Lib\site-packages\django\core\handlers\base.py", line 197, in _get_response
    response = wrapped_callback(request, *callback_args, **callback_kwargs)
               ^^^^^^^^^^^^^^^^^^^^^^^^^^^^^^^^^^^^^^^^^^^^^^^^^^^^^^^^^^^^
  File "C:\Users\User\Desktop\RPA\Website\PDN_Portal\pdnportal\docunotification\views.py", line 275, in document_notifications_api
    for recipient in recipients:
  File "C:\Users\User\AppData\Local\Programs\Python\Python312\Lib\site-packages\django\db\models\query.py", line 400, in __iter__
    self._fetch_all()
  File "C:\Users\User\AppData\Local\Programs\Python\Python312\Lib\site-packages\django\db\models\query.py", line 1928, in _fetch_all
    self._result_cache = list(self._iterable_class(self))
                         ^^^^^^^^^^^^^^^^^^^^^^^^^^^^^^^^
  File "C:\Users\User\AppData\Local\Programs\Python\Python312\Lib\site-packages\django\db\models\query.py", line 91, in __iter__
    results = compiler.execute_sql(
              ^^^^^^^^^^^^^^^^^^^^^
  File "C:\Users\User\AppData\Local\Programs\Python\Python312\Lib\site-packages\django\db\models\sql\compiler.py", line 1562, in execute_sql
    cursor.execute(sql, params)
  File "C:\Users\User\AppData\Local\Programs\Python\Python312\Lib\site-packages\django\db\backends\utils.py", line 122, in execute
    return super().execute(sql, params)
           ^^^^^^^^^^^^^^^^^^^^^^^^^^^^
  File "C:\Users\User\AppData\Local\Programs\Python\Python312\Lib\site-packages\django\db\backends\utils.py", line 79, in execute
    return self._execute_with_wrappers(
           ^^^^^^^^^^^^^^^^^^^^^^^^^^^^
  File "C:\Users\User\AppData\Local\Programs\Python\Python312\Lib\site-packages\django\db\backends\utils.py", line 92, in _execute_with_wrappers
    return executor(sql, params, many, context)
           ^^^^^^^^^^^^^^^^^^^^^^^^^^^^^^^^^^^^
  File "C:\Users\User\AppData\Local\Programs\Python\Python312\Lib\site-packages\django\db\backends\utils.py", line 100, in _execute
    with self.db.wrap_database_errors:
  File "C:\Users\User\AppData\Local\Programs\Python\Python312\Lib\site-packages\django\db\utils.py", line 91, in __exit__
    raise dj_exc_value.with_traceback(traceback) from exc_value
  File "C:\Users\User\AppData\Local\Programs\Python\Python312\Lib\site-packages\django\db\backends\utils.py", line 105, in _execute
    return self.cursor.execute(sql, params)
           ^^^^^^^^^^^^^^^^^^^^^^^^^^^^^^^^
  File "C:\Users\User\AppData\Local\Programs\Python\Python312\Lib\site-packages\django\db\backends\sqlite3\base.py", line 329, in execute
    return super().execute(query, params)
           ^^^^^^^^^^^^^^^^^^^^^^^^^^^^^^
django.db.utils.OperationalError: no such table: docunotification_documentnotificationconfirmation
ERROR 2025-10-09 13:42:20,357 basehttp 12408 6116 "GET /docu-notification/api/notifications/ HTTP/1.1" 500 192202
INFO 2025-10-09 13:49:38,327 basehttp 12408 11728 "GET /stock-declaration/api/notifications/ HTTP/1.1" 200 50
INFO 2025-10-09 13:49:38,417 basehttp 12408 11192 "GET /docu-notification/api/notifications/ HTTP/1.1" 200 962
INFO 2025-10-09 13:50:02,079 autoreload 12408 16844 C:\Users\User\Desktop\RPA\Website\PDN_Portal\pdnportal\docunotification\admin.py changed, reloading.
INFO 2025-10-09 13:50:02,914 autoreload 8324 11356 Watching for file changes with StatReloader
INFO 2025-10-09 13:50:13,266 autoreload 8324 11356 C:\Users\User\Desktop\RPA\Website\PDN_Portal\pdnportal\docunotification\admin.py changed, reloading.
INFO 2025-10-09 13:50:13,988 autoreload 25644 16044 Watching for file changes with StatReloader
INFO 2025-10-09 13:50:49,865 basehttp 25644 20248 "GET /docu-notification/ HTTP/1.1" 200 73264
INFO 2025-10-09 13:50:50,002 basehttp 25644 20248 "GET /stock-declaration/api/notifications/ HTTP/1.1" 200 50
ERROR 2025-10-09 13:50:50,139 log 25644 4304 Internal Server Error: /docu-notification/api/notifications/
Traceback (most recent call last):
  File "C:\Users\User\AppData\Local\Programs\Python\Python312\Lib\site-packages\django\db\backends\utils.py", line 105, in _execute
    return self.cursor.execute(sql, params)
           ^^^^^^^^^^^^^^^^^^^^^^^^^^^^^^^^
  File "C:\Users\User\AppData\Local\Programs\Python\Python312\Lib\site-packages\django\db\backends\sqlite3\base.py", line 329, in execute
    return super().execute(query, params)
           ^^^^^^^^^^^^^^^^^^^^^^^^^^^^^^
sqlite3.OperationalError: database is locked

The above exception was the direct cause of the following exception:

Traceback (most recent call last):
  File "C:\Users\User\AppData\Local\Programs\Python\Python312\Lib\site-packages\django\core\handlers\exception.py", line 55, in inner
    response = get_response(request)
               ^^^^^^^^^^^^^^^^^^^^^
  File "C:\Users\User\Desktop\RPA\Website\PDN_Portal\pdnportal\chat\middleware.py", line 14, in __call__
    UserOnlineStatus.objects.update_or_create(
  File "C:\Users\User\AppData\Local\Programs\Python\Python312\Lib\site-packages\django\db\models\manager.py", line 87, in manager_method
    return getattr(self.get_queryset(), name)(*args, **kwargs)
           ^^^^^^^^^^^^^^^^^^^^^^^^^^^^^^^^^^^^^^^^^^^^^^^^^^^
  File "C:\Users\User\AppData\Local\Programs\Python\Python312\Lib\site-packages\django\db\models\query.py", line 1009, in update_or_create
    obj.save(using=self.db, update_fields=update_fields)
  File "C:\Users\User\AppData\Local\Programs\Python\Python312\Lib\site-packages\django\db\models\base.py", line 822, in save
    self.save_base(
  File "C:\Users\User\AppData\Local\Programs\Python\Python312\Lib\site-packages\django\db\models\base.py", line 909, in save_base
    updated = self._save_table(
              ^^^^^^^^^^^^^^^^^
  File "C:\Users\User\AppData\Local\Programs\Python\Python312\Lib\site-packages\django\db\models\base.py", line 1036, in _save_table
    updated = self._do_update(
              ^^^^^^^^^^^^^^^^
  File "C:\Users\User\AppData\Local\Programs\Python\Python312\Lib\site-packages\django\db\models\base.py", line 1101, in _do_update
    return filtered._update(values) > 0
           ^^^^^^^^^^^^^^^^^^^^^^^^
  File "C:\Users\User\AppData\Local\Programs\Python\Python312\Lib\site-packages\django\db\models\query.py", line 1278, in _update
    return query.get_compiler(self.db).execute_sql(CURSOR)
           ^^^^^^^^^^^^^^^^^^^^^^^^^^^^^^^^^^^^^^^^^^^^^^^
  File "C:\Users\User\AppData\Local\Programs\Python\Python312\Lib\site-packages\django\db\models\sql\compiler.py", line 1990, in execute_sql
    cursor = super().execute_sql(result_type)
             ^^^^^^^^^^^^^^^^^^^^^^^^^^^^^^^^
  File "C:\Users\User\AppData\Local\Programs\Python\Python312\Lib\site-packages\django\db\models\sql\compiler.py", line 1562, in execute_sql
    cursor.execute(sql, params)
  File "C:\Users\User\AppData\Local\Programs\Python\Python312\Lib\site-packages\django\db\backends\utils.py", line 122, in execute
    return super().execute(sql, params)
           ^^^^^^^^^^^^^^^^^^^^^^^^^^^^
  File "C:\Users\User\AppData\Local\Programs\Python\Python312\Lib\site-packages\django\db\backends\utils.py", line 79, in execute
    return self._execute_with_wrappers(
           ^^^^^^^^^^^^^^^^^^^^^^^^^^^^
  File "C:\Users\User\AppData\Local\Programs\Python\Python312\Lib\site-packages\django\db\backends\utils.py", line 92, in _execute_with_wrappers
    return executor(sql, params, many, context)
           ^^^^^^^^^^^^^^^^^^^^^^^^^^^^^^^^^^^^
  File "C:\Users\User\AppData\Local\Programs\Python\Python312\Lib\site-packages\django\db\backends\utils.py", line 100, in _execute
    with self.db.wrap_database_errors:
  File "C:\Users\User\AppData\Local\Programs\Python\Python312\Lib\site-packages\django\db\utils.py", line 91, in __exit__
    raise dj_exc_value.with_traceback(traceback) from exc_value
  File "C:\Users\User\AppData\Local\Programs\Python\Python312\Lib\site-packages\django\db\backends\utils.py", line 105, in _execute
    return self.cursor.execute(sql, params)
           ^^^^^^^^^^^^^^^^^^^^^^^^^^^^^^^^
  File "C:\Users\User\AppData\Local\Programs\Python\Python312\Lib\site-packages\django\db\backends\sqlite3\base.py", line 329, in execute
    return super().execute(query, params)
           ^^^^^^^^^^^^^^^^^^^^^^^^^^^^^^
django.db.utils.OperationalError: database is locked
ERROR 2025-10-09 13:50:50,152 basehttp 25644 4304 "GET /docu-notification/api/notifications/ HTTP/1.1" 500 161332
INFO 2025-10-09 13:50:51,449 basehttp 25644 4304 "GET /docu-notification/ HTTP/1.1" 200 73264
INFO 2025-10-09 13:50:51,518 basehttp 25644 4304 "GET /stock-declaration/api/notifications/ HTTP/1.1" 200 50
INFO 2025-10-09 13:50:51,537 basehttp 25644 20248 "GET /docu-notification/api/notifications/ HTTP/1.1" 200 962
INFO 2025-10-09 13:50:55,055 basehttp 25644 20248 "GET /admin/docunotification/documentnotification/15/change/?_changelist_filters=o%3D9 HTTP/1.1" 200 71464
INFO 2025-10-09 13:50:55,105 basehttp 25644 20248 "GET /admin/jsi18n/ HTTP/1.1" 200 3342
INFO 2025-10-09 13:50:56,475 basehttp 25644 20248 "GET /admin/docunotification/documentnotificationconfirmation/ HTTP/1.1" 200 33171
INFO 2025-10-09 13:50:56,523 basehttp 25644 20248 "GET /admin/jsi18n/ HTTP/1.1" 200 3342
INFO 2025-10-09 13:51:06,135 basehttp 25644 20248 "GET /docu-notification/ HTTP/1.1" 200 73264
INFO 2025-10-09 13:51:06,199 basehttp 25644 4304 "GET /docu-notification/api/notifications/ HTTP/1.1" 200 962
INFO 2025-10-09 13:51:06,223 basehttp 25644 20248 "GET /stock-declaration/api/notifications/ HTTP/1.1" 200 50
INFO 2025-10-09 13:52:11,464 autoreload 25644 16044 C:\Users\User\Desktop\RPA\Website\PDN_Portal\pdnportal\docunotification\context_processors.py changed, reloading.
INFO 2025-10-09 13:52:12,441 autoreload 13892 16012 Watching for file changes with StatReloader
INFO 2025-10-09 13:52:14,590 basehttp 13892 1756 "GET /docu-notification/ HTTP/1.1" 200 73264
INFO 2025-10-09 13:52:14,627 basehttp 13892 1756 "GET /static/css/style-ver2.css HTTP/1.1" 200 12438
INFO 2025-10-09 13:52:14,633 basehttp 13892 19596 "GET /static/css/stockdeclaration/stockdeclaration.css HTTP/1.1" 200 3684
INFO 2025-10-09 13:52:14,633 basehttp 13892 16172 "GET /static/css/qualitycontrol/qualitycontrol.css HTTP/1.1" 200 9691
INFO 2025-10-09 13:52:14,634 basehttp 13892 1756 "GET /static/css/docunotification/docunotification.css HTTP/1.1" 200 8546
INFO 2025-10-09 13:52:14,635 basehttp 13892 11124 "GET /static/css/overview/overview.css HTTP/1.1" 200 33881
INFO 2025-10-09 13:52:14,635 basehttp 13892 23568 "GET /static/css/job-order.css HTTP/1.1" 200 39525
INFO 2025-10-09 13:52:14,641 basehttp 13892 19596 "GET /static/images/icons/amd%20(1).svg HTTP/1.1" 200 230
INFO 2025-10-09 13:52:14,645 basehttp 13892 16172 "GET /static/js/script2.js HTTP/1.1" 200 10849
INFO 2025-10-09 13:52:14,645 basehttp 13892 11124 "GET /static/js/docunotification/docunotification.js HTTP/1.1" 200 27343
INFO 2025-10-09 13:52:14,656 basehttp 13892 1756 "GET /media/profile/avatar8.png HTTP/1.1" 200 32718
INFO 2025-10-09 13:52:14,945 basehttp 13892 11124 "GET /docu-notification/api/notifications/ HTTP/1.1" 200 962
ERROR 2025-10-09 13:52:15,000 log 13892 1756 Internal Server Error: /stock-declaration/api/notifications/
Traceback (most recent call last):
  File "C:\Users\User\AppData\Local\Programs\Python\Python312\Lib\site-packages\django\db\backends\utils.py", line 105, in _execute
    return self.cursor.execute(sql, params)
           ^^^^^^^^^^^^^^^^^^^^^^^^^^^^^^^^
  File "C:\Users\User\AppData\Local\Programs\Python\Python312\Lib\site-packages\django\db\backends\sqlite3\base.py", line 329, in execute
    return super().execute(query, params)
           ^^^^^^^^^^^^^^^^^^^^^^^^^^^^^^
sqlite3.OperationalError: database is locked

The above exception was the direct cause of the following exception:

Traceback (most recent call last):
  File "C:\Users\User\AppData\Local\Programs\Python\Python312\Lib\site-packages\django\core\handlers\exception.py", line 55, in inner
    response = get_response(request)
               ^^^^^^^^^^^^^^^^^^^^^
  File "C:\Users\User\Desktop\RPA\Website\PDN_Portal\pdnportal\chat\middleware.py", line 14, in __call__
    UserOnlineStatus.objects.update_or_create(
  File "C:\Users\User\AppData\Local\Programs\Python\Python312\Lib\site-packages\django\db\models\manager.py", line 87, in manager_method
    return getattr(self.get_queryset(), name)(*args, **kwargs)
           ^^^^^^^^^^^^^^^^^^^^^^^^^^^^^^^^^^^^^^^^^^^^^^^^^^^
  File "C:\Users\User\AppData\Local\Programs\Python\Python312\Lib\site-packages\django\db\models\query.py", line 1009, in update_or_create
    obj.save(using=self.db, update_fields=update_fields)
  File "C:\Users\User\AppData\Local\Programs\Python\Python312\Lib\site-packages\django\db\models\base.py", line 822, in save
    self.save_base(
  File "C:\Users\User\AppData\Local\Programs\Python\Python312\Lib\site-packages\django\db\models\base.py", line 909, in save_base
    updated = self._save_table(
              ^^^^^^^^^^^^^^^^^
  File "C:\Users\User\AppData\Local\Programs\Python\Python312\Lib\site-packages\django\db\models\base.py", line 1036, in _save_table
    updated = self._do_update(
              ^^^^^^^^^^^^^^^^
  File "C:\Users\User\AppData\Local\Programs\Python\Python312\Lib\site-packages\django\db\models\base.py", line 1101, in _do_update
    return filtered._update(values) > 0
           ^^^^^^^^^^^^^^^^^^^^^^^^
  File "C:\Users\User\AppData\Local\Programs\Python\Python312\Lib\site-packages\django\db\models\query.py", line 1278, in _update
    return query.get_compiler(self.db).execute_sql(CURSOR)
           ^^^^^^^^^^^^^^^^^^^^^^^^^^^^^^^^^^^^^^^^^^^^^^^
  File "C:\Users\User\AppData\Local\Programs\Python\Python312\Lib\site-packages\django\db\models\sql\compiler.py", line 1990, in execute_sql
    cursor = super().execute_sql(result_type)
             ^^^^^^^^^^^^^^^^^^^^^^^^^^^^^^^^
  File "C:\Users\User\AppData\Local\Programs\Python\Python312\Lib\site-packages\django\db\models\sql\compiler.py", line 1562, in execute_sql
    cursor.execute(sql, params)
  File "C:\Users\User\AppData\Local\Programs\Python\Python312\Lib\site-packages\django\db\backends\utils.py", line 122, in execute
    return super().execute(sql, params)
           ^^^^^^^^^^^^^^^^^^^^^^^^^^^^
  File "C:\Users\User\AppData\Local\Programs\Python\Python312\Lib\site-packages\django\db\backends\utils.py", line 79, in execute
    return self._execute_with_wrappers(
           ^^^^^^^^^^^^^^^^^^^^^^^^^^^^
  File "C:\Users\User\AppData\Local\Programs\Python\Python312\Lib\site-packages\django\db\backends\utils.py", line 92, in _execute_with_wrappers
    return executor(sql, params, many, context)
           ^^^^^^^^^^^^^^^^^^^^^^^^^^^^^^^^^^^^
  File "C:\Users\User\AppData\Local\Programs\Python\Python312\Lib\site-packages\django\db\backends\utils.py", line 100, in _execute
    with self.db.wrap_database_errors:
  File "C:\Users\User\AppData\Local\Programs\Python\Python312\Lib\site-packages\django\db\utils.py", line 91, in __exit__
    raise dj_exc_value.with_traceback(traceback) from exc_value
  File "C:\Users\User\AppData\Local\Programs\Python\Python312\Lib\site-packages\django\db\backends\utils.py", line 105, in _execute
    return self.cursor.execute(sql, params)
           ^^^^^^^^^^^^^^^^^^^^^^^^^^^^^^^^
  File "C:\Users\User\AppData\Local\Programs\Python\Python312\Lib\site-packages\django\db\backends\sqlite3\base.py", line 329, in execute
    return super().execute(query, params)
           ^^^^^^^^^^^^^^^^^^^^^^^^^^^^^^
django.db.utils.OperationalError: database is locked
ERROR 2025-10-09 13:52:15,008 basehttp 13892 1756 "GET /stock-declaration/api/notifications/ HTTP/1.1" 500 161594
WARNING 2025-10-09 13:52:15,158 log 13892 1756 Not Found: /favicon.ico
WARNING 2025-10-09 13:52:15,158 basehttp 13892 1756 "GET /favicon.ico HTTP/1.1" 404 4790
INFO 2025-10-09 13:52:17,095 basehttp 13892 1756 "POST /docu-notification/api/confirm-notifications/ HTTP/1.1" 200 90
INFO 2025-10-09 13:52:17,119 basehttp 13892 1756 "GET /docu-notification/api/notifications/ HTTP/1.1" 200 50
INFO 2025-10-09 13:52:19,045 basehttp 13892 1756 "GET /docu-notification/ HTTP/1.1" 200 68366
INFO 2025-10-09 13:52:19,119 basehttp 13892 1756 "GET /stock-declaration/api/notifications/ HTTP/1.1" 200 50
ERROR 2025-10-09 13:52:19,166 log 13892 11124 Internal Server Error: /docu-notification/api/notifications/
Traceback (most recent call last):
  File "C:\Users\User\AppData\Local\Programs\Python\Python312\Lib\site-packages\django\db\backends\utils.py", line 105, in _execute
    return self.cursor.execute(sql, params)
           ^^^^^^^^^^^^^^^^^^^^^^^^^^^^^^^^
  File "C:\Users\User\AppData\Local\Programs\Python\Python312\Lib\site-packages\django\db\backends\sqlite3\base.py", line 329, in execute
    return super().execute(query, params)
           ^^^^^^^^^^^^^^^^^^^^^^^^^^^^^^
sqlite3.OperationalError: database is locked

The above exception was the direct cause of the following exception:

Traceback (most recent call last):
  File "C:\Users\User\AppData\Local\Programs\Python\Python312\Lib\site-packages\django\core\handlers\exception.py", line 55, in inner
    response = get_response(request)
               ^^^^^^^^^^^^^^^^^^^^^
  File "C:\Users\User\Desktop\RPA\Website\PDN_Portal\pdnportal\chat\middleware.py", line 14, in __call__
    UserOnlineStatus.objects.update_or_create(
  File "C:\Users\User\AppData\Local\Programs\Python\Python312\Lib\site-packages\django\db\models\manager.py", line 87, in manager_method
    return getattr(self.get_queryset(), name)(*args, **kwargs)
           ^^^^^^^^^^^^^^^^^^^^^^^^^^^^^^^^^^^^^^^^^^^^^^^^^^^
  File "C:\Users\User\AppData\Local\Programs\Python\Python312\Lib\site-packages\django\db\models\query.py", line 1009, in update_or_create
    obj.save(using=self.db, update_fields=update_fields)
  File "C:\Users\User\AppData\Local\Programs\Python\Python312\Lib\site-packages\django\db\models\base.py", line 822, in save
    self.save_base(
  File "C:\Users\User\AppData\Local\Programs\Python\Python312\Lib\site-packages\django\db\models\base.py", line 909, in save_base
    updated = self._save_table(
              ^^^^^^^^^^^^^^^^^
  File "C:\Users\User\AppData\Local\Programs\Python\Python312\Lib\site-packages\django\db\models\base.py", line 1036, in _save_table
    updated = self._do_update(
              ^^^^^^^^^^^^^^^^
  File "C:\Users\User\AppData\Local\Programs\Python\Python312\Lib\site-packages\django\db\models\base.py", line 1101, in _do_update
    return filtered._update(values) > 0
           ^^^^^^^^^^^^^^^^^^^^^^^^
  File "C:\Users\User\AppData\Local\Programs\Python\Python312\Lib\site-packages\django\db\models\query.py", line 1278, in _update
    return query.get_compiler(self.db).execute_sql(CURSOR)
           ^^^^^^^^^^^^^^^^^^^^^^^^^^^^^^^^^^^^^^^^^^^^^^^
  File "C:\Users\User\AppData\Local\Programs\Python\Python312\Lib\site-packages\django\db\models\sql\compiler.py", line 1990, in execute_sql
    cursor = super().execute_sql(result_type)
             ^^^^^^^^^^^^^^^^^^^^^^^^^^^^^^^^
  File "C:\Users\User\AppData\Local\Programs\Python\Python312\Lib\site-packages\django\db\models\sql\compiler.py", line 1562, in execute_sql
    cursor.execute(sql, params)
  File "C:\Users\User\AppData\Local\Programs\Python\Python312\Lib\site-packages\django\db\backends\utils.py", line 122, in execute
    return super().execute(sql, params)
           ^^^^^^^^^^^^^^^^^^^^^^^^^^^^
  File "C:\Users\User\AppData\Local\Programs\Python\Python312\Lib\site-packages\django\db\backends\utils.py", line 79, in execute
    return self._execute_with_wrappers(
           ^^^^^^^^^^^^^^^^^^^^^^^^^^^^
  File "C:\Users\User\AppData\Local\Programs\Python\Python312\Lib\site-packages\django\db\backends\utils.py", line 92, in _execute_with_wrappers
    return executor(sql, params, many, context)
           ^^^^^^^^^^^^^^^^^^^^^^^^^^^^^^^^^^^^
  File "C:\Users\User\AppData\Local\Programs\Python\Python312\Lib\site-packages\django\db\backends\utils.py", line 100, in _execute
    with self.db.wrap_database_errors:
  File "C:\Users\User\AppData\Local\Programs\Python\Python312\Lib\site-packages\django\db\utils.py", line 91, in __exit__
    raise dj_exc_value.with_traceback(traceback) from exc_value
  File "C:\Users\User\AppData\Local\Programs\Python\Python312\Lib\site-packages\django\db\backends\utils.py", line 105, in _execute
    return self.cursor.execute(sql, params)
           ^^^^^^^^^^^^^^^^^^^^^^^^^^^^^^^^
  File "C:\Users\User\AppData\Local\Programs\Python\Python312\Lib\site-packages\django\db\backends\sqlite3\base.py", line 329, in execute
    return super().execute(query, params)
           ^^^^^^^^^^^^^^^^^^^^^^^^^^^^^^
django.db.utils.OperationalError: database is locked
ERROR 2025-10-09 13:52:19,170 basehttp 13892 11124 "GET /docu-notification/api/notifications/ HTTP/1.1" 500 161332
INFO 2025-10-09 13:52:19,995 basehttp 13892 11124 "GET /docu-notification/ HTTP/1.1" 200 68366
INFO 2025-10-09 13:52:20,060 basehttp 13892 11124 "GET /stock-declaration/api/notifications/ HTTP/1.1" 200 50
INFO 2025-10-09 13:52:20,075 basehttp 13892 1756 "GET /docu-notification/api/notifications/ HTTP/1.1" 200 50
INFO 2025-10-09 13:54:14,004 basehttp 13892 1756 "GET /admin/docunotification/documentnotificationconfirmation/ HTTP/1.1" 200 35979
INFO 2025-10-09 13:54:14,046 basehttp 13892 1756 "GET /admin/jsi18n/ HTTP/1.1" 200 3342
INFO 2025-10-09 13:54:18,156 basehttp 13892 1756 "GET /docu-notification/ HTTP/1.1" 200 68366
INFO 2025-10-09 13:54:18,232 basehttp 13892 11124 "GET /docu-notification/api/notifications/ HTTP/1.1" 200 50
ERROR 2025-10-09 13:54:18,346 log 13892 1756 Internal Server Error: /stock-declaration/api/notifications/
Traceback (most recent call last):
  File "C:\Users\User\AppData\Local\Programs\Python\Python312\Lib\site-packages\django\db\backends\utils.py", line 105, in _execute
    return self.cursor.execute(sql, params)
           ^^^^^^^^^^^^^^^^^^^^^^^^^^^^^^^^
  File "C:\Users\User\AppData\Local\Programs\Python\Python312\Lib\site-packages\django\db\backends\sqlite3\base.py", line 329, in execute
    return super().execute(query, params)
           ^^^^^^^^^^^^^^^^^^^^^^^^^^^^^^
sqlite3.OperationalError: database is locked

The above exception was the direct cause of the following exception:

Traceback (most recent call last):
  File "C:\Users\User\AppData\Local\Programs\Python\Python312\Lib\site-packages\django\core\handlers\exception.py", line 55, in inner
    response = get_response(request)
               ^^^^^^^^^^^^^^^^^^^^^
  File "C:\Users\User\Desktop\RPA\Website\PDN_Portal\pdnportal\chat\middleware.py", line 14, in __call__
    UserOnlineStatus.objects.update_or_create(
  File "C:\Users\User\AppData\Local\Programs\Python\Python312\Lib\site-packages\django\db\models\manager.py", line 87, in manager_method
    return getattr(self.get_queryset(), name)(*args, **kwargs)
           ^^^^^^^^^^^^^^^^^^^^^^^^^^^^^^^^^^^^^^^^^^^^^^^^^^^
  File "C:\Users\User\AppData\Local\Programs\Python\Python312\Lib\site-packages\django\db\models\query.py", line 1009, in update_or_create
    obj.save(using=self.db, update_fields=update_fields)
  File "C:\Users\User\AppData\Local\Programs\Python\Python312\Lib\site-packages\django\db\models\base.py", line 822, in save
    self.save_base(
  File "C:\Users\User\AppData\Local\Programs\Python\Python312\Lib\site-packages\django\db\models\base.py", line 909, in save_base
    updated = self._save_table(
              ^^^^^^^^^^^^^^^^^
  File "C:\Users\User\AppData\Local\Programs\Python\Python312\Lib\site-packages\django\db\models\base.py", line 1036, in _save_table
    updated = self._do_update(
              ^^^^^^^^^^^^^^^^
  File "C:\Users\User\AppData\Local\Programs\Python\Python312\Lib\site-packages\django\db\models\base.py", line 1101, in _do_update
    return filtered._update(values) > 0
           ^^^^^^^^^^^^^^^^^^^^^^^^
  File "C:\Users\User\AppData\Local\Programs\Python\Python312\Lib\site-packages\django\db\models\query.py", line 1278, in _update
    return query.get_compiler(self.db).execute_sql(CURSOR)
           ^^^^^^^^^^^^^^^^^^^^^^^^^^^^^^^^^^^^^^^^^^^^^^^
  File "C:\Users\User\AppData\Local\Programs\Python\Python312\Lib\site-packages\django\db\models\sql\compiler.py", line 1990, in execute_sql
    cursor = super().execute_sql(result_type)
             ^^^^^^^^^^^^^^^^^^^^^^^^^^^^^^^^
  File "C:\Users\User\AppData\Local\Programs\Python\Python312\Lib\site-packages\django\db\models\sql\compiler.py", line 1562, in execute_sql
    cursor.execute(sql, params)
  File "C:\Users\User\AppData\Local\Programs\Python\Python312\Lib\site-packages\django\db\backends\utils.py", line 122, in execute
    return super().execute(sql, params)
           ^^^^^^^^^^^^^^^^^^^^^^^^^^^^
  File "C:\Users\User\AppData\Local\Programs\Python\Python312\Lib\site-packages\django\db\backends\utils.py", line 79, in execute
    return self._execute_with_wrappers(
           ^^^^^^^^^^^^^^^^^^^^^^^^^^^^
  File "C:\Users\User\AppData\Local\Programs\Python\Python312\Lib\site-packages\django\db\backends\utils.py", line 92, in _execute_with_wrappers
    return executor(sql, params, many, context)
           ^^^^^^^^^^^^^^^^^^^^^^^^^^^^^^^^^^^^
  File "C:\Users\User\AppData\Local\Programs\Python\Python312\Lib\site-packages\django\db\backends\utils.py", line 100, in _execute
    with self.db.wrap_database_errors:
  File "C:\Users\User\AppData\Local\Programs\Python\Python312\Lib\site-packages\django\db\utils.py", line 91, in __exit__
    raise dj_exc_value.with_traceback(traceback) from exc_value
  File "C:\Users\User\AppData\Local\Programs\Python\Python312\Lib\site-packages\django\db\backends\utils.py", line 105, in _execute
    return self.cursor.execute(sql, params)
           ^^^^^^^^^^^^^^^^^^^^^^^^^^^^^^^^
  File "C:\Users\User\AppData\Local\Programs\Python\Python312\Lib\site-packages\django\db\backends\sqlite3\base.py", line 329, in execute
    return super().execute(query, params)
           ^^^^^^^^^^^^^^^^^^^^^^^^^^^^^^
django.db.utils.OperationalError: database is locked
ERROR 2025-10-09 13:54:18,351 basehttp 13892 1756 "GET /stock-declaration/api/notifications/ HTTP/1.1" 500 161329
INFO 2025-10-09 13:55:00,446 basehttp 13892 1756 "POST /docu-notification/ HTTP/1.1" 200 81
INFO 2025-10-09 13:55:13,651 basehttp 13892 1756 "POST /docu-notification/ HTTP/1.1" 200 123
INFO 2025-10-09 13:55:16,499 basehttp 13892 1756 "POST /docu-notification/ HTTP/1.1" 200 62
INFO 2025-10-09 13:55:18,072 basehttp 13892 1756 "GET /docu-notification/ HTTP/1.1" 200 75367
INFO 2025-10-09 13:55:18,184 basehttp 13892 1756 "GET /stock-declaration/api/notifications/ HTTP/1.1" 200 50
ERROR 2025-10-09 13:55:18,230 log 13892 11124 Internal Server Error: /docu-notification/api/notifications/
Traceback (most recent call last):
  File "C:\Users\User\AppData\Local\Programs\Python\Python312\Lib\site-packages\django\db\backends\utils.py", line 105, in _execute
    return self.cursor.execute(sql, params)
           ^^^^^^^^^^^^^^^^^^^^^^^^^^^^^^^^
  File "C:\Users\User\AppData\Local\Programs\Python\Python312\Lib\site-packages\django\db\backends\sqlite3\base.py", line 329, in execute
    return super().execute(query, params)
           ^^^^^^^^^^^^^^^^^^^^^^^^^^^^^^
sqlite3.OperationalError: database is locked

The above exception was the direct cause of the following exception:

Traceback (most recent call last):
  File "C:\Users\User\AppData\Local\Programs\Python\Python312\Lib\site-packages\django\core\handlers\exception.py", line 55, in inner
    response = get_response(request)
               ^^^^^^^^^^^^^^^^^^^^^
  File "C:\Users\User\Desktop\RPA\Website\PDN_Portal\pdnportal\chat\middleware.py", line 14, in __call__
    UserOnlineStatus.objects.update_or_create(
  File "C:\Users\User\AppData\Local\Programs\Python\Python312\Lib\site-packages\django\db\models\manager.py", line 87, in manager_method
    return getattr(self.get_queryset(), name)(*args, **kwargs)
           ^^^^^^^^^^^^^^^^^^^^^^^^^^^^^^^^^^^^^^^^^^^^^^^^^^^
  File "C:\Users\User\AppData\Local\Programs\Python\Python312\Lib\site-packages\django\db\models\query.py", line 1009, in update_or_create
    obj.save(using=self.db, update_fields=update_fields)
  File "C:\Users\User\AppData\Local\Programs\Python\Python312\Lib\site-packages\django\db\models\base.py", line 822, in save
    self.save_base(
  File "C:\Users\User\AppData\Local\Programs\Python\Python312\Lib\site-packages\django\db\models\base.py", line 909, in save_base
    updated = self._save_table(
              ^^^^^^^^^^^^^^^^^
  File "C:\Users\User\AppData\Local\Programs\Python\Python312\Lib\site-packages\django\db\models\base.py", line 1036, in _save_table
    updated = self._do_update(
              ^^^^^^^^^^^^^^^^
  File "C:\Users\User\AppData\Local\Programs\Python\Python312\Lib\site-packages\django\db\models\base.py", line 1101, in _do_update
    return filtered._update(values) > 0
           ^^^^^^^^^^^^^^^^^^^^^^^^
  File "C:\Users\User\AppData\Local\Programs\Python\Python312\Lib\site-packages\django\db\models\query.py", line 1278, in _update
    return query.get_compiler(self.db).execute_sql(CURSOR)
           ^^^^^^^^^^^^^^^^^^^^^^^^^^^^^^^^^^^^^^^^^^^^^^^
  File "C:\Users\User\AppData\Local\Programs\Python\Python312\Lib\site-packages\django\db\models\sql\compiler.py", line 1990, in execute_sql
    cursor = super().execute_sql(result_type)
             ^^^^^^^^^^^^^^^^^^^^^^^^^^^^^^^^
  File "C:\Users\User\AppData\Local\Programs\Python\Python312\Lib\site-packages\django\db\models\sql\compiler.py", line 1562, in execute_sql
    cursor.execute(sql, params)
  File "C:\Users\User\AppData\Local\Programs\Python\Python312\Lib\site-packages\django\db\backends\utils.py", line 122, in execute
    return super().execute(sql, params)
           ^^^^^^^^^^^^^^^^^^^^^^^^^^^^
  File "C:\Users\User\AppData\Local\Programs\Python\Python312\Lib\site-packages\django\db\backends\utils.py", line 79, in execute
    return self._execute_with_wrappers(
           ^^^^^^^^^^^^^^^^^^^^^^^^^^^^
  File "C:\Users\User\AppData\Local\Programs\Python\Python312\Lib\site-packages\django\db\backends\utils.py", line 92, in _execute_with_wrappers
    return executor(sql, params, many, context)
           ^^^^^^^^^^^^^^^^^^^^^^^^^^^^^^^^^^^^
  File "C:\Users\User\AppData\Local\Programs\Python\Python312\Lib\site-packages\django\db\backends\utils.py", line 100, in _execute
    with self.db.wrap_database_errors:
  File "C:\Users\User\AppData\Local\Programs\Python\Python312\Lib\site-packages\django\db\utils.py", line 91, in __exit__
    raise dj_exc_value.with_traceback(traceback) from exc_value
  File "C:\Users\User\AppData\Local\Programs\Python\Python312\Lib\site-packages\django\db\backends\utils.py", line 105, in _execute
    return self.cursor.execute(sql, params)
           ^^^^^^^^^^^^^^^^^^^^^^^^^^^^^^^^
  File "C:\Users\User\AppData\Local\Programs\Python\Python312\Lib\site-packages\django\db\backends\sqlite3\base.py", line 329, in execute
    return super().execute(query, params)
           ^^^^^^^^^^^^^^^^^^^^^^^^^^^^^^
django.db.utils.OperationalError: database is locked
ERROR 2025-10-09 13:55:18,247 basehttp 13892 11124 "GET /docu-notification/api/notifications/ HTTP/1.1" 500 161332
INFO 2025-10-09 13:55:19,129 basehttp 13892 11124 "GET /docu-notification/ HTTP/1.1" 200 75367
INFO 2025-10-09 13:55:19,197 basehttp 13892 1756 "GET /docu-notification/api/notifications/ HTTP/1.1" 200 373
INFO 2025-10-09 13:55:19,224 basehttp 13892 11124 "GET /stock-declaration/api/notifications/ HTTP/1.1" 200 50
INFO 2025-10-09 13:55:29,898 basehttp 13892 11124 "POST /docu-notification/api/confirm-notifications/ HTTP/1.1" 200 90
INFO 2025-10-09 13:55:29,929 basehttp 13892 11124 "GET /docu-notification/api/notifications/ HTTP/1.1" 200 50
INFO 2025-10-09 13:55:31,755 basehttp 13892 11124 "GET /docu-notification/ HTTP/1.1" 200 72088
INFO 2025-10-09 13:55:31,846 basehttp 13892 1756 "GET /docu-notification/api/notifications/ HTTP/1.1" 200 50
ERROR 2025-10-09 13:55:31,968 log 13892 11124 Internal Server Error: /stock-declaration/api/notifications/
Traceback (most recent call last):
  File "C:\Users\User\AppData\Local\Programs\Python\Python312\Lib\site-packages\django\db\backends\utils.py", line 105, in _execute
    return self.cursor.execute(sql, params)
           ^^^^^^^^^^^^^^^^^^^^^^^^^^^^^^^^
  File "C:\Users\User\AppData\Local\Programs\Python\Python312\Lib\site-packages\django\db\backends\sqlite3\base.py", line 329, in execute
    return super().execute(query, params)
           ^^^^^^^^^^^^^^^^^^^^^^^^^^^^^^
sqlite3.OperationalError: database is locked

The above exception was the direct cause of the following exception:

Traceback (most recent call last):
  File "C:\Users\User\AppData\Local\Programs\Python\Python312\Lib\site-packages\django\core\handlers\exception.py", line 55, in inner
    response = get_response(request)
               ^^^^^^^^^^^^^^^^^^^^^
  File "C:\Users\User\Desktop\RPA\Website\PDN_Portal\pdnportal\chat\middleware.py", line 14, in __call__
    UserOnlineStatus.objects.update_or_create(
  File "C:\Users\User\AppData\Local\Programs\Python\Python312\Lib\site-packages\django\db\models\manager.py", line 87, in manager_method
    return getattr(self.get_queryset(), name)(*args, **kwargs)
           ^^^^^^^^^^^^^^^^^^^^^^^^^^^^^^^^^^^^^^^^^^^^^^^^^^^
  File "C:\Users\User\AppData\Local\Programs\Python\Python312\Lib\site-packages\django\db\models\query.py", line 1009, in update_or_create
    obj.save(using=self.db, update_fields=update_fields)
  File "C:\Users\User\AppData\Local\Programs\Python\Python312\Lib\site-packages\django\db\models\base.py", line 822, in save
    self.save_base(
  File "C:\Users\User\AppData\Local\Programs\Python\Python312\Lib\site-packages\django\db\models\base.py", line 909, in save_base
    updated = self._save_table(
              ^^^^^^^^^^^^^^^^^
  File "C:\Users\User\AppData\Local\Programs\Python\Python312\Lib\site-packages\django\db\models\base.py", line 1036, in _save_table
    updated = self._do_update(
              ^^^^^^^^^^^^^^^^
  File "C:\Users\User\AppData\Local\Programs\Python\Python312\Lib\site-packages\django\db\models\base.py", line 1101, in _do_update
    return filtered._update(values) > 0
           ^^^^^^^^^^^^^^^^^^^^^^^^
  File "C:\Users\User\AppData\Local\Programs\Python\Python312\Lib\site-packages\django\db\models\query.py", line 1278, in _update
    return query.get_compiler(self.db).execute_sql(CURSOR)
           ^^^^^^^^^^^^^^^^^^^^^^^^^^^^^^^^^^^^^^^^^^^^^^^
  File "C:\Users\User\AppData\Local\Programs\Python\Python312\Lib\site-packages\django\db\models\sql\compiler.py", line 1990, in execute_sql
    cursor = super().execute_sql(result_type)
             ^^^^^^^^^^^^^^^^^^^^^^^^^^^^^^^^
  File "C:\Users\User\AppData\Local\Programs\Python\Python312\Lib\site-packages\django\db\models\sql\compiler.py", line 1562, in execute_sql
    cursor.execute(sql, params)
  File "C:\Users\User\AppData\Local\Programs\Python\Python312\Lib\site-packages\django\db\backends\utils.py", line 122, in execute
    return super().execute(sql, params)
           ^^^^^^^^^^^^^^^^^^^^^^^^^^^^
  File "C:\Users\User\AppData\Local\Programs\Python\Python312\Lib\site-packages\django\db\backends\utils.py", line 79, in execute
    return self._execute_with_wrappers(
           ^^^^^^^^^^^^^^^^^^^^^^^^^^^^
  File "C:\Users\User\AppData\Local\Programs\Python\Python312\Lib\site-packages\django\db\backends\utils.py", line 92, in _execute_with_wrappers
    return executor(sql, params, many, context)
           ^^^^^^^^^^^^^^^^^^^^^^^^^^^^^^^^^^^^
  File "C:\Users\User\AppData\Local\Programs\Python\Python312\Lib\site-packages\django\db\backends\utils.py", line 100, in _execute
    with self.db.wrap_database_errors:
  File "C:\Users\User\AppData\Local\Programs\Python\Python312\Lib\site-packages\django\db\utils.py", line 91, in __exit__
    raise dj_exc_value.with_traceback(traceback) from exc_value
  File "C:\Users\User\AppData\Local\Programs\Python\Python312\Lib\site-packages\django\db\backends\utils.py", line 105, in _execute
    return self.cursor.execute(sql, params)
           ^^^^^^^^^^^^^^^^^^^^^^^^^^^^^^^^
  File "C:\Users\User\AppData\Local\Programs\Python\Python312\Lib\site-packages\django\db\backends\sqlite3\base.py", line 329, in execute
    return super().execute(query, params)
           ^^^^^^^^^^^^^^^^^^^^^^^^^^^^^^
django.db.utils.OperationalError: database is locked
ERROR 2025-10-09 13:55:31,994 basehttp 13892 11124 "GET /stock-declaration/api/notifications/ HTTP/1.1" 500 161329
INFO 2025-10-09 13:56:05,199 autoreload 13892 16012 C:\Users\User\Desktop\RPA\Website\PDN_Portal\pdnportal\docunotification\context_processors.py changed, reloading.
INFO 2025-10-09 13:56:06,091 autoreload 924 17892 Watching for file changes with StatReloader
INFO 2025-10-09 13:56:18,794 basehttp 924 23204 "GET /docu-notification/ HTTP/1.1" 200 72088
INFO 2025-10-09 13:56:18,851 basehttp 924 23204 "GET /static/css/style-ver2.css HTTP/1.1" 200 12438
INFO 2025-10-09 13:56:18,854 basehttp 924 5912 "GET /static/css/stockdeclaration/stockdeclaration.css HTTP/1.1" 200 3684
INFO 2025-10-09 13:56:18,854 basehttp 924 11908 "GET /static/css/overview/overview.css HTTP/1.1" 200 33881
INFO 2025-10-09 13:56:18,854 basehttp 924 1004 "GET /static/css/qualitycontrol/qualitycontrol.css HTTP/1.1" 200 9691
INFO 2025-10-09 13:56:18,855 basehttp 924 3496 "GET /static/css/docunotification/docunotification.css HTTP/1.1" 200 8546
INFO 2025-10-09 13:56:18,857 basehttp 924 12316 "GET /static/css/job-order.css HTTP/1.1" 200 39525
INFO 2025-10-09 13:56:18,859 basehttp 924 23204 "GET /static/images/icons/amd%20(1).svg HTTP/1.1" 200 230
INFO 2025-10-09 13:56:18,868 basehttp 924 3496 "GET /static/js/script2.js HTTP/1.1" 200 10849
INFO 2025-10-09 13:56:18,870 basehttp 924 1004 "GET /static/js/docunotification/docunotification.js HTTP/1.1" 200 27343
INFO 2025-10-09 13:56:18,880 basehttp 924 11908 "GET /media/profile/avatar8.png HTTP/1.1" 200 32718
INFO 2025-10-09 13:56:19,832 basehttp 924 1004 "GET /docu-notification/api/notifications/ HTTP/1.1" 200 50
WARNING 2025-10-09 13:56:19,846 log 924 3496 Not Found: /favicon.ico
WARNING 2025-10-09 13:56:19,847 basehttp 924 3496 "GET /favicon.ico HTTP/1.1" 404 4790
ERROR 2025-10-09 13:56:19,901 log 924 11908 Internal Server Error: /stock-declaration/api/notifications/
Traceback (most recent call last):
  File "C:\Users\User\AppData\Local\Programs\Python\Python312\Lib\site-packages\django\db\backends\utils.py", line 105, in _execute
    return self.cursor.execute(sql, params)
           ^^^^^^^^^^^^^^^^^^^^^^^^^^^^^^^^
  File "C:\Users\User\AppData\Local\Programs\Python\Python312\Lib\site-packages\django\db\backends\sqlite3\base.py", line 329, in execute
    return super().execute(query, params)
           ^^^^^^^^^^^^^^^^^^^^^^^^^^^^^^
sqlite3.OperationalError: database is locked

The above exception was the direct cause of the following exception:

Traceback (most recent call last):
  File "C:\Users\User\AppData\Local\Programs\Python\Python312\Lib\site-packages\django\core\handlers\exception.py", line 55, in inner
    response = get_response(request)
               ^^^^^^^^^^^^^^^^^^^^^
  File "C:\Users\User\Desktop\RPA\Website\PDN_Portal\pdnportal\chat\middleware.py", line 14, in __call__
    UserOnlineStatus.objects.update_or_create(
  File "C:\Users\User\AppData\Local\Programs\Python\Python312\Lib\site-packages\django\db\models\manager.py", line 87, in manager_method
    return getattr(self.get_queryset(), name)(*args, **kwargs)
           ^^^^^^^^^^^^^^^^^^^^^^^^^^^^^^^^^^^^^^^^^^^^^^^^^^^
  File "C:\Users\User\AppData\Local\Programs\Python\Python312\Lib\site-packages\django\db\models\query.py", line 1009, in update_or_create
    obj.save(using=self.db, update_fields=update_fields)
  File "C:\Users\User\AppData\Local\Programs\Python\Python312\Lib\site-packages\django\db\models\base.py", line 822, in save
    self.save_base(
  File "C:\Users\User\AppData\Local\Programs\Python\Python312\Lib\site-packages\django\db\models\base.py", line 909, in save_base
    updated = self._save_table(
              ^^^^^^^^^^^^^^^^^
  File "C:\Users\User\AppData\Local\Programs\Python\Python312\Lib\site-packages\django\db\models\base.py", line 1036, in _save_table
    updated = self._do_update(
              ^^^^^^^^^^^^^^^^
  File "C:\Users\User\AppData\Local\Programs\Python\Python312\Lib\site-packages\django\db\models\base.py", line 1101, in _do_update
    return filtered._update(values) > 0
           ^^^^^^^^^^^^^^^^^^^^^^^^
  File "C:\Users\User\AppData\Local\Programs\Python\Python312\Lib\site-packages\django\db\models\query.py", line 1278, in _update
    return query.get_compiler(self.db).execute_sql(CURSOR)
           ^^^^^^^^^^^^^^^^^^^^^^^^^^^^^^^^^^^^^^^^^^^^^^^
  File "C:\Users\User\AppData\Local\Programs\Python\Python312\Lib\site-packages\django\db\models\sql\compiler.py", line 1990, in execute_sql
    cursor = super().execute_sql(result_type)
             ^^^^^^^^^^^^^^^^^^^^^^^^^^^^^^^^
  File "C:\Users\User\AppData\Local\Programs\Python\Python312\Lib\site-packages\django\db\models\sql\compiler.py", line 1562, in execute_sql
    cursor.execute(sql, params)
  File "C:\Users\User\AppData\Local\Programs\Python\Python312\Lib\site-packages\django\db\backends\utils.py", line 122, in execute
    return super().execute(sql, params)
           ^^^^^^^^^^^^^^^^^^^^^^^^^^^^
  File "C:\Users\User\AppData\Local\Programs\Python\Python312\Lib\site-packages\django\db\backends\utils.py", line 79, in execute
    return self._execute_with_wrappers(
           ^^^^^^^^^^^^^^^^^^^^^^^^^^^^
  File "C:\Users\User\AppData\Local\Programs\Python\Python312\Lib\site-packages\django\db\backends\utils.py", line 92, in _execute_with_wrappers
    return executor(sql, params, many, context)
           ^^^^^^^^^^^^^^^^^^^^^^^^^^^^^^^^^^^^
  File "C:\Users\User\AppData\Local\Programs\Python\Python312\Lib\site-packages\django\db\backends\utils.py", line 100, in _execute
    with self.db.wrap_database_errors:
  File "C:\Users\User\AppData\Local\Programs\Python\Python312\Lib\site-packages\django\db\utils.py", line 91, in __exit__
    raise dj_exc_value.with_traceback(traceback) from exc_value
  File "C:\Users\User\AppData\Local\Programs\Python\Python312\Lib\site-packages\django\db\backends\utils.py", line 105, in _execute
    return self.cursor.execute(sql, params)
           ^^^^^^^^^^^^^^^^^^^^^^^^^^^^^^^^
  File "C:\Users\User\AppData\Local\Programs\Python\Python312\Lib\site-packages\django\db\backends\sqlite3\base.py", line 329, in execute
    return super().execute(query, params)
           ^^^^^^^^^^^^^^^^^^^^^^^^^^^^^^
django.db.utils.OperationalError: database is locked
ERROR 2025-10-09 13:56:19,910 basehttp 924 11908 "GET /stock-declaration/api/notifications/ HTTP/1.1" 500 161594
INFO 2025-10-09 13:57:03,962 basehttp 924 11908 "GET /docu-notification/ HTTP/1.1" 200 72088
INFO 2025-10-09 13:57:04,070 basehttp 924 11908 "GET /stock-declaration/api/notifications/ HTTP/1.1" 200 50
ERROR 2025-10-09 13:57:04,147 log 924 3496 Internal Server Error: /docu-notification/api/notifications/
Traceback (most recent call last):
  File "C:\Users\User\AppData\Local\Programs\Python\Python312\Lib\site-packages\django\db\backends\utils.py", line 105, in _execute
    return self.cursor.execute(sql, params)
           ^^^^^^^^^^^^^^^^^^^^^^^^^^^^^^^^
  File "C:\Users\User\AppData\Local\Programs\Python\Python312\Lib\site-packages\django\db\backends\sqlite3\base.py", line 329, in execute
    return super().execute(query, params)
           ^^^^^^^^^^^^^^^^^^^^^^^^^^^^^^
sqlite3.OperationalError: database is locked

The above exception was the direct cause of the following exception:

Traceback (most recent call last):
  File "C:\Users\User\AppData\Local\Programs\Python\Python312\Lib\site-packages\django\core\handlers\exception.py", line 55, in inner
    response = get_response(request)
               ^^^^^^^^^^^^^^^^^^^^^
  File "C:\Users\User\Desktop\RPA\Website\PDN_Portal\pdnportal\chat\middleware.py", line 14, in __call__
    UserOnlineStatus.objects.update_or_create(
  File "C:\Users\User\AppData\Local\Programs\Python\Python312\Lib\site-packages\django\db\models\manager.py", line 87, in manager_method
    return getattr(self.get_queryset(), name)(*args, **kwargs)
           ^^^^^^^^^^^^^^^^^^^^^^^^^^^^^^^^^^^^^^^^^^^^^^^^^^^
  File "C:\Users\User\AppData\Local\Programs\Python\Python312\Lib\site-packages\django\db\models\query.py", line 1009, in update_or_create
    obj.save(using=self.db, update_fields=update_fields)
  File "C:\Users\User\AppData\Local\Programs\Python\Python312\Lib\site-packages\django\db\models\base.py", line 822, in save
    self.save_base(
  File "C:\Users\User\AppData\Local\Programs\Python\Python312\Lib\site-packages\django\db\models\base.py", line 909, in save_base
    updated = self._save_table(
              ^^^^^^^^^^^^^^^^^
  File "C:\Users\User\AppData\Local\Programs\Python\Python312\Lib\site-packages\django\db\models\base.py", line 1036, in _save_table
    updated = self._do_update(
              ^^^^^^^^^^^^^^^^
  File "C:\Users\User\AppData\Local\Programs\Python\Python312\Lib\site-packages\django\db\models\base.py", line 1101, in _do_update
    return filtered._update(values) > 0
           ^^^^^^^^^^^^^^^^^^^^^^^^
  File "C:\Users\User\AppData\Local\Programs\Python\Python312\Lib\site-packages\django\db\models\query.py", line 1278, in _update
    return query.get_compiler(self.db).execute_sql(CURSOR)
           ^^^^^^^^^^^^^^^^^^^^^^^^^^^^^^^^^^^^^^^^^^^^^^^
  File "C:\Users\User\AppData\Local\Programs\Python\Python312\Lib\site-packages\django\db\models\sql\compiler.py", line 1990, in execute_sql
    cursor = super().execute_sql(result_type)
             ^^^^^^^^^^^^^^^^^^^^^^^^^^^^^^^^
  File "C:\Users\User\AppData\Local\Programs\Python\Python312\Lib\site-packages\django\db\models\sql\compiler.py", line 1562, in execute_sql
    cursor.execute(sql, params)
  File "C:\Users\User\AppData\Local\Programs\Python\Python312\Lib\site-packages\django\db\backends\utils.py", line 122, in execute
    return super().execute(sql, params)
           ^^^^^^^^^^^^^^^^^^^^^^^^^^^^
  File "C:\Users\User\AppData\Local\Programs\Python\Python312\Lib\site-packages\django\db\backends\utils.py", line 79, in execute
    return self._execute_with_wrappers(
           ^^^^^^^^^^^^^^^^^^^^^^^^^^^^
  File "C:\Users\User\AppData\Local\Programs\Python\Python312\Lib\site-packages\django\db\backends\utils.py", line 92, in _execute_with_wrappers
    return executor(sql, params, many, context)
           ^^^^^^^^^^^^^^^^^^^^^^^^^^^^^^^^^^^^
  File "C:\Users\User\AppData\Local\Programs\Python\Python312\Lib\site-packages\django\db\backends\utils.py", line 100, in _execute
    with self.db.wrap_database_errors:
  File "C:\Users\User\AppData\Local\Programs\Python\Python312\Lib\site-packages\django\db\utils.py", line 91, in __exit__
    raise dj_exc_value.with_traceback(traceback) from exc_value
  File "C:\Users\User\AppData\Local\Programs\Python\Python312\Lib\site-packages\django\db\backends\utils.py", line 105, in _execute
    return self.cursor.execute(sql, params)
           ^^^^^^^^^^^^^^^^^^^^^^^^^^^^^^^^
  File "C:\Users\User\AppData\Local\Programs\Python\Python312\Lib\site-packages\django\db\backends\sqlite3\base.py", line 329, in execute
    return super().execute(query, params)
           ^^^^^^^^^^^^^^^^^^^^^^^^^^^^^^
django.db.utils.OperationalError: database is locked
ERROR 2025-10-09 13:57:04,153 basehttp 924 3496 "GET /docu-notification/api/notifications/ HTTP/1.1" 500 161326
WARNING 2025-10-09 13:57:45,187 log 924 3496 Not Found: /.well-known/appspecific/com.chrome.devtools.json
WARNING 2025-10-09 13:57:45,187 basehttp 924 3496 "GET /.well-known/appspecific/com.chrome.devtools.json HTTP/1.1" 404 4901
INFO 2025-10-09 13:57:49,648 basehttp 924 3496 "GET /docu-notification/ HTTP/1.1" 200 72088
WARNING 2025-10-09 13:57:49,703 log 924 3496 Not Found: /.well-known/appspecific/com.chrome.devtools.json
WARNING 2025-10-09 13:57:49,703 basehttp 924 3496 "GET /.well-known/appspecific/com.chrome.devtools.json HTTP/1.1" 404 4901
INFO 2025-10-09 13:57:49,833 basehttp 924 11908 "GET /docu-notification/api/notifications/ HTTP/1.1" 200 50
INFO 2025-10-09 13:57:49,849 basehttp 924 3496 "GET /stock-declaration/api/notifications/ HTTP/1.1" 200 50
INFO 2025-10-09 14:00:33,673 basehttp 924 3496 "POST /docu-notification/ HTTP/1.1" 200 62
INFO 2025-10-09 14:00:35,254 basehttp 924 3496 "GET /docu-notification/ HTTP/1.1" 200 76040
INFO 2025-10-09 14:00:35,323 basehttp 924 11908 "GET /docu-notification/api/notifications/ HTTP/1.1" 200 50
ERROR 2025-10-09 14:00:35,405 log 924 3496 Internal Server Error: /stock-declaration/api/notifications/
Traceback (most recent call last):
  File "C:\Users\User\AppData\Local\Programs\Python\Python312\Lib\site-packages\django\db\backends\utils.py", line 105, in _execute
    return self.cursor.execute(sql, params)
           ^^^^^^^^^^^^^^^^^^^^^^^^^^^^^^^^
  File "C:\Users\User\AppData\Local\Programs\Python\Python312\Lib\site-packages\django\db\backends\sqlite3\base.py", line 329, in execute
    return super().execute(query, params)
           ^^^^^^^^^^^^^^^^^^^^^^^^^^^^^^
sqlite3.OperationalError: database is locked

The above exception was the direct cause of the following exception:

Traceback (most recent call last):
  File "C:\Users\User\AppData\Local\Programs\Python\Python312\Lib\site-packages\django\core\handlers\exception.py", line 55, in inner
    response = get_response(request)
               ^^^^^^^^^^^^^^^^^^^^^
  File "C:\Users\User\Desktop\RPA\Website\PDN_Portal\pdnportal\chat\middleware.py", line 14, in __call__
    UserOnlineStatus.objects.update_or_create(
  File "C:\Users\User\AppData\Local\Programs\Python\Python312\Lib\site-packages\django\db\models\manager.py", line 87, in manager_method
    return getattr(self.get_queryset(), name)(*args, **kwargs)
           ^^^^^^^^^^^^^^^^^^^^^^^^^^^^^^^^^^^^^^^^^^^^^^^^^^^
  File "C:\Users\User\AppData\Local\Programs\Python\Python312\Lib\site-packages\django\db\models\query.py", line 1009, in update_or_create
    obj.save(using=self.db, update_fields=update_fields)
  File "C:\Users\User\AppData\Local\Programs\Python\Python312\Lib\site-packages\django\db\models\base.py", line 822, in save
    self.save_base(
  File "C:\Users\User\AppData\Local\Programs\Python\Python312\Lib\site-packages\django\db\models\base.py", line 909, in save_base
    updated = self._save_table(
              ^^^^^^^^^^^^^^^^^
  File "C:\Users\User\AppData\Local\Programs\Python\Python312\Lib\site-packages\django\db\models\base.py", line 1036, in _save_table
    updated = self._do_update(
              ^^^^^^^^^^^^^^^^
  File "C:\Users\User\AppData\Local\Programs\Python\Python312\Lib\site-packages\django\db\models\base.py", line 1101, in _do_update
    return filtered._update(values) > 0
           ^^^^^^^^^^^^^^^^^^^^^^^^
  File "C:\Users\User\AppData\Local\Programs\Python\Python312\Lib\site-packages\django\db\models\query.py", line 1278, in _update
    return query.get_compiler(self.db).execute_sql(CURSOR)
           ^^^^^^^^^^^^^^^^^^^^^^^^^^^^^^^^^^^^^^^^^^^^^^^
  File "C:\Users\User\AppData\Local\Programs\Python\Python312\Lib\site-packages\django\db\models\sql\compiler.py", line 1990, in execute_sql
    cursor = super().execute_sql(result_type)
             ^^^^^^^^^^^^^^^^^^^^^^^^^^^^^^^^
  File "C:\Users\User\AppData\Local\Programs\Python\Python312\Lib\site-packages\django\db\models\sql\compiler.py", line 1562, in execute_sql
    cursor.execute(sql, params)
  File "C:\Users\User\AppData\Local\Programs\Python\Python312\Lib\site-packages\django\db\backends\utils.py", line 122, in execute
    return super().execute(sql, params)
           ^^^^^^^^^^^^^^^^^^^^^^^^^^^^
  File "C:\Users\User\AppData\Local\Programs\Python\Python312\Lib\site-packages\django\db\backends\utils.py", line 79, in execute
    return self._execute_with_wrappers(
           ^^^^^^^^^^^^^^^^^^^^^^^^^^^^
  File "C:\Users\User\AppData\Local\Programs\Python\Python312\Lib\site-packages\django\db\backends\utils.py", line 92, in _execute_with_wrappers
    return executor(sql, params, many, context)
           ^^^^^^^^^^^^^^^^^^^^^^^^^^^^^^^^^^^^
  File "C:\Users\User\AppData\Local\Programs\Python\Python312\Lib\site-packages\django\db\backends\utils.py", line 100, in _execute
    with self.db.wrap_database_errors:
  File "C:\Users\User\AppData\Local\Programs\Python\Python312\Lib\site-packages\django\db\utils.py", line 91, in __exit__
    raise dj_exc_value.with_traceback(traceback) from exc_value
  File "C:\Users\User\AppData\Local\Programs\Python\Python312\Lib\site-packages\django\db\backends\utils.py", line 105, in _execute
    return self.cursor.execute(sql, params)
           ^^^^^^^^^^^^^^^^^^^^^^^^^^^^^^^^
  File "C:\Users\User\AppData\Local\Programs\Python\Python312\Lib\site-packages\django\db\backends\sqlite3\base.py", line 329, in execute
    return super().execute(query, params)
           ^^^^^^^^^^^^^^^^^^^^^^^^^^^^^^
django.db.utils.OperationalError: database is locked
ERROR 2025-10-09 14:00:35,422 basehttp 924 3496 "GET /stock-declaration/api/notifications/ HTTP/1.1" 500 161326
INFO 2025-10-09 14:02:02,942 autoreload 924 17892 C:\Users\User\Desktop\RPA\Website\PDN_Portal\pdnportal\docunotification\forms.py changed, reloading.
INFO 2025-10-09 14:02:03,683 autoreload 25536 24328 Watching for file changes with StatReloader
INFO 2025-10-09 14:03:48,811 autoreload 25536 24328 C:\Users\User\Desktop\RPA\Website\PDN_Portal\pdnportal\pdnportal\settings.py changed, reloading.
INFO 2025-10-09 14:03:49,385 autoreload 19316 1868 Watching for file changes with StatReloader
INFO 2025-10-09 14:03:51,831 autoreload 19316 1868 C:\Users\User\Desktop\RPA\Website\PDN_Portal\pdnportal\pdnportal\settings.py changed, reloading.
INFO 2025-10-09 14:03:52,618 autoreload 4324 16680 Watching for file changes with StatReloader
INFO 2025-10-09 14:04:16,633 autoreload 4324 16680 C:\Users\User\Desktop\RPA\Website\PDN_Portal\pdnportal\docunotification\forms.py changed, reloading.
INFO 2025-10-09 14:04:17,443 autoreload 25812 13156 Watching for file changes with StatReloader
INFO 2025-10-09 14:04:19,593 basehttp 25812 22064 "GET /docu-notification/ HTTP/1.1" 200 76040
INFO 2025-10-09 14:04:19,679 basehttp 25812 5708 "GET /docu-notification/api/notifications/ HTTP/1.1" 200 50
INFO 2025-10-09 14:04:19,700 basehttp 25812 22064 "GET /stock-declaration/api/notifications/ HTTP/1.1" 200 50
INFO 2025-10-09 14:04:46,502 basehttp 25812 22064 "POST /docu-notification/ HTTP/1.1" 200 62
INFO 2025-10-09 14:04:48,103 basehttp 25812 22064 "GET /docu-notification/ HTTP/1.1" 200 80040
INFO 2025-10-09 14:04:48,202 basehttp 25812 22064 "GET /stock-declaration/api/notifications/ HTTP/1.1" 200 50
ERROR 2025-10-09 14:04:48,355 log 25812 5708 Internal Server Error: /docu-notification/api/notifications/
Traceback (most recent call last):
  File "C:\Users\User\AppData\Local\Programs\Python\Python312\Lib\site-packages\django\db\backends\utils.py", line 105, in _execute
    return self.cursor.execute(sql, params)
           ^^^^^^^^^^^^^^^^^^^^^^^^^^^^^^^^
  File "C:\Users\User\AppData\Local\Programs\Python\Python312\Lib\site-packages\django\db\backends\sqlite3\base.py", line 329, in execute
    return super().execute(query, params)
           ^^^^^^^^^^^^^^^^^^^^^^^^^^^^^^
sqlite3.OperationalError: database is locked

The above exception was the direct cause of the following exception:

Traceback (most recent call last):
  File "C:\Users\User\AppData\Local\Programs\Python\Python312\Lib\site-packages\django\core\handlers\exception.py", line 55, in inner
    response = get_response(request)
               ^^^^^^^^^^^^^^^^^^^^^
  File "C:\Users\User\Desktop\RPA\Website\PDN_Portal\pdnportal\chat\middleware.py", line 14, in __call__
    UserOnlineStatus.objects.update_or_create(
  File "C:\Users\User\AppData\Local\Programs\Python\Python312\Lib\site-packages\django\db\models\manager.py", line 87, in manager_method
    return getattr(self.get_queryset(), name)(*args, **kwargs)
           ^^^^^^^^^^^^^^^^^^^^^^^^^^^^^^^^^^^^^^^^^^^^^^^^^^^
  File "C:\Users\User\AppData\Local\Programs\Python\Python312\Lib\site-packages\django\db\models\query.py", line 1009, in update_or_create
    obj.save(using=self.db, update_fields=update_fields)
  File "C:\Users\User\AppData\Local\Programs\Python\Python312\Lib\site-packages\django\db\models\base.py", line 822, in save
    self.save_base(
  File "C:\Users\User\AppData\Local\Programs\Python\Python312\Lib\site-packages\django\db\models\base.py", line 909, in save_base
    updated = self._save_table(
              ^^^^^^^^^^^^^^^^^
  File "C:\Users\User\AppData\Local\Programs\Python\Python312\Lib\site-packages\django\db\models\base.py", line 1036, in _save_table
    updated = self._do_update(
              ^^^^^^^^^^^^^^^^
  File "C:\Users\User\AppData\Local\Programs\Python\Python312\Lib\site-packages\django\db\models\base.py", line 1101, in _do_update
    return filtered._update(values) > 0
           ^^^^^^^^^^^^^^^^^^^^^^^^
  File "C:\Users\User\AppData\Local\Programs\Python\Python312\Lib\site-packages\django\db\models\query.py", line 1278, in _update
    return query.get_compiler(self.db).execute_sql(CURSOR)
           ^^^^^^^^^^^^^^^^^^^^^^^^^^^^^^^^^^^^^^^^^^^^^^^
  File "C:\Users\User\AppData\Local\Programs\Python\Python312\Lib\site-packages\django\db\models\sql\compiler.py", line 1990, in execute_sql
    cursor = super().execute_sql(result_type)
             ^^^^^^^^^^^^^^^^^^^^^^^^^^^^^^^^
  File "C:\Users\User\AppData\Local\Programs\Python\Python312\Lib\site-packages\django\db\models\sql\compiler.py", line 1562, in execute_sql
    cursor.execute(sql, params)
  File "C:\Users\User\AppData\Local\Programs\Python\Python312\Lib\site-packages\django\db\backends\utils.py", line 122, in execute
    return super().execute(sql, params)
           ^^^^^^^^^^^^^^^^^^^^^^^^^^^^
  File "C:\Users\User\AppData\Local\Programs\Python\Python312\Lib\site-packages\django\db\backends\utils.py", line 79, in execute
    return self._execute_with_wrappers(
           ^^^^^^^^^^^^^^^^^^^^^^^^^^^^
  File "C:\Users\User\AppData\Local\Programs\Python\Python312\Lib\site-packages\django\db\backends\utils.py", line 92, in _execute_with_wrappers
    return executor(sql, params, many, context)
           ^^^^^^^^^^^^^^^^^^^^^^^^^^^^^^^^^^^^
  File "C:\Users\User\AppData\Local\Programs\Python\Python312\Lib\site-packages\django\db\backends\utils.py", line 100, in _execute
    with self.db.wrap_database_errors:
  File "C:\Users\User\AppData\Local\Programs\Python\Python312\Lib\site-packages\django\db\utils.py", line 91, in __exit__
    raise dj_exc_value.with_traceback(traceback) from exc_value
  File "C:\Users\User\AppData\Local\Programs\Python\Python312\Lib\site-packages\django\db\backends\utils.py", line 105, in _execute
    return self.cursor.execute(sql, params)
           ^^^^^^^^^^^^^^^^^^^^^^^^^^^^^^^^
  File "C:\Users\User\AppData\Local\Programs\Python\Python312\Lib\site-packages\django\db\backends\sqlite3\base.py", line 329, in execute
    return super().execute(query, params)
           ^^^^^^^^^^^^^^^^^^^^^^^^^^^^^^
django.db.utils.OperationalError: database is locked
ERROR 2025-10-09 14:04:48,367 basehttp 25812 5708 "GET /docu-notification/api/notifications/ HTTP/1.1" 500 161243
INFO 2025-10-09 14:09:48,237 basehttp 25812 22064 "GET /docu-notification/api/notifications/ HTTP/1.1" 200 50
ERROR 2025-10-09 14:09:48,382 log 25812 5708 Internal Server Error: /stock-declaration/api/notifications/
Traceback (most recent call last):
  File "C:\Users\User\AppData\Local\Programs\Python\Python312\Lib\site-packages\django\db\backends\utils.py", line 105, in _execute
    return self.cursor.execute(sql, params)
           ^^^^^^^^^^^^^^^^^^^^^^^^^^^^^^^^
  File "C:\Users\User\AppData\Local\Programs\Python\Python312\Lib\site-packages\django\db\backends\sqlite3\base.py", line 329, in execute
    return super().execute(query, params)
           ^^^^^^^^^^^^^^^^^^^^^^^^^^^^^^
sqlite3.OperationalError: database is locked

The above exception was the direct cause of the following exception:

Traceback (most recent call last):
  File "C:\Users\User\AppData\Local\Programs\Python\Python312\Lib\site-packages\django\core\handlers\exception.py", line 55, in inner
    response = get_response(request)
               ^^^^^^^^^^^^^^^^^^^^^
  File "C:\Users\User\Desktop\RPA\Website\PDN_Portal\pdnportal\chat\middleware.py", line 14, in __call__
    UserOnlineStatus.objects.update_or_create(
  File "C:\Users\User\AppData\Local\Programs\Python\Python312\Lib\site-packages\django\db\models\manager.py", line 87, in manager_method
    return getattr(self.get_queryset(), name)(*args, **kwargs)
           ^^^^^^^^^^^^^^^^^^^^^^^^^^^^^^^^^^^^^^^^^^^^^^^^^^^
  File "C:\Users\User\AppData\Local\Programs\Python\Python312\Lib\site-packages\django\db\models\query.py", line 1009, in update_or_create
    obj.save(using=self.db, update_fields=update_fields)
  File "C:\Users\User\AppData\Local\Programs\Python\Python312\Lib\site-packages\django\db\models\base.py", line 822, in save
    self.save_base(
  File "C:\Users\User\AppData\Local\Programs\Python\Python312\Lib\site-packages\django\db\models\base.py", line 909, in save_base
    updated = self._save_table(
              ^^^^^^^^^^^^^^^^^
  File "C:\Users\User\AppData\Local\Programs\Python\Python312\Lib\site-packages\django\db\models\base.py", line 1036, in _save_table
    updated = self._do_update(
              ^^^^^^^^^^^^^^^^
  File "C:\Users\User\AppData\Local\Programs\Python\Python312\Lib\site-packages\django\db\models\base.py", line 1101, in _do_update
    return filtered._update(values) > 0
           ^^^^^^^^^^^^^^^^^^^^^^^^
  File "C:\Users\User\AppData\Local\Programs\Python\Python312\Lib\site-packages\django\db\models\query.py", line 1278, in _update
    return query.get_compiler(self.db).execute_sql(CURSOR)
           ^^^^^^^^^^^^^^^^^^^^^^^^^^^^^^^^^^^^^^^^^^^^^^^
  File "C:\Users\User\AppData\Local\Programs\Python\Python312\Lib\site-packages\django\db\models\sql\compiler.py", line 1990, in execute_sql
    cursor = super().execute_sql(result_type)
             ^^^^^^^^^^^^^^^^^^^^^^^^^^^^^^^^
  File "C:\Users\User\AppData\Local\Programs\Python\Python312\Lib\site-packages\django\db\models\sql\compiler.py", line 1562, in execute_sql
    cursor.execute(sql, params)
  File "C:\Users\User\AppData\Local\Programs\Python\Python312\Lib\site-packages\django\db\backends\utils.py", line 122, in execute
    return super().execute(sql, params)
           ^^^^^^^^^^^^^^^^^^^^^^^^^^^^
  File "C:\Users\User\AppData\Local\Programs\Python\Python312\Lib\site-packages\django\db\backends\utils.py", line 79, in execute
    return self._execute_with_wrappers(
           ^^^^^^^^^^^^^^^^^^^^^^^^^^^^
  File "C:\Users\User\AppData\Local\Programs\Python\Python312\Lib\site-packages\django\db\backends\utils.py", line 92, in _execute_with_wrappers
    return executor(sql, params, many, context)
           ^^^^^^^^^^^^^^^^^^^^^^^^^^^^^^^^^^^^
  File "C:\Users\User\AppData\Local\Programs\Python\Python312\Lib\site-packages\django\db\backends\utils.py", line 100, in _execute
    with self.db.wrap_database_errors:
  File "C:\Users\User\AppData\Local\Programs\Python\Python312\Lib\site-packages\django\db\utils.py", line 91, in __exit__
    raise dj_exc_value.with_traceback(traceback) from exc_value
  File "C:\Users\User\AppData\Local\Programs\Python\Python312\Lib\site-packages\django\db\backends\utils.py", line 105, in _execute
    return self.cursor.execute(sql, params)
           ^^^^^^^^^^^^^^^^^^^^^^^^^^^^^^^^
  File "C:\Users\User\AppData\Local\Programs\Python\Python312\Lib\site-packages\django\db\backends\sqlite3\base.py", line 329, in execute
    return super().execute(query, params)
           ^^^^^^^^^^^^^^^^^^^^^^^^^^^^^^
django.db.utils.OperationalError: database is locked
ERROR 2025-10-09 14:09:48,389 basehttp 25812 5708 "GET /stock-declaration/api/notifications/ HTTP/1.1" 500 161240
INFO 2025-10-09 14:13:25,574 basehttp 25812 14996 "GET /docu-notification/ HTTP/1.1" 200 80040
INFO 2025-10-09 14:13:25,661 basehttp 25812 14996 "GET /stock-declaration/api/notifications/ HTTP/1.1" 200 50
ERROR 2025-10-09 14:13:25,725 log 25812 20660 Internal Server Error: /docu-notification/api/notifications/
Traceback (most recent call last):
  File "C:\Users\User\AppData\Local\Programs\Python\Python312\Lib\site-packages\django\db\backends\utils.py", line 105, in _execute
    return self.cursor.execute(sql, params)
           ^^^^^^^^^^^^^^^^^^^^^^^^^^^^^^^^
  File "C:\Users\User\AppData\Local\Programs\Python\Python312\Lib\site-packages\django\db\backends\sqlite3\base.py", line 329, in execute
    return super().execute(query, params)
           ^^^^^^^^^^^^^^^^^^^^^^^^^^^^^^
sqlite3.OperationalError: database is locked

The above exception was the direct cause of the following exception:

Traceback (most recent call last):
  File "C:\Users\User\AppData\Local\Programs\Python\Python312\Lib\site-packages\django\core\handlers\exception.py", line 55, in inner
    response = get_response(request)
               ^^^^^^^^^^^^^^^^^^^^^
  File "C:\Users\User\Desktop\RPA\Website\PDN_Portal\pdnportal\chat\middleware.py", line 14, in __call__
    UserOnlineStatus.objects.update_or_create(
  File "C:\Users\User\AppData\Local\Programs\Python\Python312\Lib\site-packages\django\db\models\manager.py", line 87, in manager_method
    return getattr(self.get_queryset(), name)(*args, **kwargs)
           ^^^^^^^^^^^^^^^^^^^^^^^^^^^^^^^^^^^^^^^^^^^^^^^^^^^
  File "C:\Users\User\AppData\Local\Programs\Python\Python312\Lib\site-packages\django\db\models\query.py", line 1009, in update_or_create
    obj.save(using=self.db, update_fields=update_fields)
  File "C:\Users\User\AppData\Local\Programs\Python\Python312\Lib\site-packages\django\db\models\base.py", line 822, in save
    self.save_base(
  File "C:\Users\User\AppData\Local\Programs\Python\Python312\Lib\site-packages\django\db\models\base.py", line 909, in save_base
    updated = self._save_table(
              ^^^^^^^^^^^^^^^^^
  File "C:\Users\User\AppData\Local\Programs\Python\Python312\Lib\site-packages\django\db\models\base.py", line 1036, in _save_table
    updated = self._do_update(
              ^^^^^^^^^^^^^^^^
  File "C:\Users\User\AppData\Local\Programs\Python\Python312\Lib\site-packages\django\db\models\base.py", line 1101, in _do_update
    return filtered._update(values) > 0
           ^^^^^^^^^^^^^^^^^^^^^^^^
  File "C:\Users\User\AppData\Local\Programs\Python\Python312\Lib\site-packages\django\db\models\query.py", line 1278, in _update
    return query.get_compiler(self.db).execute_sql(CURSOR)
           ^^^^^^^^^^^^^^^^^^^^^^^^^^^^^^^^^^^^^^^^^^^^^^^
  File "C:\Users\User\AppData\Local\Programs\Python\Python312\Lib\site-packages\django\db\models\sql\compiler.py", line 1990, in execute_sql
    cursor = super().execute_sql(result_type)
             ^^^^^^^^^^^^^^^^^^^^^^^^^^^^^^^^
  File "C:\Users\User\AppData\Local\Programs\Python\Python312\Lib\site-packages\django\db\models\sql\compiler.py", line 1562, in execute_sql
    cursor.execute(sql, params)
  File "C:\Users\User\AppData\Local\Programs\Python\Python312\Lib\site-packages\django\db\backends\utils.py", line 122, in execute
    return super().execute(sql, params)
           ^^^^^^^^^^^^^^^^^^^^^^^^^^^^
  File "C:\Users\User\AppData\Local\Programs\Python\Python312\Lib\site-packages\django\db\backends\utils.py", line 79, in execute
    return self._execute_with_wrappers(
           ^^^^^^^^^^^^^^^^^^^^^^^^^^^^
  File "C:\Users\User\AppData\Local\Programs\Python\Python312\Lib\site-packages\django\db\backends\utils.py", line 92, in _execute_with_wrappers
    return executor(sql, params, many, context)
           ^^^^^^^^^^^^^^^^^^^^^^^^^^^^^^^^^^^^
  File "C:\Users\User\AppData\Local\Programs\Python\Python312\Lib\site-packages\django\db\backends\utils.py", line 100, in _execute
    with self.db.wrap_database_errors:
  File "C:\Users\User\AppData\Local\Programs\Python\Python312\Lib\site-packages\django\db\utils.py", line 91, in __exit__
    raise dj_exc_value.with_traceback(traceback) from exc_value
  File "C:\Users\User\AppData\Local\Programs\Python\Python312\Lib\site-packages\django\db\backends\utils.py", line 105, in _execute
    return self.cursor.execute(sql, params)
           ^^^^^^^^^^^^^^^^^^^^^^^^^^^^^^^^
  File "C:\Users\User\AppData\Local\Programs\Python\Python312\Lib\site-packages\django\db\backends\sqlite3\base.py", line 329, in execute
    return super().execute(query, params)
           ^^^^^^^^^^^^^^^^^^^^^^^^^^^^^^
django.db.utils.OperationalError: database is locked
ERROR 2025-10-09 14:13:25,725 basehttp 25812 20660 "GET /docu-notification/api/notifications/ HTTP/1.1" 500 161246
INFO 2025-10-09 14:13:49,959 basehttp 25812 20660 "POST /docu-notification/ HTTP/1.1" 200 62
INFO 2025-10-09 14:13:51,546 basehttp 25812 20660 "GET /docu-notification/ HTTP/1.1" 200 87109
INFO 2025-10-09 14:13:51,642 basehttp 25812 14996 "GET /docu-notification/api/notifications/ HTTP/1.1" 200 400
ERROR 2025-10-09 14:13:51,717 log 25812 20660 Internal Server Error: /stock-declaration/api/notifications/
Traceback (most recent call last):
  File "C:\Users\User\AppData\Local\Programs\Python\Python312\Lib\site-packages\django\db\backends\utils.py", line 105, in _execute
    return self.cursor.execute(sql, params)
           ^^^^^^^^^^^^^^^^^^^^^^^^^^^^^^^^
  File "C:\Users\User\AppData\Local\Programs\Python\Python312\Lib\site-packages\django\db\backends\sqlite3\base.py", line 329, in execute
    return super().execute(query, params)
           ^^^^^^^^^^^^^^^^^^^^^^^^^^^^^^
sqlite3.OperationalError: database is locked

The above exception was the direct cause of the following exception:

Traceback (most recent call last):
  File "C:\Users\User\AppData\Local\Programs\Python\Python312\Lib\site-packages\django\core\handlers\exception.py", line 55, in inner
    response = get_response(request)
               ^^^^^^^^^^^^^^^^^^^^^
  File "C:\Users\User\Desktop\RPA\Website\PDN_Portal\pdnportal\chat\middleware.py", line 14, in __call__
    UserOnlineStatus.objects.update_or_create(
  File "C:\Users\User\AppData\Local\Programs\Python\Python312\Lib\site-packages\django\db\models\manager.py", line 87, in manager_method
    return getattr(self.get_queryset(), name)(*args, **kwargs)
           ^^^^^^^^^^^^^^^^^^^^^^^^^^^^^^^^^^^^^^^^^^^^^^^^^^^
  File "C:\Users\User\AppData\Local\Programs\Python\Python312\Lib\site-packages\django\db\models\query.py", line 1009, in update_or_create
    obj.save(using=self.db, update_fields=update_fields)
  File "C:\Users\User\AppData\Local\Programs\Python\Python312\Lib\site-packages\django\db\models\base.py", line 822, in save
    self.save_base(
  File "C:\Users\User\AppData\Local\Programs\Python\Python312\Lib\site-packages\django\db\models\base.py", line 909, in save_base
    updated = self._save_table(
              ^^^^^^^^^^^^^^^^^
  File "C:\Users\User\AppData\Local\Programs\Python\Python312\Lib\site-packages\django\db\models\base.py", line 1036, in _save_table
    updated = self._do_update(
              ^^^^^^^^^^^^^^^^
  File "C:\Users\User\AppData\Local\Programs\Python\Python312\Lib\site-packages\django\db\models\base.py", line 1101, in _do_update
    return filtered._update(values) > 0
           ^^^^^^^^^^^^^^^^^^^^^^^^
  File "C:\Users\User\AppData\Local\Programs\Python\Python312\Lib\site-packages\django\db\models\query.py", line 1278, in _update
    return query.get_compiler(self.db).execute_sql(CURSOR)
           ^^^^^^^^^^^^^^^^^^^^^^^^^^^^^^^^^^^^^^^^^^^^^^^
  File "C:\Users\User\AppData\Local\Programs\Python\Python312\Lib\site-packages\django\db\models\sql\compiler.py", line 1990, in execute_sql
    cursor = super().execute_sql(result_type)
             ^^^^^^^^^^^^^^^^^^^^^^^^^^^^^^^^
  File "C:\Users\User\AppData\Local\Programs\Python\Python312\Lib\site-packages\django\db\models\sql\compiler.py", line 1562, in execute_sql
    cursor.execute(sql, params)
  File "C:\Users\User\AppData\Local\Programs\Python\Python312\Lib\site-packages\django\db\backends\utils.py", line 122, in execute
    return super().execute(sql, params)
           ^^^^^^^^^^^^^^^^^^^^^^^^^^^^
  File "C:\Users\User\AppData\Local\Programs\Python\Python312\Lib\site-packages\django\db\backends\utils.py", line 79, in execute
    return self._execute_with_wrappers(
           ^^^^^^^^^^^^^^^^^^^^^^^^^^^^
  File "C:\Users\User\AppData\Local\Programs\Python\Python312\Lib\site-packages\django\db\backends\utils.py", line 92, in _execute_with_wrappers
    return executor(sql, params, many, context)
           ^^^^^^^^^^^^^^^^^^^^^^^^^^^^^^^^^^^^
  File "C:\Users\User\AppData\Local\Programs\Python\Python312\Lib\site-packages\django\db\backends\utils.py", line 100, in _execute
    with self.db.wrap_database_errors:
  File "C:\Users\User\AppData\Local\Programs\Python\Python312\Lib\site-packages\django\db\utils.py", line 91, in __exit__
    raise dj_exc_value.with_traceback(traceback) from exc_value
  File "C:\Users\User\AppData\Local\Programs\Python\Python312\Lib\site-packages\django\db\backends\utils.py", line 105, in _execute
    return self.cursor.execute(sql, params)
           ^^^^^^^^^^^^^^^^^^^^^^^^^^^^^^^^
  File "C:\Users\User\AppData\Local\Programs\Python\Python312\Lib\site-packages\django\db\backends\sqlite3\base.py", line 329, in execute
    return super().execute(query, params)
           ^^^^^^^^^^^^^^^^^^^^^^^^^^^^^^
django.db.utils.OperationalError: database is locked
ERROR 2025-10-09 14:13:51,723 basehttp 25812 20660 "GET /stock-declaration/api/notifications/ HTTP/1.1" 500 161243
INFO 2025-10-09 14:15:20,885 autoreload 25812 13156 C:\Users\User\Desktop\RPA\Website\PDN_Portal\pdnportal\docunotification\forms.py changed, reloading.
INFO 2025-10-09 14:15:21,738 autoreload 13872 22600 Watching for file changes with StatReloader
INFO 2025-10-09 14:16:10,770 basehttp 13872 2736 "GET /docu-notification/ HTTP/1.1" 200 87109
INFO 2025-10-09 14:16:10,862 basehttp 13872 2736 "GET /stock-declaration/api/notifications/ HTTP/1.1" 200 50
ERROR 2025-10-09 14:16:11,028 log 13872 6996 Internal Server Error: /docu-notification/api/notifications/
Traceback (most recent call last):
  File "C:\Users\User\AppData\Local\Programs\Python\Python312\Lib\site-packages\django\db\backends\utils.py", line 105, in _execute
    return self.cursor.execute(sql, params)
           ^^^^^^^^^^^^^^^^^^^^^^^^^^^^^^^^
  File "C:\Users\User\AppData\Local\Programs\Python\Python312\Lib\site-packages\django\db\backends\sqlite3\base.py", line 329, in execute
    return super().execute(query, params)
           ^^^^^^^^^^^^^^^^^^^^^^^^^^^^^^
sqlite3.OperationalError: database is locked

The above exception was the direct cause of the following exception:

Traceback (most recent call last):
  File "C:\Users\User\AppData\Local\Programs\Python\Python312\Lib\site-packages\django\core\handlers\exception.py", line 55, in inner
    response = get_response(request)
               ^^^^^^^^^^^^^^^^^^^^^
  File "C:\Users\User\Desktop\RPA\Website\PDN_Portal\pdnportal\chat\middleware.py", line 14, in __call__
    UserOnlineStatus.objects.update_or_create(
  File "C:\Users\User\AppData\Local\Programs\Python\Python312\Lib\site-packages\django\db\models\manager.py", line 87, in manager_method
    return getattr(self.get_queryset(), name)(*args, **kwargs)
           ^^^^^^^^^^^^^^^^^^^^^^^^^^^^^^^^^^^^^^^^^^^^^^^^^^^
  File "C:\Users\User\AppData\Local\Programs\Python\Python312\Lib\site-packages\django\db\models\query.py", line 1009, in update_or_create
    obj.save(using=self.db, update_fields=update_fields)
  File "C:\Users\User\AppData\Local\Programs\Python\Python312\Lib\site-packages\django\db\models\base.py", line 822, in save
    self.save_base(
  File "C:\Users\User\AppData\Local\Programs\Python\Python312\Lib\site-packages\django\db\models\base.py", line 909, in save_base
    updated = self._save_table(
              ^^^^^^^^^^^^^^^^^
  File "C:\Users\User\AppData\Local\Programs\Python\Python312\Lib\site-packages\django\db\models\base.py", line 1036, in _save_table
    updated = self._do_update(
              ^^^^^^^^^^^^^^^^
  File "C:\Users\User\AppData\Local\Programs\Python\Python312\Lib\site-packages\django\db\models\base.py", line 1101, in _do_update
    return filtered._update(values) > 0
           ^^^^^^^^^^^^^^^^^^^^^^^^
  File "C:\Users\User\AppData\Local\Programs\Python\Python312\Lib\site-packages\django\db\models\query.py", line 1278, in _update
    return query.get_compiler(self.db).execute_sql(CURSOR)
           ^^^^^^^^^^^^^^^^^^^^^^^^^^^^^^^^^^^^^^^^^^^^^^^
  File "C:\Users\User\AppData\Local\Programs\Python\Python312\Lib\site-packages\django\db\models\sql\compiler.py", line 1990, in execute_sql
    cursor = super().execute_sql(result_type)
             ^^^^^^^^^^^^^^^^^^^^^^^^^^^^^^^^
  File "C:\Users\User\AppData\Local\Programs\Python\Python312\Lib\site-packages\django\db\models\sql\compiler.py", line 1562, in execute_sql
    cursor.execute(sql, params)
  File "C:\Users\User\AppData\Local\Programs\Python\Python312\Lib\site-packages\django\db\backends\utils.py", line 122, in execute
    return super().execute(sql, params)
           ^^^^^^^^^^^^^^^^^^^^^^^^^^^^
  File "C:\Users\User\AppData\Local\Programs\Python\Python312\Lib\site-packages\django\db\backends\utils.py", line 79, in execute
    return self._execute_with_wrappers(
           ^^^^^^^^^^^^^^^^^^^^^^^^^^^^
  File "C:\Users\User\AppData\Local\Programs\Python\Python312\Lib\site-packages\django\db\backends\utils.py", line 92, in _execute_with_wrappers
    return executor(sql, params, many, context)
           ^^^^^^^^^^^^^^^^^^^^^^^^^^^^^^^^^^^^
  File "C:\Users\User\AppData\Local\Programs\Python\Python312\Lib\site-packages\django\db\backends\utils.py", line 100, in _execute
    with self.db.wrap_database_errors:
  File "C:\Users\User\AppData\Local\Programs\Python\Python312\Lib\site-packages\django\db\utils.py", line 91, in __exit__
    raise dj_exc_value.with_traceback(traceback) from exc_value
  File "C:\Users\User\AppData\Local\Programs\Python\Python312\Lib\site-packages\django\db\backends\utils.py", line 105, in _execute
    return self.cursor.execute(sql, params)
           ^^^^^^^^^^^^^^^^^^^^^^^^^^^^^^^^
  File "C:\Users\User\AppData\Local\Programs\Python\Python312\Lib\site-packages\django\db\backends\sqlite3\base.py", line 329, in execute
    return super().execute(query, params)
           ^^^^^^^^^^^^^^^^^^^^^^^^^^^^^^
django.db.utils.OperationalError: database is locked
ERROR 2025-10-09 14:16:11,045 basehttp 13872 6996 "GET /docu-notification/api/notifications/ HTTP/1.1" 500 161246
INFO 2025-10-09 14:16:14,017 basehttp 13872 6996 "GET /docu-notification/ HTTP/1.1" 200 87109
INFO 2025-10-09 14:16:14,049 basehttp 13872 6996 "GET /static/css/style-ver2.css HTTP/1.1" 200 12438
INFO 2025-10-09 14:16:14,052 basehttp 13872 14668 "GET /static/css/stockdeclaration/stockdeclaration.css HTTP/1.1" 200 3684
INFO 2025-10-09 14:16:14,054 basehttp 13872 2736 "GET /static/css/job-order.css HTTP/1.1" 200 39525
INFO 2025-10-09 14:16:14,057 basehttp 13872 24036 "GET /static/css/qualitycontrol/qualitycontrol.css HTTP/1.1" 200 9691
INFO 2025-10-09 14:16:14,058 basehttp 13872 13168 "GET /static/css/overview/overview.css HTTP/1.1" 200 33881
INFO 2025-10-09 14:16:14,059 basehttp 13872 27776 "GET /static/css/docunotification/docunotification.css HTTP/1.1" 200 8546
INFO 2025-10-09 14:16:14,064 basehttp 13872 6996 "GET /static/images/icons/amd%20(1).svg HTTP/1.1" 200 230
INFO 2025-10-09 14:16:14,066 basehttp 13872 14668 "GET /static/js/script2.js HTTP/1.1" 200 10849
INFO 2025-10-09 14:16:14,068 basehttp 13872 24036 "GET /static/js/docunotification/docunotification.js HTTP/1.1" 200 27343
INFO 2025-10-09 14:16:14,078 basehttp 13872 2736 "GET /media/profile/avatar8.png HTTP/1.1" 200 32718
INFO 2025-10-09 14:16:14,845 basehttp 13872 2736 "GET /stock-declaration/api/notifications/ HTTP/1.1" 200 50
INFO 2025-10-09 14:16:14,866 basehttp 13872 24036 "GET /docu-notification/api/notifications/ HTTP/1.1" 200 400
WARNING 2025-10-09 14:16:14,887 log 13872 14668 Not Found: /favicon.ico
WARNING 2025-10-09 14:16:14,889 basehttp 13872 14668 "GET /favicon.ico HTTP/1.1" 404 4683
INFO 2025-10-09 14:16:43,929 basehttp 13872 14668 "POST /docu-notification/api/confirm-notifications/ HTTP/1.1" 200 90
INFO 2025-10-09 14:16:43,955 basehttp 13872 14668 "GET /docu-notification/api/notifications/ HTTP/1.1" 200 50
INFO 2025-10-09 14:16:45,801 basehttp 13872 14668 "GET /docu-notification/ HTTP/1.1" 200 83830
INFO 2025-10-09 14:16:45,883 basehttp 13872 14668 "GET /stock-declaration/api/notifications/ HTTP/1.1" 200 50
ERROR 2025-10-09 14:16:45,931 log 13872 24036 Internal Server Error: /docu-notification/api/notifications/
Traceback (most recent call last):
  File "C:\Users\User\AppData\Local\Programs\Python\Python312\Lib\site-packages\django\db\backends\utils.py", line 105, in _execute
    return self.cursor.execute(sql, params)
           ^^^^^^^^^^^^^^^^^^^^^^^^^^^^^^^^
  File "C:\Users\User\AppData\Local\Programs\Python\Python312\Lib\site-packages\django\db\backends\sqlite3\base.py", line 329, in execute
    return super().execute(query, params)
           ^^^^^^^^^^^^^^^^^^^^^^^^^^^^^^
sqlite3.OperationalError: database is locked

The above exception was the direct cause of the following exception:

Traceback (most recent call last):
  File "C:\Users\User\AppData\Local\Programs\Python\Python312\Lib\site-packages\django\core\handlers\exception.py", line 55, in inner
    response = get_response(request)
               ^^^^^^^^^^^^^^^^^^^^^
  File "C:\Users\User\Desktop\RPA\Website\PDN_Portal\pdnportal\chat\middleware.py", line 14, in __call__
    UserOnlineStatus.objects.update_or_create(
  File "C:\Users\User\AppData\Local\Programs\Python\Python312\Lib\site-packages\django\db\models\manager.py", line 87, in manager_method
    return getattr(self.get_queryset(), name)(*args, **kwargs)
           ^^^^^^^^^^^^^^^^^^^^^^^^^^^^^^^^^^^^^^^^^^^^^^^^^^^
  File "C:\Users\User\AppData\Local\Programs\Python\Python312\Lib\site-packages\django\db\models\query.py", line 1009, in update_or_create
    obj.save(using=self.db, update_fields=update_fields)
  File "C:\Users\User\AppData\Local\Programs\Python\Python312\Lib\site-packages\django\db\models\base.py", line 822, in save
    self.save_base(
  File "C:\Users\User\AppData\Local\Programs\Python\Python312\Lib\site-packages\django\db\models\base.py", line 909, in save_base
    updated = self._save_table(
              ^^^^^^^^^^^^^^^^^
  File "C:\Users\User\AppData\Local\Programs\Python\Python312\Lib\site-packages\django\db\models\base.py", line 1036, in _save_table
    updated = self._do_update(
              ^^^^^^^^^^^^^^^^
  File "C:\Users\User\AppData\Local\Programs\Python\Python312\Lib\site-packages\django\db\models\base.py", line 1101, in _do_update
    return filtered._update(values) > 0
           ^^^^^^^^^^^^^^^^^^^^^^^^
  File "C:\Users\User\AppData\Local\Programs\Python\Python312\Lib\site-packages\django\db\models\query.py", line 1278, in _update
    return query.get_compiler(self.db).execute_sql(CURSOR)
           ^^^^^^^^^^^^^^^^^^^^^^^^^^^^^^^^^^^^^^^^^^^^^^^
  File "C:\Users\User\AppData\Local\Programs\Python\Python312\Lib\site-packages\django\db\models\sql\compiler.py", line 1990, in execute_sql
    cursor = super().execute_sql(result_type)
             ^^^^^^^^^^^^^^^^^^^^^^^^^^^^^^^^
  File "C:\Users\User\AppData\Local\Programs\Python\Python312\Lib\site-packages\django\db\models\sql\compiler.py", line 1562, in execute_sql
    cursor.execute(sql, params)
  File "C:\Users\User\AppData\Local\Programs\Python\Python312\Lib\site-packages\django\db\backends\utils.py", line 122, in execute
    return super().execute(sql, params)
           ^^^^^^^^^^^^^^^^^^^^^^^^^^^^
  File "C:\Users\User\AppData\Local\Programs\Python\Python312\Lib\site-packages\django\db\backends\utils.py", line 79, in execute
    return self._execute_with_wrappers(
           ^^^^^^^^^^^^^^^^^^^^^^^^^^^^
  File "C:\Users\User\AppData\Local\Programs\Python\Python312\Lib\site-packages\django\db\backends\utils.py", line 92, in _execute_with_wrappers
    return executor(sql, params, many, context)
           ^^^^^^^^^^^^^^^^^^^^^^^^^^^^^^^^^^^^
  File "C:\Users\User\AppData\Local\Programs\Python\Python312\Lib\site-packages\django\db\backends\utils.py", line 100, in _execute
    with self.db.wrap_database_errors:
  File "C:\Users\User\AppData\Local\Programs\Python\Python312\Lib\site-packages\django\db\utils.py", line 91, in __exit__
    raise dj_exc_value.with_traceback(traceback) from exc_value
  File "C:\Users\User\AppData\Local\Programs\Python\Python312\Lib\site-packages\django\db\backends\utils.py", line 105, in _execute
    return self.cursor.execute(sql, params)
           ^^^^^^^^^^^^^^^^^^^^^^^^^^^^^^^^
  File "C:\Users\User\AppData\Local\Programs\Python\Python312\Lib\site-packages\django\db\backends\sqlite3\base.py", line 329, in execute
    return super().execute(query, params)
           ^^^^^^^^^^^^^^^^^^^^^^^^^^^^^^
django.db.utils.OperationalError: database is locked
ERROR 2025-10-09 14:16:45,950 basehttp 13872 24036 "GET /docu-notification/api/notifications/ HTTP/1.1" 500 161246
INFO 2025-10-09 14:17:39,335 basehttp 13872 24036 "GET /docu-notification/ HTTP/1.1" 200 83830
INFO 2025-10-09 14:17:39,422 basehttp 13872 24036 "GET /stock-declaration/api/notifications/ HTTP/1.1" 200 50
ERROR 2025-10-09 14:17:39,504 log 13872 14668 Internal Server Error: /docu-notification/api/notifications/
Traceback (most recent call last):
  File "C:\Users\User\AppData\Local\Programs\Python\Python312\Lib\site-packages\django\db\backends\utils.py", line 105, in _execute
    return self.cursor.execute(sql, params)
           ^^^^^^^^^^^^^^^^^^^^^^^^^^^^^^^^
  File "C:\Users\User\AppData\Local\Programs\Python\Python312\Lib\site-packages\django\db\backends\sqlite3\base.py", line 329, in execute
    return super().execute(query, params)
           ^^^^^^^^^^^^^^^^^^^^^^^^^^^^^^
sqlite3.OperationalError: database is locked

The above exception was the direct cause of the following exception:

Traceback (most recent call last):
  File "C:\Users\User\AppData\Local\Programs\Python\Python312\Lib\site-packages\django\core\handlers\exception.py", line 55, in inner
    response = get_response(request)
               ^^^^^^^^^^^^^^^^^^^^^
  File "C:\Users\User\Desktop\RPA\Website\PDN_Portal\pdnportal\chat\middleware.py", line 14, in __call__
    UserOnlineStatus.objects.update_or_create(
  File "C:\Users\User\AppData\Local\Programs\Python\Python312\Lib\site-packages\django\db\models\manager.py", line 87, in manager_method
    return getattr(self.get_queryset(), name)(*args, **kwargs)
           ^^^^^^^^^^^^^^^^^^^^^^^^^^^^^^^^^^^^^^^^^^^^^^^^^^^
  File "C:\Users\User\AppData\Local\Programs\Python\Python312\Lib\site-packages\django\db\models\query.py", line 1009, in update_or_create
    obj.save(using=self.db, update_fields=update_fields)
  File "C:\Users\User\AppData\Local\Programs\Python\Python312\Lib\site-packages\django\db\models\base.py", line 822, in save
    self.save_base(
  File "C:\Users\User\AppData\Local\Programs\Python\Python312\Lib\site-packages\django\db\models\base.py", line 909, in save_base
    updated = self._save_table(
              ^^^^^^^^^^^^^^^^^
  File "C:\Users\User\AppData\Local\Programs\Python\Python312\Lib\site-packages\django\db\models\base.py", line 1036, in _save_table
    updated = self._do_update(
              ^^^^^^^^^^^^^^^^
  File "C:\Users\User\AppData\Local\Programs\Python\Python312\Lib\site-packages\django\db\models\base.py", line 1101, in _do_update
    return filtered._update(values) > 0
           ^^^^^^^^^^^^^^^^^^^^^^^^
  File "C:\Users\User\AppData\Local\Programs\Python\Python312\Lib\site-packages\django\db\models\query.py", line 1278, in _update
    return query.get_compiler(self.db).execute_sql(CURSOR)
           ^^^^^^^^^^^^^^^^^^^^^^^^^^^^^^^^^^^^^^^^^^^^^^^
  File "C:\Users\User\AppData\Local\Programs\Python\Python312\Lib\site-packages\django\db\models\sql\compiler.py", line 1990, in execute_sql
    cursor = super().execute_sql(result_type)
             ^^^^^^^^^^^^^^^^^^^^^^^^^^^^^^^^
  File "C:\Users\User\AppData\Local\Programs\Python\Python312\Lib\site-packages\django\db\models\sql\compiler.py", line 1562, in execute_sql
    cursor.execute(sql, params)
  File "C:\Users\User\AppData\Local\Programs\Python\Python312\Lib\site-packages\django\db\backends\utils.py", line 122, in execute
    return super().execute(sql, params)
           ^^^^^^^^^^^^^^^^^^^^^^^^^^^^
  File "C:\Users\User\AppData\Local\Programs\Python\Python312\Lib\site-packages\django\db\backends\utils.py", line 79, in execute
    return self._execute_with_wrappers(
           ^^^^^^^^^^^^^^^^^^^^^^^^^^^^
  File "C:\Users\User\AppData\Local\Programs\Python\Python312\Lib\site-packages\django\db\backends\utils.py", line 92, in _execute_with_wrappers
    return executor(sql, params, many, context)
           ^^^^^^^^^^^^^^^^^^^^^^^^^^^^^^^^^^^^
  File "C:\Users\User\AppData\Local\Programs\Python\Python312\Lib\site-packages\django\db\backends\utils.py", line 100, in _execute
    with self.db.wrap_database_errors:
  File "C:\Users\User\AppData\Local\Programs\Python\Python312\Lib\site-packages\django\db\utils.py", line 91, in __exit__
    raise dj_exc_value.with_traceback(traceback) from exc_value
  File "C:\Users\User\AppData\Local\Programs\Python\Python312\Lib\site-packages\django\db\backends\utils.py", line 105, in _execute
    return self.cursor.execute(sql, params)
           ^^^^^^^^^^^^^^^^^^^^^^^^^^^^^^^^
  File "C:\Users\User\AppData\Local\Programs\Python\Python312\Lib\site-packages\django\db\backends\sqlite3\base.py", line 329, in execute
    return super().execute(query, params)
           ^^^^^^^^^^^^^^^^^^^^^^^^^^^^^^
django.db.utils.OperationalError: database is locked
ERROR 2025-10-09 14:17:39,512 basehttp 13872 14668 "GET /docu-notification/api/notifications/ HTTP/1.1" 500 161246
INFO 2025-10-09 14:22:40,279 basehttp 13872 21676 "GET /docu-notification/api/notifications/ HTTP/1.1" 200 50
INFO 2025-10-09 14:22:40,294 basehttp 13872 3316 "GET /stock-declaration/api/notifications/ HTTP/1.1" 200 50
INFO 2025-10-09 14:38:20,952 basehttp 13872 4800 "GET /stock-declaration/api/notifications/ HTTP/1.1" 200 50
INFO 2025-10-09 14:38:21,050 basehttp 13872 28436 "GET /docu-notification/api/notifications/ HTTP/1.1" 200 50
INFO 2025-10-09 14:44:44,245 basehttp 13872 25980 "GET /docu-notification/api/notifications/ HTTP/1.1" 200 50
INFO 2025-10-09 14:44:44,286 basehttp 13872 11584 "GET /stock-declaration/api/notifications/ HTTP/1.1" 200 50
INFO 2025-10-09 14:47:40,302 basehttp 13872 25980 "GET /docu-notification/api/notifications/ HTTP/1.1" 200 50
ERROR 2025-10-09 14:47:40,377 log 13872 11584 Internal Server Error: /stock-declaration/api/notifications/
Traceback (most recent call last):
  File "C:\Users\User\AppData\Local\Programs\Python\Python312\Lib\site-packages\django\db\backends\utils.py", line 105, in _execute
    return self.cursor.execute(sql, params)
           ^^^^^^^^^^^^^^^^^^^^^^^^^^^^^^^^
  File "C:\Users\User\AppData\Local\Programs\Python\Python312\Lib\site-packages\django\db\backends\sqlite3\base.py", line 329, in execute
    return super().execute(query, params)
           ^^^^^^^^^^^^^^^^^^^^^^^^^^^^^^
sqlite3.OperationalError: database is locked

The above exception was the direct cause of the following exception:

Traceback (most recent call last):
  File "C:\Users\User\AppData\Local\Programs\Python\Python312\Lib\site-packages\django\core\handlers\exception.py", line 55, in inner
    response = get_response(request)
               ^^^^^^^^^^^^^^^^^^^^^
  File "C:\Users\User\Desktop\RPA\Website\PDN_Portal\pdnportal\chat\middleware.py", line 14, in __call__
    UserOnlineStatus.objects.update_or_create(
  File "C:\Users\User\AppData\Local\Programs\Python\Python312\Lib\site-packages\django\db\models\manager.py", line 87, in manager_method
    return getattr(self.get_queryset(), name)(*args, **kwargs)
           ^^^^^^^^^^^^^^^^^^^^^^^^^^^^^^^^^^^^^^^^^^^^^^^^^^^
  File "C:\Users\User\AppData\Local\Programs\Python\Python312\Lib\site-packages\django\db\models\query.py", line 1009, in update_or_create
    obj.save(using=self.db, update_fields=update_fields)
  File "C:\Users\User\AppData\Local\Programs\Python\Python312\Lib\site-packages\django\db\models\base.py", line 822, in save
    self.save_base(
  File "C:\Users\User\AppData\Local\Programs\Python\Python312\Lib\site-packages\django\db\models\base.py", line 909, in save_base
    updated = self._save_table(
              ^^^^^^^^^^^^^^^^^
  File "C:\Users\User\AppData\Local\Programs\Python\Python312\Lib\site-packages\django\db\models\base.py", line 1036, in _save_table
    updated = self._do_update(
              ^^^^^^^^^^^^^^^^
  File "C:\Users\User\AppData\Local\Programs\Python\Python312\Lib\site-packages\django\db\models\base.py", line 1101, in _do_update
    return filtered._update(values) > 0
           ^^^^^^^^^^^^^^^^^^^^^^^^
  File "C:\Users\User\AppData\Local\Programs\Python\Python312\Lib\site-packages\django\db\models\query.py", line 1278, in _update
    return query.get_compiler(self.db).execute_sql(CURSOR)
           ^^^^^^^^^^^^^^^^^^^^^^^^^^^^^^^^^^^^^^^^^^^^^^^
  File "C:\Users\User\AppData\Local\Programs\Python\Python312\Lib\site-packages\django\db\models\sql\compiler.py", line 1990, in execute_sql
    cursor = super().execute_sql(result_type)
             ^^^^^^^^^^^^^^^^^^^^^^^^^^^^^^^^
  File "C:\Users\User\AppData\Local\Programs\Python\Python312\Lib\site-packages\django\db\models\sql\compiler.py", line 1562, in execute_sql
    cursor.execute(sql, params)
  File "C:\Users\User\AppData\Local\Programs\Python\Python312\Lib\site-packages\django\db\backends\utils.py", line 122, in execute
    return super().execute(sql, params)
           ^^^^^^^^^^^^^^^^^^^^^^^^^^^^
  File "C:\Users\User\AppData\Local\Programs\Python\Python312\Lib\site-packages\django\db\backends\utils.py", line 79, in execute
    return self._execute_with_wrappers(
           ^^^^^^^^^^^^^^^^^^^^^^^^^^^^
  File "C:\Users\User\AppData\Local\Programs\Python\Python312\Lib\site-packages\django\db\backends\utils.py", line 92, in _execute_with_wrappers
    return executor(sql, params, many, context)
           ^^^^^^^^^^^^^^^^^^^^^^^^^^^^^^^^^^^^
  File "C:\Users\User\AppData\Local\Programs\Python\Python312\Lib\site-packages\django\db\backends\utils.py", line 100, in _execute
    with self.db.wrap_database_errors:
  File "C:\Users\User\AppData\Local\Programs\Python\Python312\Lib\site-packages\django\db\utils.py", line 91, in __exit__
    raise dj_exc_value.with_traceback(traceback) from exc_value
  File "C:\Users\User\AppData\Local\Programs\Python\Python312\Lib\site-packages\django\db\backends\utils.py", line 105, in _execute
    return self.cursor.execute(sql, params)
           ^^^^^^^^^^^^^^^^^^^^^^^^^^^^^^^^
  File "C:\Users\User\AppData\Local\Programs\Python\Python312\Lib\site-packages\django\db\backends\sqlite3\base.py", line 329, in execute
    return super().execute(query, params)
           ^^^^^^^^^^^^^^^^^^^^^^^^^^^^^^
django.db.utils.OperationalError: database is locked
ERROR 2025-10-09 14:47:40,389 basehttp 13872 11584 "GET /stock-declaration/api/notifications/ HTTP/1.1" 500 161243
INFO 2025-10-09 14:50:12,677 autoreload 13872 22600 C:\Users\User\Desktop\RPA\Website\PDN_Portal\pdnportal\docunotification\forms.py changed, reloading.
INFO 2025-10-09 14:50:15,047 autoreload 21304 22820 Watching for file changes with StatReloader
INFO 2025-10-09 14:52:40,329 basehttp 21304 9092 "GET /docu-notification/api/notifications/ HTTP/1.1" 200 50
INFO 2025-10-09 14:52:40,357 basehttp 21304 21764 "GET /stock-declaration/api/notifications/ HTTP/1.1" 200 50
INFO 2025-10-09 14:56:02,408 basehttp 21304 21764 "GET /docu-notification/ HTTP/1.1" 200 83830
INFO 2025-10-09 14:56:02,532 basehttp 21304 21764 "GET /stock-declaration/api/notifications/ HTTP/1.1" 200 50
INFO 2025-10-09 14:56:02,608 basehttp 21304 9092 "GET /docu-notification/api/notifications/ HTTP/1.1" 200 50
INFO 2025-10-09 15:01:03,280 basehttp 21304 26224 "GET /stock-declaration/api/notifications/ HTTP/1.1" 200 50
INFO 2025-10-09 15:01:03,300 basehttp 21304 15284 "GET /docu-notification/api/notifications/ HTTP/1.1" 200 50
INFO 2025-10-09 15:06:03,285 basehttp 21304 26224 "GET /docu-notification/api/notifications/ HTTP/1.1" 200 50
ERROR 2025-10-09 15:06:03,380 log 21304 15284 Internal Server Error: /stock-declaration/api/notifications/
Traceback (most recent call last):
  File "C:\Users\User\AppData\Local\Programs\Python\Python312\Lib\site-packages\django\db\backends\utils.py", line 105, in _execute
    return self.cursor.execute(sql, params)
           ^^^^^^^^^^^^^^^^^^^^^^^^^^^^^^^^
  File "C:\Users\User\AppData\Local\Programs\Python\Python312\Lib\site-packages\django\db\backends\sqlite3\base.py", line 329, in execute
    return super().execute(query, params)
           ^^^^^^^^^^^^^^^^^^^^^^^^^^^^^^
sqlite3.OperationalError: database is locked

The above exception was the direct cause of the following exception:

Traceback (most recent call last):
  File "C:\Users\User\AppData\Local\Programs\Python\Python312\Lib\site-packages\django\core\handlers\exception.py", line 55, in inner
    response = get_response(request)
               ^^^^^^^^^^^^^^^^^^^^^
  File "C:\Users\User\Desktop\RPA\Website\PDN_Portal\pdnportal\chat\middleware.py", line 14, in __call__
    UserOnlineStatus.objects.update_or_create(
  File "C:\Users\User\AppData\Local\Programs\Python\Python312\Lib\site-packages\django\db\models\manager.py", line 87, in manager_method
    return getattr(self.get_queryset(), name)(*args, **kwargs)
           ^^^^^^^^^^^^^^^^^^^^^^^^^^^^^^^^^^^^^^^^^^^^^^^^^^^
  File "C:\Users\User\AppData\Local\Programs\Python\Python312\Lib\site-packages\django\db\models\query.py", line 1009, in update_or_create
    obj.save(using=self.db, update_fields=update_fields)
  File "C:\Users\User\AppData\Local\Programs\Python\Python312\Lib\site-packages\django\db\models\base.py", line 822, in save
    self.save_base(
  File "C:\Users\User\AppData\Local\Programs\Python\Python312\Lib\site-packages\django\db\models\base.py", line 909, in save_base
    updated = self._save_table(
              ^^^^^^^^^^^^^^^^^
  File "C:\Users\User\AppData\Local\Programs\Python\Python312\Lib\site-packages\django\db\models\base.py", line 1036, in _save_table
    updated = self._do_update(
              ^^^^^^^^^^^^^^^^
  File "C:\Users\User\AppData\Local\Programs\Python\Python312\Lib\site-packages\django\db\models\base.py", line 1101, in _do_update
    return filtered._update(values) > 0
           ^^^^^^^^^^^^^^^^^^^^^^^^
  File "C:\Users\User\AppData\Local\Programs\Python\Python312\Lib\site-packages\django\db\models\query.py", line 1278, in _update
    return query.get_compiler(self.db).execute_sql(CURSOR)
           ^^^^^^^^^^^^^^^^^^^^^^^^^^^^^^^^^^^^^^^^^^^^^^^
  File "C:\Users\User\AppData\Local\Programs\Python\Python312\Lib\site-packages\django\db\models\sql\compiler.py", line 1990, in execute_sql
    cursor = super().execute_sql(result_type)
             ^^^^^^^^^^^^^^^^^^^^^^^^^^^^^^^^
  File "C:\Users\User\AppData\Local\Programs\Python\Python312\Lib\site-packages\django\db\models\sql\compiler.py", line 1562, in execute_sql
    cursor.execute(sql, params)
  File "C:\Users\User\AppData\Local\Programs\Python\Python312\Lib\site-packages\django\db\backends\utils.py", line 122, in execute
    return super().execute(sql, params)
           ^^^^^^^^^^^^^^^^^^^^^^^^^^^^
  File "C:\Users\User\AppData\Local\Programs\Python\Python312\Lib\site-packages\django\db\backends\utils.py", line 79, in execute
    return self._execute_with_wrappers(
           ^^^^^^^^^^^^^^^^^^^^^^^^^^^^
  File "C:\Users\User\AppData\Local\Programs\Python\Python312\Lib\site-packages\django\db\backends\utils.py", line 92, in _execute_with_wrappers
    return executor(sql, params, many, context)
           ^^^^^^^^^^^^^^^^^^^^^^^^^^^^^^^^^^^^
  File "C:\Users\User\AppData\Local\Programs\Python\Python312\Lib\site-packages\django\db\backends\utils.py", line 100, in _execute
    with self.db.wrap_database_errors:
  File "C:\Users\User\AppData\Local\Programs\Python\Python312\Lib\site-packages\django\db\utils.py", line 91, in __exit__
    raise dj_exc_value.with_traceback(traceback) from exc_value
  File "C:\Users\User\AppData\Local\Programs\Python\Python312\Lib\site-packages\django\db\backends\utils.py", line 105, in _execute
    return self.cursor.execute(sql, params)
           ^^^^^^^^^^^^^^^^^^^^^^^^^^^^^^^^
  File "C:\Users\User\AppData\Local\Programs\Python\Python312\Lib\site-packages\django\db\backends\sqlite3\base.py", line 329, in execute
    return super().execute(query, params)
           ^^^^^^^^^^^^^^^^^^^^^^^^^^^^^^
django.db.utils.OperationalError: database is locked
ERROR 2025-10-09 15:06:03,397 basehttp 21304 15284 "GET /stock-declaration/api/notifications/ HTTP/1.1" 500 161237
INFO 2025-10-09 15:11:03,304 basehttp 21304 26224 "GET /docu-notification/api/notifications/ HTTP/1.1" 200 50
ERROR 2025-10-09 15:11:03,364 log 21304 15284 Internal Server Error: /stock-declaration/api/notifications/
Traceback (most recent call last):
  File "C:\Users\User\AppData\Local\Programs\Python\Python312\Lib\site-packages\django\db\backends\utils.py", line 105, in _execute
    return self.cursor.execute(sql, params)
           ^^^^^^^^^^^^^^^^^^^^^^^^^^^^^^^^
  File "C:\Users\User\AppData\Local\Programs\Python\Python312\Lib\site-packages\django\db\backends\sqlite3\base.py", line 329, in execute
    return super().execute(query, params)
           ^^^^^^^^^^^^^^^^^^^^^^^^^^^^^^
sqlite3.OperationalError: database is locked

The above exception was the direct cause of the following exception:

Traceback (most recent call last):
  File "C:\Users\User\AppData\Local\Programs\Python\Python312\Lib\site-packages\django\core\handlers\exception.py", line 55, in inner
    response = get_response(request)
               ^^^^^^^^^^^^^^^^^^^^^
  File "C:\Users\User\Desktop\RPA\Website\PDN_Portal\pdnportal\chat\middleware.py", line 14, in __call__
    UserOnlineStatus.objects.update_or_create(
  File "C:\Users\User\AppData\Local\Programs\Python\Python312\Lib\site-packages\django\db\models\manager.py", line 87, in manager_method
    return getattr(self.get_queryset(), name)(*args, **kwargs)
           ^^^^^^^^^^^^^^^^^^^^^^^^^^^^^^^^^^^^^^^^^^^^^^^^^^^
  File "C:\Users\User\AppData\Local\Programs\Python\Python312\Lib\site-packages\django\db\models\query.py", line 1009, in update_or_create
    obj.save(using=self.db, update_fields=update_fields)
  File "C:\Users\User\AppData\Local\Programs\Python\Python312\Lib\site-packages\django\db\models\base.py", line 822, in save
    self.save_base(
  File "C:\Users\User\AppData\Local\Programs\Python\Python312\Lib\site-packages\django\db\models\base.py", line 909, in save_base
    updated = self._save_table(
              ^^^^^^^^^^^^^^^^^
  File "C:\Users\User\AppData\Local\Programs\Python\Python312\Lib\site-packages\django\db\models\base.py", line 1036, in _save_table
    updated = self._do_update(
              ^^^^^^^^^^^^^^^^
  File "C:\Users\User\AppData\Local\Programs\Python\Python312\Lib\site-packages\django\db\models\base.py", line 1101, in _do_update
    return filtered._update(values) > 0
           ^^^^^^^^^^^^^^^^^^^^^^^^
  File "C:\Users\User\AppData\Local\Programs\Python\Python312\Lib\site-packages\django\db\models\query.py", line 1278, in _update
    return query.get_compiler(self.db).execute_sql(CURSOR)
           ^^^^^^^^^^^^^^^^^^^^^^^^^^^^^^^^^^^^^^^^^^^^^^^
  File "C:\Users\User\AppData\Local\Programs\Python\Python312\Lib\site-packages\django\db\models\sql\compiler.py", line 1990, in execute_sql
    cursor = super().execute_sql(result_type)
             ^^^^^^^^^^^^^^^^^^^^^^^^^^^^^^^^
  File "C:\Users\User\AppData\Local\Programs\Python\Python312\Lib\site-packages\django\db\models\sql\compiler.py", line 1562, in execute_sql
    cursor.execute(sql, params)
  File "C:\Users\User\AppData\Local\Programs\Python\Python312\Lib\site-packages\django\db\backends\utils.py", line 122, in execute
    return super().execute(sql, params)
           ^^^^^^^^^^^^^^^^^^^^^^^^^^^^
  File "C:\Users\User\AppData\Local\Programs\Python\Python312\Lib\site-packages\django\db\backends\utils.py", line 79, in execute
    return self._execute_with_wrappers(
           ^^^^^^^^^^^^^^^^^^^^^^^^^^^^
  File "C:\Users\User\AppData\Local\Programs\Python\Python312\Lib\site-packages\django\db\backends\utils.py", line 92, in _execute_with_wrappers
    return executor(sql, params, many, context)
           ^^^^^^^^^^^^^^^^^^^^^^^^^^^^^^^^^^^^
  File "C:\Users\User\AppData\Local\Programs\Python\Python312\Lib\site-packages\django\db\backends\utils.py", line 100, in _execute
    with self.db.wrap_database_errors:
  File "C:\Users\User\AppData\Local\Programs\Python\Python312\Lib\site-packages\django\db\utils.py", line 91, in __exit__
    raise dj_exc_value.with_traceback(traceback) from exc_value
  File "C:\Users\User\AppData\Local\Programs\Python\Python312\Lib\site-packages\django\db\backends\utils.py", line 105, in _execute
    return self.cursor.execute(sql, params)
           ^^^^^^^^^^^^^^^^^^^^^^^^^^^^^^^^
  File "C:\Users\User\AppData\Local\Programs\Python\Python312\Lib\site-packages\django\db\backends\sqlite3\base.py", line 329, in execute
    return super().execute(query, params)
           ^^^^^^^^^^^^^^^^^^^^^^^^^^^^^^
django.db.utils.OperationalError: database is locked
ERROR 2025-10-09 15:11:03,372 basehttp 21304 15284 "GET /stock-declaration/api/notifications/ HTTP/1.1" 500 161240
INFO 2025-10-09 15:14:44,247 autoreload 27964 20568 Watching for file changes with StatReloader
INFO 2025-10-09 15:14:46,348 basehttp 27964 17756 "GET /docu-notification/ HTTP/1.1" 200 83830
INFO 2025-10-09 15:14:46,527 basehttp 27964 16172 "GET /docu-notification/api/notifications/ HTTP/1.1" 200 50
ERROR 2025-10-09 15:14:46,637 log 27964 17756 Internal Server Error: /stock-declaration/api/notifications/
Traceback (most recent call last):
  File "C:\Users\User\AppData\Local\Programs\Python\Python312\Lib\site-packages\django\db\backends\utils.py", line 105, in _execute
    return self.cursor.execute(sql, params)
           ^^^^^^^^^^^^^^^^^^^^^^^^^^^^^^^^
  File "C:\Users\User\AppData\Local\Programs\Python\Python312\Lib\site-packages\django\db\backends\sqlite3\base.py", line 329, in execute
    return super().execute(query, params)
           ^^^^^^^^^^^^^^^^^^^^^^^^^^^^^^
sqlite3.OperationalError: database is locked

The above exception was the direct cause of the following exception:

Traceback (most recent call last):
  File "C:\Users\User\AppData\Local\Programs\Python\Python312\Lib\site-packages\django\core\handlers\exception.py", line 55, in inner
    response = get_response(request)
               ^^^^^^^^^^^^^^^^^^^^^
  File "C:\Users\User\Desktop\RPA\Website\PDN_Portal\pdnportal\chat\middleware.py", line 14, in __call__
    UserOnlineStatus.objects.update_or_create(
  File "C:\Users\User\AppData\Local\Programs\Python\Python312\Lib\site-packages\django\db\models\manager.py", line 87, in manager_method
    return getattr(self.get_queryset(), name)(*args, **kwargs)
           ^^^^^^^^^^^^^^^^^^^^^^^^^^^^^^^^^^^^^^^^^^^^^^^^^^^
  File "C:\Users\User\AppData\Local\Programs\Python\Python312\Lib\site-packages\django\db\models\query.py", line 1009, in update_or_create
    obj.save(using=self.db, update_fields=update_fields)
  File "C:\Users\User\AppData\Local\Programs\Python\Python312\Lib\site-packages\django\db\models\base.py", line 822, in save
    self.save_base(
  File "C:\Users\User\AppData\Local\Programs\Python\Python312\Lib\site-packages\django\db\models\base.py", line 909, in save_base
    updated = self._save_table(
              ^^^^^^^^^^^^^^^^^
  File "C:\Users\User\AppData\Local\Programs\Python\Python312\Lib\site-packages\django\db\models\base.py", line 1036, in _save_table
    updated = self._do_update(
              ^^^^^^^^^^^^^^^^
  File "C:\Users\User\AppData\Local\Programs\Python\Python312\Lib\site-packages\django\db\models\base.py", line 1101, in _do_update
    return filtered._update(values) > 0
           ^^^^^^^^^^^^^^^^^^^^^^^^
  File "C:\Users\User\AppData\Local\Programs\Python\Python312\Lib\site-packages\django\db\models\query.py", line 1278, in _update
    return query.get_compiler(self.db).execute_sql(CURSOR)
           ^^^^^^^^^^^^^^^^^^^^^^^^^^^^^^^^^^^^^^^^^^^^^^^
  File "C:\Users\User\AppData\Local\Programs\Python\Python312\Lib\site-packages\django\db\models\sql\compiler.py", line 1990, in execute_sql
    cursor = super().execute_sql(result_type)
             ^^^^^^^^^^^^^^^^^^^^^^^^^^^^^^^^
  File "C:\Users\User\AppData\Local\Programs\Python\Python312\Lib\site-packages\django\db\models\sql\compiler.py", line 1562, in execute_sql
    cursor.execute(sql, params)
  File "C:\Users\User\AppData\Local\Programs\Python\Python312\Lib\site-packages\django\db\backends\utils.py", line 122, in execute
    return super().execute(sql, params)
           ^^^^^^^^^^^^^^^^^^^^^^^^^^^^
  File "C:\Users\User\AppData\Local\Programs\Python\Python312\Lib\site-packages\django\db\backends\utils.py", line 79, in execute
    return self._execute_with_wrappers(
           ^^^^^^^^^^^^^^^^^^^^^^^^^^^^
  File "C:\Users\User\AppData\Local\Programs\Python\Python312\Lib\site-packages\django\db\backends\utils.py", line 92, in _execute_with_wrappers
    return executor(sql, params, many, context)
           ^^^^^^^^^^^^^^^^^^^^^^^^^^^^^^^^^^^^
  File "C:\Users\User\AppData\Local\Programs\Python\Python312\Lib\site-packages\django\db\backends\utils.py", line 100, in _execute
    with self.db.wrap_database_errors:
  File "C:\Users\User\AppData\Local\Programs\Python\Python312\Lib\site-packages\django\db\utils.py", line 91, in __exit__
    raise dj_exc_value.with_traceback(traceback) from exc_value
  File "C:\Users\User\AppData\Local\Programs\Python\Python312\Lib\site-packages\django\db\backends\utils.py", line 105, in _execute
    return self.cursor.execute(sql, params)
           ^^^^^^^^^^^^^^^^^^^^^^^^^^^^^^^^
  File "C:\Users\User\AppData\Local\Programs\Python\Python312\Lib\site-packages\django\db\backends\sqlite3\base.py", line 329, in execute
    return super().execute(query, params)
           ^^^^^^^^^^^^^^^^^^^^^^^^^^^^^^
django.db.utils.OperationalError: database is locked
ERROR 2025-10-09 15:14:46,651 basehttp 27964 17756 "GET /stock-declaration/api/notifications/ HTTP/1.1" 500 167089
INFO 2025-10-09 15:14:47,241 basehttp 27964 17756 "GET /docu-notification/ HTTP/1.1" 200 83830
INFO 2025-10-09 15:14:47,333 basehttp 27964 16172 "GET /docu-notification/api/notifications/ HTTP/1.1" 200 50
ERROR 2025-10-09 15:14:47,441 log 27964 17756 Internal Server Error: /stock-declaration/api/notifications/
Traceback (most recent call last):
  File "C:\Users\User\AppData\Local\Programs\Python\Python312\Lib\site-packages\django\db\backends\utils.py", line 105, in _execute
    return self.cursor.execute(sql, params)
           ^^^^^^^^^^^^^^^^^^^^^^^^^^^^^^^^
  File "C:\Users\User\AppData\Local\Programs\Python\Python312\Lib\site-packages\django\db\backends\sqlite3\base.py", line 329, in execute
    return super().execute(query, params)
           ^^^^^^^^^^^^^^^^^^^^^^^^^^^^^^
sqlite3.OperationalError: database is locked

The above exception was the direct cause of the following exception:

Traceback (most recent call last):
  File "C:\Users\User\AppData\Local\Programs\Python\Python312\Lib\site-packages\django\core\handlers\exception.py", line 55, in inner
    response = get_response(request)
               ^^^^^^^^^^^^^^^^^^^^^
  File "C:\Users\User\Desktop\RPA\Website\PDN_Portal\pdnportal\chat\middleware.py", line 14, in __call__
    UserOnlineStatus.objects.update_or_create(
  File "C:\Users\User\AppData\Local\Programs\Python\Python312\Lib\site-packages\django\db\models\manager.py", line 87, in manager_method
    return getattr(self.get_queryset(), name)(*args, **kwargs)
           ^^^^^^^^^^^^^^^^^^^^^^^^^^^^^^^^^^^^^^^^^^^^^^^^^^^
  File "C:\Users\User\AppData\Local\Programs\Python\Python312\Lib\site-packages\django\db\models\query.py", line 1009, in update_or_create
    obj.save(using=self.db, update_fields=update_fields)
  File "C:\Users\User\AppData\Local\Programs\Python\Python312\Lib\site-packages\django\db\models\base.py", line 822, in save
    self.save_base(
  File "C:\Users\User\AppData\Local\Programs\Python\Python312\Lib\site-packages\django\db\models\base.py", line 909, in save_base
    updated = self._save_table(
              ^^^^^^^^^^^^^^^^^
  File "C:\Users\User\AppData\Local\Programs\Python\Python312\Lib\site-packages\django\db\models\base.py", line 1036, in _save_table
    updated = self._do_update(
              ^^^^^^^^^^^^^^^^
  File "C:\Users\User\AppData\Local\Programs\Python\Python312\Lib\site-packages\django\db\models\base.py", line 1101, in _do_update
    return filtered._update(values) > 0
           ^^^^^^^^^^^^^^^^^^^^^^^^
  File "C:\Users\User\AppData\Local\Programs\Python\Python312\Lib\site-packages\django\db\models\query.py", line 1278, in _update
    return query.get_compiler(self.db).execute_sql(CURSOR)
           ^^^^^^^^^^^^^^^^^^^^^^^^^^^^^^^^^^^^^^^^^^^^^^^
  File "C:\Users\User\AppData\Local\Programs\Python\Python312\Lib\site-packages\django\db\models\sql\compiler.py", line 1990, in execute_sql
    cursor = super().execute_sql(result_type)
             ^^^^^^^^^^^^^^^^^^^^^^^^^^^^^^^^
  File "C:\Users\User\AppData\Local\Programs\Python\Python312\Lib\site-packages\django\db\models\sql\compiler.py", line 1562, in execute_sql
    cursor.execute(sql, params)
  File "C:\Users\User\AppData\Local\Programs\Python\Python312\Lib\site-packages\django\db\backends\utils.py", line 122, in execute
    return super().execute(sql, params)
           ^^^^^^^^^^^^^^^^^^^^^^^^^^^^
  File "C:\Users\User\AppData\Local\Programs\Python\Python312\Lib\site-packages\django\db\backends\utils.py", line 79, in execute
    return self._execute_with_wrappers(
           ^^^^^^^^^^^^^^^^^^^^^^^^^^^^
  File "C:\Users\User\AppData\Local\Programs\Python\Python312\Lib\site-packages\django\db\backends\utils.py", line 92, in _execute_with_wrappers
    return executor(sql, params, many, context)
           ^^^^^^^^^^^^^^^^^^^^^^^^^^^^^^^^^^^^
  File "C:\Users\User\AppData\Local\Programs\Python\Python312\Lib\site-packages\django\db\backends\utils.py", line 100, in _execute
    with self.db.wrap_database_errors:
  File "C:\Users\User\AppData\Local\Programs\Python\Python312\Lib\site-packages\django\db\utils.py", line 91, in __exit__
    raise dj_exc_value.with_traceback(traceback) from exc_value
  File "C:\Users\User\AppData\Local\Programs\Python\Python312\Lib\site-packages\django\db\backends\utils.py", line 105, in _execute
    return self.cursor.execute(sql, params)
           ^^^^^^^^^^^^^^^^^^^^^^^^^^^^^^^^
  File "C:\Users\User\AppData\Local\Programs\Python\Python312\Lib\site-packages\django\db\backends\sqlite3\base.py", line 329, in execute
    return super().execute(query, params)
           ^^^^^^^^^^^^^^^^^^^^^^^^^^^^^^
django.db.utils.OperationalError: database is locked
ERROR 2025-10-09 15:14:47,441 basehttp 27964 17756 "GET /stock-declaration/api/notifications/ HTTP/1.1" 500 167089
INFO 2025-10-09 15:16:34,568 autoreload 27964 20568 C:\Users\User\Desktop\RPA\Website\PDN_Portal\pdnportal\stockdeclaration\views.py changed, reloading.
INFO 2025-10-09 15:16:35,363 autoreload 5932 12976 Watching for file changes with StatReloader
INFO 2025-10-09 15:19:48,293 basehttp 5932 20912 "GET /docu-notification/api/notifications/ HTTP/1.1" 200 50
INFO 2025-10-09 15:19:48,312 basehttp 5932 15172 "GET /stock-declaration/api/notifications/ HTTP/1.1" 200 50
INFO 2025-10-09 15:24:48,297 basehttp 5932 20912 "GET /docu-notification/api/notifications/ HTTP/1.1" 200 50
ERROR 2025-10-09 15:24:48,365 log 5932 15172 Internal Server Error: /stock-declaration/api/notifications/
Traceback (most recent call last):
  File "C:\Users\User\AppData\Local\Programs\Python\Python312\Lib\site-packages\django\db\backends\utils.py", line 105, in _execute
    return self.cursor.execute(sql, params)
           ^^^^^^^^^^^^^^^^^^^^^^^^^^^^^^^^
  File "C:\Users\User\AppData\Local\Programs\Python\Python312\Lib\site-packages\django\db\backends\sqlite3\base.py", line 329, in execute
    return super().execute(query, params)
           ^^^^^^^^^^^^^^^^^^^^^^^^^^^^^^
sqlite3.OperationalError: database is locked

The above exception was the direct cause of the following exception:

Traceback (most recent call last):
  File "C:\Users\User\AppData\Local\Programs\Python\Python312\Lib\site-packages\django\core\handlers\exception.py", line 55, in inner
    response = get_response(request)
               ^^^^^^^^^^^^^^^^^^^^^
  File "C:\Users\User\Desktop\RPA\Website\PDN_Portal\pdnportal\chat\middleware.py", line 14, in __call__
    UserOnlineStatus.objects.update_or_create(
  File "C:\Users\User\AppData\Local\Programs\Python\Python312\Lib\site-packages\django\db\models\manager.py", line 87, in manager_method
    return getattr(self.get_queryset(), name)(*args, **kwargs)
           ^^^^^^^^^^^^^^^^^^^^^^^^^^^^^^^^^^^^^^^^^^^^^^^^^^^
  File "C:\Users\User\AppData\Local\Programs\Python\Python312\Lib\site-packages\django\db\models\query.py", line 1009, in update_or_create
    obj.save(using=self.db, update_fields=update_fields)
  File "C:\Users\User\AppData\Local\Programs\Python\Python312\Lib\site-packages\django\db\models\base.py", line 822, in save
    self.save_base(
  File "C:\Users\User\AppData\Local\Programs\Python\Python312\Lib\site-packages\django\db\models\base.py", line 909, in save_base
    updated = self._save_table(
              ^^^^^^^^^^^^^^^^^
  File "C:\Users\User\AppData\Local\Programs\Python\Python312\Lib\site-packages\django\db\models\base.py", line 1036, in _save_table
    updated = self._do_update(
              ^^^^^^^^^^^^^^^^
  File "C:\Users\User\AppData\Local\Programs\Python\Python312\Lib\site-packages\django\db\models\base.py", line 1101, in _do_update
    return filtered._update(values) > 0
           ^^^^^^^^^^^^^^^^^^^^^^^^
  File "C:\Users\User\AppData\Local\Programs\Python\Python312\Lib\site-packages\django\db\models\query.py", line 1278, in _update
    return query.get_compiler(self.db).execute_sql(CURSOR)
           ^^^^^^^^^^^^^^^^^^^^^^^^^^^^^^^^^^^^^^^^^^^^^^^
  File "C:\Users\User\AppData\Local\Programs\Python\Python312\Lib\site-packages\django\db\models\sql\compiler.py", line 1990, in execute_sql
    cursor = super().execute_sql(result_type)
             ^^^^^^^^^^^^^^^^^^^^^^^^^^^^^^^^
  File "C:\Users\User\AppData\Local\Programs\Python\Python312\Lib\site-packages\django\db\models\sql\compiler.py", line 1562, in execute_sql
    cursor.execute(sql, params)
  File "C:\Users\User\AppData\Local\Programs\Python\Python312\Lib\site-packages\django\db\backends\utils.py", line 122, in execute
    return super().execute(sql, params)
           ^^^^^^^^^^^^^^^^^^^^^^^^^^^^
  File "C:\Users\User\AppData\Local\Programs\Python\Python312\Lib\site-packages\django\db\backends\utils.py", line 79, in execute
    return self._execute_with_wrappers(
           ^^^^^^^^^^^^^^^^^^^^^^^^^^^^
  File "C:\Users\User\AppData\Local\Programs\Python\Python312\Lib\site-packages\django\db\backends\utils.py", line 92, in _execute_with_wrappers
    return executor(sql, params, many, context)
           ^^^^^^^^^^^^^^^^^^^^^^^^^^^^^^^^^^^^
  File "C:\Users\User\AppData\Local\Programs\Python\Python312\Lib\site-packages\django\db\backends\utils.py", line 100, in _execute
    with self.db.wrap_database_errors:
  File "C:\Users\User\AppData\Local\Programs\Python\Python312\Lib\site-packages\django\db\utils.py", line 91, in __exit__
    raise dj_exc_value.with_traceback(traceback) from exc_value
  File "C:\Users\User\AppData\Local\Programs\Python\Python312\Lib\site-packages\django\db\backends\utils.py", line 105, in _execute
    return self.cursor.execute(sql, params)
           ^^^^^^^^^^^^^^^^^^^^^^^^^^^^^^^^
  File "C:\Users\User\AppData\Local\Programs\Python\Python312\Lib\site-packages\django\db\backends\sqlite3\base.py", line 329, in execute
    return super().execute(query, params)
           ^^^^^^^^^^^^^^^^^^^^^^^^^^^^^^
django.db.utils.OperationalError: database is locked
ERROR 2025-10-09 15:24:48,382 basehttp 5932 15172 "GET /stock-declaration/api/notifications/ HTTP/1.1" 500 167089
INFO 2025-10-09 15:29:48,277 basehttp 5932 7252 "GET /stock-declaration/api/notifications/ HTTP/1.1" 200 50
INFO 2025-10-09 15:29:48,295 basehttp 5932 2104 "GET /docu-notification/api/notifications/ HTTP/1.1" 200 50
INFO 2025-10-09 15:34:48,272 basehttp 5932 2104 "GET /stock-declaration/api/notifications/ HTTP/1.1" 200 50
ERROR 2025-10-09 15:34:48,343 log 5932 7252 Internal Server Error: /docu-notification/api/notifications/
Traceback (most recent call last):
  File "C:\Users\User\AppData\Local\Programs\Python\Python312\Lib\site-packages\django\db\backends\utils.py", line 105, in _execute
    return self.cursor.execute(sql, params)
           ^^^^^^^^^^^^^^^^^^^^^^^^^^^^^^^^
  File "C:\Users\User\AppData\Local\Programs\Python\Python312\Lib\site-packages\django\db\backends\sqlite3\base.py", line 329, in execute
    return super().execute(query, params)
           ^^^^^^^^^^^^^^^^^^^^^^^^^^^^^^
sqlite3.OperationalError: database is locked

The above exception was the direct cause of the following exception:

Traceback (most recent call last):
  File "C:\Users\User\AppData\Local\Programs\Python\Python312\Lib\site-packages\django\core\handlers\exception.py", line 55, in inner
    response = get_response(request)
               ^^^^^^^^^^^^^^^^^^^^^
  File "C:\Users\User\Desktop\RPA\Website\PDN_Portal\pdnportal\chat\middleware.py", line 14, in __call__
    UserOnlineStatus.objects.update_or_create(
  File "C:\Users\User\AppData\Local\Programs\Python\Python312\Lib\site-packages\django\db\models\manager.py", line 87, in manager_method
    return getattr(self.get_queryset(), name)(*args, **kwargs)
           ^^^^^^^^^^^^^^^^^^^^^^^^^^^^^^^^^^^^^^^^^^^^^^^^^^^
  File "C:\Users\User\AppData\Local\Programs\Python\Python312\Lib\site-packages\django\db\models\query.py", line 1009, in update_or_create
    obj.save(using=self.db, update_fields=update_fields)
  File "C:\Users\User\AppData\Local\Programs\Python\Python312\Lib\site-packages\django\db\models\base.py", line 822, in save
    self.save_base(
  File "C:\Users\User\AppData\Local\Programs\Python\Python312\Lib\site-packages\django\db\models\base.py", line 909, in save_base
    updated = self._save_table(
              ^^^^^^^^^^^^^^^^^
  File "C:\Users\User\AppData\Local\Programs\Python\Python312\Lib\site-packages\django\db\models\base.py", line 1036, in _save_table
    updated = self._do_update(
              ^^^^^^^^^^^^^^^^
  File "C:\Users\User\AppData\Local\Programs\Python\Python312\Lib\site-packages\django\db\models\base.py", line 1101, in _do_update
    return filtered._update(values) > 0
           ^^^^^^^^^^^^^^^^^^^^^^^^
  File "C:\Users\User\AppData\Local\Programs\Python\Python312\Lib\site-packages\django\db\models\query.py", line 1278, in _update
    return query.get_compiler(self.db).execute_sql(CURSOR)
           ^^^^^^^^^^^^^^^^^^^^^^^^^^^^^^^^^^^^^^^^^^^^^^^
  File "C:\Users\User\AppData\Local\Programs\Python\Python312\Lib\site-packages\django\db\models\sql\compiler.py", line 1990, in execute_sql
    cursor = super().execute_sql(result_type)
             ^^^^^^^^^^^^^^^^^^^^^^^^^^^^^^^^
  File "C:\Users\User\AppData\Local\Programs\Python\Python312\Lib\site-packages\django\db\models\sql\compiler.py", line 1562, in execute_sql
    cursor.execute(sql, params)
  File "C:\Users\User\AppData\Local\Programs\Python\Python312\Lib\site-packages\django\db\backends\utils.py", line 122, in execute
    return super().execute(sql, params)
           ^^^^^^^^^^^^^^^^^^^^^^^^^^^^
  File "C:\Users\User\AppData\Local\Programs\Python\Python312\Lib\site-packages\django\db\backends\utils.py", line 79, in execute
    return self._execute_with_wrappers(
           ^^^^^^^^^^^^^^^^^^^^^^^^^^^^
  File "C:\Users\User\AppData\Local\Programs\Python\Python312\Lib\site-packages\django\db\backends\utils.py", line 92, in _execute_with_wrappers
    return executor(sql, params, many, context)
           ^^^^^^^^^^^^^^^^^^^^^^^^^^^^^^^^^^^^
  File "C:\Users\User\AppData\Local\Programs\Python\Python312\Lib\site-packages\django\db\backends\utils.py", line 100, in _execute
    with self.db.wrap_database_errors:
  File "C:\Users\User\AppData\Local\Programs\Python\Python312\Lib\site-packages\django\db\utils.py", line 91, in __exit__
    raise dj_exc_value.with_traceback(traceback) from exc_value
  File "C:\Users\User\AppData\Local\Programs\Python\Python312\Lib\site-packages\django\db\backends\utils.py", line 105, in _execute
    return self.cursor.execute(sql, params)
           ^^^^^^^^^^^^^^^^^^^^^^^^^^^^^^^^
  File "C:\Users\User\AppData\Local\Programs\Python\Python312\Lib\site-packages\django\db\backends\sqlite3\base.py", line 329, in execute
    return super().execute(query, params)
           ^^^^^^^^^^^^^^^^^^^^^^^^^^^^^^
django.db.utils.OperationalError: database is locked
ERROR 2025-10-09 15:34:48,343 basehttp 5932 7252 "GET /docu-notification/api/notifications/ HTTP/1.1" 500 167092
INFO 2025-10-09 15:39:48,286 basehttp 5932 2104 "GET /docu-notification/api/notifications/ HTTP/1.1" 200 50
ERROR 2025-10-09 15:39:48,332 log 5932 7252 Internal Server Error: /stock-declaration/api/notifications/
Traceback (most recent call last):
  File "C:\Users\User\AppData\Local\Programs\Python\Python312\Lib\site-packages\django\db\backends\utils.py", line 105, in _execute
    return self.cursor.execute(sql, params)
           ^^^^^^^^^^^^^^^^^^^^^^^^^^^^^^^^
  File "C:\Users\User\AppData\Local\Programs\Python\Python312\Lib\site-packages\django\db\backends\sqlite3\base.py", line 329, in execute
    return super().execute(query, params)
           ^^^^^^^^^^^^^^^^^^^^^^^^^^^^^^
sqlite3.OperationalError: database is locked

The above exception was the direct cause of the following exception:

Traceback (most recent call last):
  File "C:\Users\User\AppData\Local\Programs\Python\Python312\Lib\site-packages\django\core\handlers\exception.py", line 55, in inner
    response = get_response(request)
               ^^^^^^^^^^^^^^^^^^^^^
  File "C:\Users\User\Desktop\RPA\Website\PDN_Portal\pdnportal\chat\middleware.py", line 14, in __call__
    UserOnlineStatus.objects.update_or_create(
  File "C:\Users\User\AppData\Local\Programs\Python\Python312\Lib\site-packages\django\db\models\manager.py", line 87, in manager_method
    return getattr(self.get_queryset(), name)(*args, **kwargs)
           ^^^^^^^^^^^^^^^^^^^^^^^^^^^^^^^^^^^^^^^^^^^^^^^^^^^
  File "C:\Users\User\AppData\Local\Programs\Python\Python312\Lib\site-packages\django\db\models\query.py", line 1009, in update_or_create
    obj.save(using=self.db, update_fields=update_fields)
  File "C:\Users\User\AppData\Local\Programs\Python\Python312\Lib\site-packages\django\db\models\base.py", line 822, in save
    self.save_base(
  File "C:\Users\User\AppData\Local\Programs\Python\Python312\Lib\site-packages\django\db\models\base.py", line 909, in save_base
    updated = self._save_table(
              ^^^^^^^^^^^^^^^^^
  File "C:\Users\User\AppData\Local\Programs\Python\Python312\Lib\site-packages\django\db\models\base.py", line 1036, in _save_table
    updated = self._do_update(
              ^^^^^^^^^^^^^^^^
  File "C:\Users\User\AppData\Local\Programs\Python\Python312\Lib\site-packages\django\db\models\base.py", line 1101, in _do_update
    return filtered._update(values) > 0
           ^^^^^^^^^^^^^^^^^^^^^^^^
  File "C:\Users\User\AppData\Local\Programs\Python\Python312\Lib\site-packages\django\db\models\query.py", line 1278, in _update
    return query.get_compiler(self.db).execute_sql(CURSOR)
           ^^^^^^^^^^^^^^^^^^^^^^^^^^^^^^^^^^^^^^^^^^^^^^^
  File "C:\Users\User\AppData\Local\Programs\Python\Python312\Lib\site-packages\django\db\models\sql\compiler.py", line 1990, in execute_sql
    cursor = super().execute_sql(result_type)
             ^^^^^^^^^^^^^^^^^^^^^^^^^^^^^^^^
  File "C:\Users\User\AppData\Local\Programs\Python\Python312\Lib\site-packages\django\db\models\sql\compiler.py", line 1562, in execute_sql
    cursor.execute(sql, params)
  File "C:\Users\User\AppData\Local\Programs\Python\Python312\Lib\site-packages\django\db\backends\utils.py", line 122, in execute
    return super().execute(sql, params)
           ^^^^^^^^^^^^^^^^^^^^^^^^^^^^
  File "C:\Users\User\AppData\Local\Programs\Python\Python312\Lib\site-packages\django\db\backends\utils.py", line 79, in execute
    return self._execute_with_wrappers(
           ^^^^^^^^^^^^^^^^^^^^^^^^^^^^
  File "C:\Users\User\AppData\Local\Programs\Python\Python312\Lib\site-packages\django\db\backends\utils.py", line 92, in _execute_with_wrappers
    return executor(sql, params, many, context)
           ^^^^^^^^^^^^^^^^^^^^^^^^^^^^^^^^^^^^
  File "C:\Users\User\AppData\Local\Programs\Python\Python312\Lib\site-packages\django\db\backends\utils.py", line 100, in _execute
    with self.db.wrap_database_errors:
  File "C:\Users\User\AppData\Local\Programs\Python\Python312\Lib\site-packages\django\db\utils.py", line 91, in __exit__
    raise dj_exc_value.with_traceback(traceback) from exc_value
  File "C:\Users\User\AppData\Local\Programs\Python\Python312\Lib\site-packages\django\db\backends\utils.py", line 105, in _execute
    return self.cursor.execute(sql, params)
           ^^^^^^^^^^^^^^^^^^^^^^^^^^^^^^^^
  File "C:\Users\User\AppData\Local\Programs\Python\Python312\Lib\site-packages\django\db\backends\sqlite3\base.py", line 329, in execute
    return super().execute(query, params)
           ^^^^^^^^^^^^^^^^^^^^^^^^^^^^^^
django.db.utils.OperationalError: database is locked
ERROR 2025-10-09 15:39:48,349 basehttp 5932 7252 "GET /stock-declaration/api/notifications/ HTTP/1.1" 500 167089
INFO 2025-10-09 15:44:48,327 basehttp 5932 7252 "GET /stock-declaration/api/notifications/ HTTP/1.1" 200 50
ERROR 2025-10-09 15:44:48,393 log 5932 2104 Internal Server Error: /docu-notification/api/notifications/
Traceback (most recent call last):
  File "C:\Users\User\AppData\Local\Programs\Python\Python312\Lib\site-packages\django\db\backends\utils.py", line 105, in _execute
    return self.cursor.execute(sql, params)
           ^^^^^^^^^^^^^^^^^^^^^^^^^^^^^^^^
  File "C:\Users\User\AppData\Local\Programs\Python\Python312\Lib\site-packages\django\db\backends\sqlite3\base.py", line 329, in execute
    return super().execute(query, params)
           ^^^^^^^^^^^^^^^^^^^^^^^^^^^^^^
sqlite3.OperationalError: database is locked

The above exception was the direct cause of the following exception:

Traceback (most recent call last):
  File "C:\Users\User\AppData\Local\Programs\Python\Python312\Lib\site-packages\django\core\handlers\exception.py", line 55, in inner
    response = get_response(request)
               ^^^^^^^^^^^^^^^^^^^^^
  File "C:\Users\User\Desktop\RPA\Website\PDN_Portal\pdnportal\chat\middleware.py", line 14, in __call__
    UserOnlineStatus.objects.update_or_create(
  File "C:\Users\User\AppData\Local\Programs\Python\Python312\Lib\site-packages\django\db\models\manager.py", line 87, in manager_method
    return getattr(self.get_queryset(), name)(*args, **kwargs)
           ^^^^^^^^^^^^^^^^^^^^^^^^^^^^^^^^^^^^^^^^^^^^^^^^^^^
  File "C:\Users\User\AppData\Local\Programs\Python\Python312\Lib\site-packages\django\db\models\query.py", line 1009, in update_or_create
    obj.save(using=self.db, update_fields=update_fields)
  File "C:\Users\User\AppData\Local\Programs\Python\Python312\Lib\site-packages\django\db\models\base.py", line 822, in save
    self.save_base(
  File "C:\Users\User\AppData\Local\Programs\Python\Python312\Lib\site-packages\django\db\models\base.py", line 909, in save_base
    updated = self._save_table(
              ^^^^^^^^^^^^^^^^^
  File "C:\Users\User\AppData\Local\Programs\Python\Python312\Lib\site-packages\django\db\models\base.py", line 1036, in _save_table
    updated = self._do_update(
              ^^^^^^^^^^^^^^^^
  File "C:\Users\User\AppData\Local\Programs\Python\Python312\Lib\site-packages\django\db\models\base.py", line 1101, in _do_update
    return filtered._update(values) > 0
           ^^^^^^^^^^^^^^^^^^^^^^^^
  File "C:\Users\User\AppData\Local\Programs\Python\Python312\Lib\site-packages\django\db\models\query.py", line 1278, in _update
    return query.get_compiler(self.db).execute_sql(CURSOR)
           ^^^^^^^^^^^^^^^^^^^^^^^^^^^^^^^^^^^^^^^^^^^^^^^
  File "C:\Users\User\AppData\Local\Programs\Python\Python312\Lib\site-packages\django\db\models\sql\compiler.py", line 1990, in execute_sql
    cursor = super().execute_sql(result_type)
             ^^^^^^^^^^^^^^^^^^^^^^^^^^^^^^^^
  File "C:\Users\User\AppData\Local\Programs\Python\Python312\Lib\site-packages\django\db\models\sql\compiler.py", line 1562, in execute_sql
    cursor.execute(sql, params)
  File "C:\Users\User\AppData\Local\Programs\Python\Python312\Lib\site-packages\django\db\backends\utils.py", line 122, in execute
    return super().execute(sql, params)
           ^^^^^^^^^^^^^^^^^^^^^^^^^^^^
  File "C:\Users\User\AppData\Local\Programs\Python\Python312\Lib\site-packages\django\db\backends\utils.py", line 79, in execute
    return self._execute_with_wrappers(
           ^^^^^^^^^^^^^^^^^^^^^^^^^^^^
  File "C:\Users\User\AppData\Local\Programs\Python\Python312\Lib\site-packages\django\db\backends\utils.py", line 92, in _execute_with_wrappers
    return executor(sql, params, many, context)
           ^^^^^^^^^^^^^^^^^^^^^^^^^^^^^^^^^^^^
  File "C:\Users\User\AppData\Local\Programs\Python\Python312\Lib\site-packages\django\db\backends\utils.py", line 100, in _execute
    with self.db.wrap_database_errors:
  File "C:\Users\User\AppData\Local\Programs\Python\Python312\Lib\site-packages\django\db\utils.py", line 91, in __exit__
    raise dj_exc_value.with_traceback(traceback) from exc_value
  File "C:\Users\User\AppData\Local\Programs\Python\Python312\Lib\site-packages\django\db\backends\utils.py", line 105, in _execute
    return self.cursor.execute(sql, params)
           ^^^^^^^^^^^^^^^^^^^^^^^^^^^^^^^^
  File "C:\Users\User\AppData\Local\Programs\Python\Python312\Lib\site-packages\django\db\backends\sqlite3\base.py", line 329, in execute
    return super().execute(query, params)
           ^^^^^^^^^^^^^^^^^^^^^^^^^^^^^^
django.db.utils.OperationalError: database is locked
ERROR 2025-10-09 15:44:48,403 basehttp 5932 2104 "GET /docu-notification/api/notifications/ HTTP/1.1" 500 167092
INFO 2025-10-09 15:49:48,299 basehttp 5932 7252 "GET /docu-notification/api/notifications/ HTTP/1.1" 200 50
ERROR 2025-10-09 15:49:48,374 log 5932 2104 Internal Server Error: /stock-declaration/api/notifications/
Traceback (most recent call last):
  File "C:\Users\User\AppData\Local\Programs\Python\Python312\Lib\site-packages\django\db\backends\utils.py", line 105, in _execute
    return self.cursor.execute(sql, params)
           ^^^^^^^^^^^^^^^^^^^^^^^^^^^^^^^^
  File "C:\Users\User\AppData\Local\Programs\Python\Python312\Lib\site-packages\django\db\backends\sqlite3\base.py", line 329, in execute
    return super().execute(query, params)
           ^^^^^^^^^^^^^^^^^^^^^^^^^^^^^^
sqlite3.OperationalError: database is locked

The above exception was the direct cause of the following exception:

Traceback (most recent call last):
  File "C:\Users\User\AppData\Local\Programs\Python\Python312\Lib\site-packages\django\core\handlers\exception.py", line 55, in inner
    response = get_response(request)
               ^^^^^^^^^^^^^^^^^^^^^
  File "C:\Users\User\Desktop\RPA\Website\PDN_Portal\pdnportal\chat\middleware.py", line 14, in __call__
    UserOnlineStatus.objects.update_or_create(
  File "C:\Users\User\AppData\Local\Programs\Python\Python312\Lib\site-packages\django\db\models\manager.py", line 87, in manager_method
    return getattr(self.get_queryset(), name)(*args, **kwargs)
           ^^^^^^^^^^^^^^^^^^^^^^^^^^^^^^^^^^^^^^^^^^^^^^^^^^^
  File "C:\Users\User\AppData\Local\Programs\Python\Python312\Lib\site-packages\django\db\models\query.py", line 1009, in update_or_create
    obj.save(using=self.db, update_fields=update_fields)
  File "C:\Users\User\AppData\Local\Programs\Python\Python312\Lib\site-packages\django\db\models\base.py", line 822, in save
    self.save_base(
  File "C:\Users\User\AppData\Local\Programs\Python\Python312\Lib\site-packages\django\db\models\base.py", line 909, in save_base
    updated = self._save_table(
              ^^^^^^^^^^^^^^^^^
  File "C:\Users\User\AppData\Local\Programs\Python\Python312\Lib\site-packages\django\db\models\base.py", line 1036, in _save_table
    updated = self._do_update(
              ^^^^^^^^^^^^^^^^
  File "C:\Users\User\AppData\Local\Programs\Python\Python312\Lib\site-packages\django\db\models\base.py", line 1101, in _do_update
    return filtered._update(values) > 0
           ^^^^^^^^^^^^^^^^^^^^^^^^
  File "C:\Users\User\AppData\Local\Programs\Python\Python312\Lib\site-packages\django\db\models\query.py", line 1278, in _update
    return query.get_compiler(self.db).execute_sql(CURSOR)
           ^^^^^^^^^^^^^^^^^^^^^^^^^^^^^^^^^^^^^^^^^^^^^^^
  File "C:\Users\User\AppData\Local\Programs\Python\Python312\Lib\site-packages\django\db\models\sql\compiler.py", line 1990, in execute_sql
    cursor = super().execute_sql(result_type)
             ^^^^^^^^^^^^^^^^^^^^^^^^^^^^^^^^
  File "C:\Users\User\AppData\Local\Programs\Python\Python312\Lib\site-packages\django\db\models\sql\compiler.py", line 1562, in execute_sql
    cursor.execute(sql, params)
  File "C:\Users\User\AppData\Local\Programs\Python\Python312\Lib\site-packages\django\db\backends\utils.py", line 122, in execute
    return super().execute(sql, params)
           ^^^^^^^^^^^^^^^^^^^^^^^^^^^^
  File "C:\Users\User\AppData\Local\Programs\Python\Python312\Lib\site-packages\django\db\backends\utils.py", line 79, in execute
    return self._execute_with_wrappers(
           ^^^^^^^^^^^^^^^^^^^^^^^^^^^^
  File "C:\Users\User\AppData\Local\Programs\Python\Python312\Lib\site-packages\django\db\backends\utils.py", line 92, in _execute_with_wrappers
    return executor(sql, params, many, context)
           ^^^^^^^^^^^^^^^^^^^^^^^^^^^^^^^^^^^^
  File "C:\Users\User\AppData\Local\Programs\Python\Python312\Lib\site-packages\django\db\backends\utils.py", line 100, in _execute
    with self.db.wrap_database_errors:
  File "C:\Users\User\AppData\Local\Programs\Python\Python312\Lib\site-packages\django\db\utils.py", line 91, in __exit__
    raise dj_exc_value.with_traceback(traceback) from exc_value
  File "C:\Users\User\AppData\Local\Programs\Python\Python312\Lib\site-packages\django\db\backends\utils.py", line 105, in _execute
    return self.cursor.execute(sql, params)
           ^^^^^^^^^^^^^^^^^^^^^^^^^^^^^^^^
  File "C:\Users\User\AppData\Local\Programs\Python\Python312\Lib\site-packages\django\db\backends\sqlite3\base.py", line 329, in execute
    return super().execute(query, params)
           ^^^^^^^^^^^^^^^^^^^^^^^^^^^^^^
django.db.utils.OperationalError: database is locked
ERROR 2025-10-09 15:49:48,377 basehttp 5932 2104 "GET /stock-declaration/api/notifications/ HTTP/1.1" 500 167089
INFO 2025-10-09 15:49:55,786 autoreload 5932 12976 C:\Users\User\Desktop\RPA\Website\PDN_Portal\pdnportal\stockdeclaration\views.py changed, reloading.
INFO 2025-10-09 15:49:56,604 autoreload 12756 7940 Watching for file changes with StatReloader
INFO 2025-10-09 15:50:03,814 basehttp 12756 18276 "GET /docu-notification/ HTTP/1.1" 200 91632
INFO 2025-10-09 15:50:03,921 basehttp 12756 25536 "GET /docu-notification/api/notifications/ HTTP/1.1" 200 50
ERROR 2025-10-09 15:50:04,001 log 12756 18276 Internal Server Error: /stock-declaration/api/notifications/
Traceback (most recent call last):
  File "C:\Users\User\AppData\Local\Programs\Python\Python312\Lib\site-packages\django\db\backends\utils.py", line 105, in _execute
    return self.cursor.execute(sql, params)
           ^^^^^^^^^^^^^^^^^^^^^^^^^^^^^^^^
  File "C:\Users\User\AppData\Local\Programs\Python\Python312\Lib\site-packages\django\db\backends\sqlite3\base.py", line 329, in execute
    return super().execute(query, params)
           ^^^^^^^^^^^^^^^^^^^^^^^^^^^^^^
sqlite3.OperationalError: database is locked

The above exception was the direct cause of the following exception:

Traceback (most recent call last):
  File "C:\Users\User\AppData\Local\Programs\Python\Python312\Lib\site-packages\django\core\handlers\exception.py", line 55, in inner
    response = get_response(request)
               ^^^^^^^^^^^^^^^^^^^^^
  File "C:\Users\User\Desktop\RPA\Website\PDN_Portal\pdnportal\chat\middleware.py", line 14, in __call__
    UserOnlineStatus.objects.update_or_create(
  File "C:\Users\User\AppData\Local\Programs\Python\Python312\Lib\site-packages\django\db\models\manager.py", line 87, in manager_method
    return getattr(self.get_queryset(), name)(*args, **kwargs)
           ^^^^^^^^^^^^^^^^^^^^^^^^^^^^^^^^^^^^^^^^^^^^^^^^^^^
  File "C:\Users\User\AppData\Local\Programs\Python\Python312\Lib\site-packages\django\db\models\query.py", line 1009, in update_or_create
    obj.save(using=self.db, update_fields=update_fields)
  File "C:\Users\User\AppData\Local\Programs\Python\Python312\Lib\site-packages\django\db\models\base.py", line 822, in save
    self.save_base(
  File "C:\Users\User\AppData\Local\Programs\Python\Python312\Lib\site-packages\django\db\models\base.py", line 909, in save_base
    updated = self._save_table(
              ^^^^^^^^^^^^^^^^^
  File "C:\Users\User\AppData\Local\Programs\Python\Python312\Lib\site-packages\django\db\models\base.py", line 1036, in _save_table
    updated = self._do_update(
              ^^^^^^^^^^^^^^^^
  File "C:\Users\User\AppData\Local\Programs\Python\Python312\Lib\site-packages\django\db\models\base.py", line 1101, in _do_update
    return filtered._update(values) > 0
           ^^^^^^^^^^^^^^^^^^^^^^^^
  File "C:\Users\User\AppData\Local\Programs\Python\Python312\Lib\site-packages\django\db\models\query.py", line 1278, in _update
    return query.get_compiler(self.db).execute_sql(CURSOR)
           ^^^^^^^^^^^^^^^^^^^^^^^^^^^^^^^^^^^^^^^^^^^^^^^
  File "C:\Users\User\AppData\Local\Programs\Python\Python312\Lib\site-packages\django\db\models\sql\compiler.py", line 1990, in execute_sql
    cursor = super().execute_sql(result_type)
             ^^^^^^^^^^^^^^^^^^^^^^^^^^^^^^^^
  File "C:\Users\User\AppData\Local\Programs\Python\Python312\Lib\site-packages\django\db\models\sql\compiler.py", line 1562, in execute_sql
    cursor.execute(sql, params)
  File "C:\Users\User\AppData\Local\Programs\Python\Python312\Lib\site-packages\django\db\backends\utils.py", line 122, in execute
    return super().execute(sql, params)
           ^^^^^^^^^^^^^^^^^^^^^^^^^^^^
  File "C:\Users\User\AppData\Local\Programs\Python\Python312\Lib\site-packages\django\db\backends\utils.py", line 79, in execute
    return self._execute_with_wrappers(
           ^^^^^^^^^^^^^^^^^^^^^^^^^^^^
  File "C:\Users\User\AppData\Local\Programs\Python\Python312\Lib\site-packages\django\db\backends\utils.py", line 92, in _execute_with_wrappers
    return executor(sql, params, many, context)
           ^^^^^^^^^^^^^^^^^^^^^^^^^^^^^^^^^^^^
  File "C:\Users\User\AppData\Local\Programs\Python\Python312\Lib\site-packages\django\db\backends\utils.py", line 100, in _execute
    with self.db.wrap_database_errors:
  File "C:\Users\User\AppData\Local\Programs\Python\Python312\Lib\site-packages\django\db\utils.py", line 91, in __exit__
    raise dj_exc_value.with_traceback(traceback) from exc_value
  File "C:\Users\User\AppData\Local\Programs\Python\Python312\Lib\site-packages\django\db\backends\utils.py", line 105, in _execute
    return self.cursor.execute(sql, params)
           ^^^^^^^^^^^^^^^^^^^^^^^^^^^^^^^^
  File "C:\Users\User\AppData\Local\Programs\Python\Python312\Lib\site-packages\django\db\backends\sqlite3\base.py", line 329, in execute
    return super().execute(query, params)
           ^^^^^^^^^^^^^^^^^^^^^^^^^^^^^^
django.db.utils.OperationalError: database is locked
ERROR 2025-10-09 15:50:04,015 basehttp 12756 18276 "GET /stock-declaration/api/notifications/ HTTP/1.1" 500 167086
INFO 2025-10-09 15:50:07,412 basehttp 12756 18276 "GET /docu-notification/ HTTP/1.1" 200 91632
INFO 2025-10-09 15:50:07,493 basehttp 12756 25536 "GET /docu-notification/api/notifications/ HTTP/1.1" 200 50
ERROR 2025-10-09 15:50:07,542 log 12756 18276 Internal Server Error: /stock-declaration/api/notifications/
Traceback (most recent call last):
  File "C:\Users\User\AppData\Local\Programs\Python\Python312\Lib\site-packages\django\db\backends\utils.py", line 105, in _execute
    return self.cursor.execute(sql, params)
           ^^^^^^^^^^^^^^^^^^^^^^^^^^^^^^^^
  File "C:\Users\User\AppData\Local\Programs\Python\Python312\Lib\site-packages\django\db\backends\sqlite3\base.py", line 329, in execute
    return super().execute(query, params)
           ^^^^^^^^^^^^^^^^^^^^^^^^^^^^^^
sqlite3.OperationalError: database is locked

The above exception was the direct cause of the following exception:

Traceback (most recent call last):
  File "C:\Users\User\AppData\Local\Programs\Python\Python312\Lib\site-packages\django\core\handlers\exception.py", line 55, in inner
    response = get_response(request)
               ^^^^^^^^^^^^^^^^^^^^^
  File "C:\Users\User\Desktop\RPA\Website\PDN_Portal\pdnportal\chat\middleware.py", line 14, in __call__
    UserOnlineStatus.objects.update_or_create(
  File "C:\Users\User\AppData\Local\Programs\Python\Python312\Lib\site-packages\django\db\models\manager.py", line 87, in manager_method
    return getattr(self.get_queryset(), name)(*args, **kwargs)
           ^^^^^^^^^^^^^^^^^^^^^^^^^^^^^^^^^^^^^^^^^^^^^^^^^^^
  File "C:\Users\User\AppData\Local\Programs\Python\Python312\Lib\site-packages\django\db\models\query.py", line 1009, in update_or_create
    obj.save(using=self.db, update_fields=update_fields)
  File "C:\Users\User\AppData\Local\Programs\Python\Python312\Lib\site-packages\django\db\models\base.py", line 822, in save
    self.save_base(
  File "C:\Users\User\AppData\Local\Programs\Python\Python312\Lib\site-packages\django\db\models\base.py", line 909, in save_base
    updated = self._save_table(
              ^^^^^^^^^^^^^^^^^
  File "C:\Users\User\AppData\Local\Programs\Python\Python312\Lib\site-packages\django\db\models\base.py", line 1036, in _save_table
    updated = self._do_update(
              ^^^^^^^^^^^^^^^^
  File "C:\Users\User\AppData\Local\Programs\Python\Python312\Lib\site-packages\django\db\models\base.py", line 1101, in _do_update
    return filtered._update(values) > 0
           ^^^^^^^^^^^^^^^^^^^^^^^^
  File "C:\Users\User\AppData\Local\Programs\Python\Python312\Lib\site-packages\django\db\models\query.py", line 1278, in _update
    return query.get_compiler(self.db).execute_sql(CURSOR)
           ^^^^^^^^^^^^^^^^^^^^^^^^^^^^^^^^^^^^^^^^^^^^^^^
  File "C:\Users\User\AppData\Local\Programs\Python\Python312\Lib\site-packages\django\db\models\sql\compiler.py", line 1990, in execute_sql
    cursor = super().execute_sql(result_type)
             ^^^^^^^^^^^^^^^^^^^^^^^^^^^^^^^^
  File "C:\Users\User\AppData\Local\Programs\Python\Python312\Lib\site-packages\django\db\models\sql\compiler.py", line 1562, in execute_sql
    cursor.execute(sql, params)
  File "C:\Users\User\AppData\Local\Programs\Python\Python312\Lib\site-packages\django\db\backends\utils.py", line 122, in execute
    return super().execute(sql, params)
           ^^^^^^^^^^^^^^^^^^^^^^^^^^^^
  File "C:\Users\User\AppData\Local\Programs\Python\Python312\Lib\site-packages\django\db\backends\utils.py", line 79, in execute
    return self._execute_with_wrappers(
           ^^^^^^^^^^^^^^^^^^^^^^^^^^^^
  File "C:\Users\User\AppData\Local\Programs\Python\Python312\Lib\site-packages\django\db\backends\utils.py", line 92, in _execute_with_wrappers
    return executor(sql, params, many, context)
           ^^^^^^^^^^^^^^^^^^^^^^^^^^^^^^^^^^^^
  File "C:\Users\User\AppData\Local\Programs\Python\Python312\Lib\site-packages\django\db\backends\utils.py", line 100, in _execute
    with self.db.wrap_database_errors:
  File "C:\Users\User\AppData\Local\Programs\Python\Python312\Lib\site-packages\django\db\utils.py", line 91, in __exit__
    raise dj_exc_value.with_traceback(traceback) from exc_value
  File "C:\Users\User\AppData\Local\Programs\Python\Python312\Lib\site-packages\django\db\backends\utils.py", line 105, in _execute
    return self.cursor.execute(sql, params)
           ^^^^^^^^^^^^^^^^^^^^^^^^^^^^^^^^
  File "C:\Users\User\AppData\Local\Programs\Python\Python312\Lib\site-packages\django\db\backends\sqlite3\base.py", line 329, in execute
    return super().execute(query, params)
           ^^^^^^^^^^^^^^^^^^^^^^^^^^^^^^
django.db.utils.OperationalError: database is locked
ERROR 2025-10-09 15:50:07,543 basehttp 12756 18276 "GET /stock-declaration/api/notifications/ HTTP/1.1" 500 167086
INFO 2025-10-09 15:55:08,310 basehttp 12756 26708 "GET /docu-notification/api/notifications/ HTTP/1.1" 200 50
ERROR 2025-10-09 15:55:08,422 log 12756 14996 Internal Server Error: /stock-declaration/api/notifications/
Traceback (most recent call last):
  File "C:\Users\User\AppData\Local\Programs\Python\Python312\Lib\site-packages\django\db\backends\utils.py", line 105, in _execute
    return self.cursor.execute(sql, params)
           ^^^^^^^^^^^^^^^^^^^^^^^^^^^^^^^^
  File "C:\Users\User\AppData\Local\Programs\Python\Python312\Lib\site-packages\django\db\backends\sqlite3\base.py", line 329, in execute
    return super().execute(query, params)
           ^^^^^^^^^^^^^^^^^^^^^^^^^^^^^^
sqlite3.OperationalError: database is locked

The above exception was the direct cause of the following exception:

Traceback (most recent call last):
  File "C:\Users\User\AppData\Local\Programs\Python\Python312\Lib\site-packages\django\core\handlers\exception.py", line 55, in inner
    response = get_response(request)
               ^^^^^^^^^^^^^^^^^^^^^
  File "C:\Users\User\Desktop\RPA\Website\PDN_Portal\pdnportal\chat\middleware.py", line 14, in __call__
    UserOnlineStatus.objects.update_or_create(
  File "C:\Users\User\AppData\Local\Programs\Python\Python312\Lib\site-packages\django\db\models\manager.py", line 87, in manager_method
    return getattr(self.get_queryset(), name)(*args, **kwargs)
           ^^^^^^^^^^^^^^^^^^^^^^^^^^^^^^^^^^^^^^^^^^^^^^^^^^^
  File "C:\Users\User\AppData\Local\Programs\Python\Python312\Lib\site-packages\django\db\models\query.py", line 1009, in update_or_create
    obj.save(using=self.db, update_fields=update_fields)
  File "C:\Users\User\AppData\Local\Programs\Python\Python312\Lib\site-packages\django\db\models\base.py", line 822, in save
    self.save_base(
  File "C:\Users\User\AppData\Local\Programs\Python\Python312\Lib\site-packages\django\db\models\base.py", line 909, in save_base
    updated = self._save_table(
              ^^^^^^^^^^^^^^^^^
  File "C:\Users\User\AppData\Local\Programs\Python\Python312\Lib\site-packages\django\db\models\base.py", line 1036, in _save_table
    updated = self._do_update(
              ^^^^^^^^^^^^^^^^
  File "C:\Users\User\AppData\Local\Programs\Python\Python312\Lib\site-packages\django\db\models\base.py", line 1101, in _do_update
    return filtered._update(values) > 0
           ^^^^^^^^^^^^^^^^^^^^^^^^
  File "C:\Users\User\AppData\Local\Programs\Python\Python312\Lib\site-packages\django\db\models\query.py", line 1278, in _update
    return query.get_compiler(self.db).execute_sql(CURSOR)
           ^^^^^^^^^^^^^^^^^^^^^^^^^^^^^^^^^^^^^^^^^^^^^^^
  File "C:\Users\User\AppData\Local\Programs\Python\Python312\Lib\site-packages\django\db\models\sql\compiler.py", line 1990, in execute_sql
    cursor = super().execute_sql(result_type)
             ^^^^^^^^^^^^^^^^^^^^^^^^^^^^^^^^
  File "C:\Users\User\AppData\Local\Programs\Python\Python312\Lib\site-packages\django\db\models\sql\compiler.py", line 1562, in execute_sql
    cursor.execute(sql, params)
  File "C:\Users\User\AppData\Local\Programs\Python\Python312\Lib\site-packages\django\db\backends\utils.py", line 122, in execute
    return super().execute(sql, params)
           ^^^^^^^^^^^^^^^^^^^^^^^^^^^^
  File "C:\Users\User\AppData\Local\Programs\Python\Python312\Lib\site-packages\django\db\backends\utils.py", line 79, in execute
    return self._execute_with_wrappers(
           ^^^^^^^^^^^^^^^^^^^^^^^^^^^^
  File "C:\Users\User\AppData\Local\Programs\Python\Python312\Lib\site-packages\django\db\backends\utils.py", line 92, in _execute_with_wrappers
    return executor(sql, params, many, context)
           ^^^^^^^^^^^^^^^^^^^^^^^^^^^^^^^^^^^^
  File "C:\Users\User\AppData\Local\Programs\Python\Python312\Lib\site-packages\django\db\backends\utils.py", line 100, in _execute
    with self.db.wrap_database_errors:
  File "C:\Users\User\AppData\Local\Programs\Python\Python312\Lib\site-packages\django\db\utils.py", line 91, in __exit__
    raise dj_exc_value.with_traceback(traceback) from exc_value
  File "C:\Users\User\AppData\Local\Programs\Python\Python312\Lib\site-packages\django\db\backends\utils.py", line 105, in _execute
    return self.cursor.execute(sql, params)
           ^^^^^^^^^^^^^^^^^^^^^^^^^^^^^^^^
  File "C:\Users\User\AppData\Local\Programs\Python\Python312\Lib\site-packages\django\db\backends\sqlite3\base.py", line 329, in execute
    return super().execute(query, params)
           ^^^^^^^^^^^^^^^^^^^^^^^^^^^^^^
django.db.utils.OperationalError: database is locked
ERROR 2025-10-09 15:55:08,431 basehttp 12756 14996 "GET /stock-declaration/api/notifications/ HTTP/1.1" 500 167086
INFO 2025-10-09 15:59:33,034 basehttp 12756 16524 "GET /stock-declaration/ HTTP/1.1" 200 101769
INFO 2025-10-09 15:59:33,157 basehttp 12756 25860 "GET /docu-notification/api/notifications/ HTTP/1.1" 200 50
INFO 2025-10-09 15:59:33,175 basehttp 12756 16524 "GET /stock-declaration/api/notifications/ HTTP/1.1" 200 50
INFO 2025-10-09 15:59:33,194 basehttp 12756 21820 "GET /stock-declaration/api/chart-data/?time_range=month&stock_type=all HTTP/1.1" 200 2223
INFO 2025-10-09 15:59:37,854 basehttp 12756 21820 "GET /stock-declaration/ HTTP/1.1" 200 101769
INFO 2025-10-09 15:59:37,962 basehttp 12756 16524 "GET /docu-notification/api/notifications/ HTTP/1.1" 200 50
INFO 2025-10-09 15:59:37,992 basehttp 12756 25860 "GET /stock-declaration/api/chart-data/?time_range=month&stock_type=all HTTP/1.1" 200 2223
ERROR 2025-10-09 15:59:38,060 log 12756 21820 Internal Server Error: /stock-declaration/api/notifications/
Traceback (most recent call last):
  File "C:\Users\User\AppData\Local\Programs\Python\Python312\Lib\site-packages\django\db\backends\utils.py", line 105, in _execute
    return self.cursor.execute(sql, params)
           ^^^^^^^^^^^^^^^^^^^^^^^^^^^^^^^^
  File "C:\Users\User\AppData\Local\Programs\Python\Python312\Lib\site-packages\django\db\backends\sqlite3\base.py", line 329, in execute
    return super().execute(query, params)
           ^^^^^^^^^^^^^^^^^^^^^^^^^^^^^^
sqlite3.OperationalError: database is locked

The above exception was the direct cause of the following exception:

Traceback (most recent call last):
  File "C:\Users\User\AppData\Local\Programs\Python\Python312\Lib\site-packages\django\core\handlers\exception.py", line 55, in inner
    response = get_response(request)
               ^^^^^^^^^^^^^^^^^^^^^
  File "C:\Users\User\Desktop\RPA\Website\PDN_Portal\pdnportal\chat\middleware.py", line 14, in __call__
    UserOnlineStatus.objects.update_or_create(
  File "C:\Users\User\AppData\Local\Programs\Python\Python312\Lib\site-packages\django\db\models\manager.py", line 87, in manager_method
    return getattr(self.get_queryset(), name)(*args, **kwargs)
           ^^^^^^^^^^^^^^^^^^^^^^^^^^^^^^^^^^^^^^^^^^^^^^^^^^^
  File "C:\Users\User\AppData\Local\Programs\Python\Python312\Lib\site-packages\django\db\models\query.py", line 1009, in update_or_create
    obj.save(using=self.db, update_fields=update_fields)
  File "C:\Users\User\AppData\Local\Programs\Python\Python312\Lib\site-packages\django\db\models\base.py", line 822, in save
    self.save_base(
  File "C:\Users\User\AppData\Local\Programs\Python\Python312\Lib\site-packages\django\db\models\base.py", line 909, in save_base
    updated = self._save_table(
              ^^^^^^^^^^^^^^^^^
  File "C:\Users\User\AppData\Local\Programs\Python\Python312\Lib\site-packages\django\db\models\base.py", line 1036, in _save_table
    updated = self._do_update(
              ^^^^^^^^^^^^^^^^
  File "C:\Users\User\AppData\Local\Programs\Python\Python312\Lib\site-packages\django\db\models\base.py", line 1101, in _do_update
    return filtered._update(values) > 0
           ^^^^^^^^^^^^^^^^^^^^^^^^
  File "C:\Users\User\AppData\Local\Programs\Python\Python312\Lib\site-packages\django\db\models\query.py", line 1278, in _update
    return query.get_compiler(self.db).execute_sql(CURSOR)
           ^^^^^^^^^^^^^^^^^^^^^^^^^^^^^^^^^^^^^^^^^^^^^^^
  File "C:\Users\User\AppData\Local\Programs\Python\Python312\Lib\site-packages\django\db\models\sql\compiler.py", line 1990, in execute_sql
    cursor = super().execute_sql(result_type)
             ^^^^^^^^^^^^^^^^^^^^^^^^^^^^^^^^
  File "C:\Users\User\AppData\Local\Programs\Python\Python312\Lib\site-packages\django\db\models\sql\compiler.py", line 1562, in execute_sql
    cursor.execute(sql, params)
  File "C:\Users\User\AppData\Local\Programs\Python\Python312\Lib\site-packages\django\db\backends\utils.py", line 122, in execute
    return super().execute(sql, params)
           ^^^^^^^^^^^^^^^^^^^^^^^^^^^^
  File "C:\Users\User\AppData\Local\Programs\Python\Python312\Lib\site-packages\django\db\backends\utils.py", line 79, in execute
    return self._execute_with_wrappers(
           ^^^^^^^^^^^^^^^^^^^^^^^^^^^^
  File "C:\Users\User\AppData\Local\Programs\Python\Python312\Lib\site-packages\django\db\backends\utils.py", line 92, in _execute_with_wrappers
    return executor(sql, params, many, context)
           ^^^^^^^^^^^^^^^^^^^^^^^^^^^^^^^^^^^^
  File "C:\Users\User\AppData\Local\Programs\Python\Python312\Lib\site-packages\django\db\backends\utils.py", line 100, in _execute
    with self.db.wrap_database_errors:
  File "C:\Users\User\AppData\Local\Programs\Python\Python312\Lib\site-packages\django\db\utils.py", line 91, in __exit__
    raise dj_exc_value.with_traceback(traceback) from exc_value
  File "C:\Users\User\AppData\Local\Programs\Python\Python312\Lib\site-packages\django\db\backends\utils.py", line 105, in _execute
    return self.cursor.execute(sql, params)
           ^^^^^^^^^^^^^^^^^^^^^^^^^^^^^^^^
  File "C:\Users\User\AppData\Local\Programs\Python\Python312\Lib\site-packages\django\db\backends\sqlite3\base.py", line 329, in execute
    return super().execute(query, params)
           ^^^^^^^^^^^^^^^^^^^^^^^^^^^^^^
django.db.utils.OperationalError: database is locked
ERROR 2025-10-09 15:59:38,069 basehttp 12756 21820 "GET /stock-declaration/api/notifications/ HTTP/1.1" 500 167089
INFO 2025-10-09 15:59:40,360 basehttp 12756 21820 "GET /stock-declaration/ HTTP/1.1" 200 101769
INFO 2025-10-09 15:59:40,439 basehttp 12756 25860 "GET /docu-notification/api/notifications/ HTTP/1.1" 200 50
INFO 2025-10-09 15:59:40,449 basehttp 12756 16524 "GET /stock-declaration/api/chart-data/?time_range=month&stock_type=all HTTP/1.1" 200 2223
ERROR 2025-10-09 15:59:40,512 log 12756 21820 Internal Server Error: /stock-declaration/api/notifications/
Traceback (most recent call last):
  File "C:\Users\User\AppData\Local\Programs\Python\Python312\Lib\site-packages\django\db\backends\utils.py", line 105, in _execute
    return self.cursor.execute(sql, params)
           ^^^^^^^^^^^^^^^^^^^^^^^^^^^^^^^^
  File "C:\Users\User\AppData\Local\Programs\Python\Python312\Lib\site-packages\django\db\backends\sqlite3\base.py", line 329, in execute
    return super().execute(query, params)
           ^^^^^^^^^^^^^^^^^^^^^^^^^^^^^^
sqlite3.OperationalError: database is locked

The above exception was the direct cause of the following exception:

Traceback (most recent call last):
  File "C:\Users\User\AppData\Local\Programs\Python\Python312\Lib\site-packages\django\core\handlers\exception.py", line 55, in inner
    response = get_response(request)
               ^^^^^^^^^^^^^^^^^^^^^
  File "C:\Users\User\Desktop\RPA\Website\PDN_Portal\pdnportal\chat\middleware.py", line 14, in __call__
    UserOnlineStatus.objects.update_or_create(
  File "C:\Users\User\AppData\Local\Programs\Python\Python312\Lib\site-packages\django\db\models\manager.py", line 87, in manager_method
    return getattr(self.get_queryset(), name)(*args, **kwargs)
           ^^^^^^^^^^^^^^^^^^^^^^^^^^^^^^^^^^^^^^^^^^^^^^^^^^^
  File "C:\Users\User\AppData\Local\Programs\Python\Python312\Lib\site-packages\django\db\models\query.py", line 1009, in update_or_create
    obj.save(using=self.db, update_fields=update_fields)
  File "C:\Users\User\AppData\Local\Programs\Python\Python312\Lib\site-packages\django\db\models\base.py", line 822, in save
    self.save_base(
  File "C:\Users\User\AppData\Local\Programs\Python\Python312\Lib\site-packages\django\db\models\base.py", line 909, in save_base
    updated = self._save_table(
              ^^^^^^^^^^^^^^^^^
  File "C:\Users\User\AppData\Local\Programs\Python\Python312\Lib\site-packages\django\db\models\base.py", line 1036, in _save_table
    updated = self._do_update(
              ^^^^^^^^^^^^^^^^
  File "C:\Users\User\AppData\Local\Programs\Python\Python312\Lib\site-packages\django\db\models\base.py", line 1101, in _do_update
    return filtered._update(values) > 0
           ^^^^^^^^^^^^^^^^^^^^^^^^
  File "C:\Users\User\AppData\Local\Programs\Python\Python312\Lib\site-packages\django\db\models\query.py", line 1278, in _update
    return query.get_compiler(self.db).execute_sql(CURSOR)
           ^^^^^^^^^^^^^^^^^^^^^^^^^^^^^^^^^^^^^^^^^^^^^^^
  File "C:\Users\User\AppData\Local\Programs\Python\Python312\Lib\site-packages\django\db\models\sql\compiler.py", line 1990, in execute_sql
    cursor = super().execute_sql(result_type)
             ^^^^^^^^^^^^^^^^^^^^^^^^^^^^^^^^
  File "C:\Users\User\AppData\Local\Programs\Python\Python312\Lib\site-packages\django\db\models\sql\compiler.py", line 1562, in execute_sql
    cursor.execute(sql, params)
  File "C:\Users\User\AppData\Local\Programs\Python\Python312\Lib\site-packages\django\db\backends\utils.py", line 122, in execute
    return super().execute(sql, params)
           ^^^^^^^^^^^^^^^^^^^^^^^^^^^^
  File "C:\Users\User\AppData\Local\Programs\Python\Python312\Lib\site-packages\django\db\backends\utils.py", line 79, in execute
    return self._execute_with_wrappers(
           ^^^^^^^^^^^^^^^^^^^^^^^^^^^^
  File "C:\Users\User\AppData\Local\Programs\Python\Python312\Lib\site-packages\django\db\backends\utils.py", line 92, in _execute_with_wrappers
    return executor(sql, params, many, context)
           ^^^^^^^^^^^^^^^^^^^^^^^^^^^^^^^^^^^^
  File "C:\Users\User\AppData\Local\Programs\Python\Python312\Lib\site-packages\django\db\backends\utils.py", line 100, in _execute
    with self.db.wrap_database_errors:
  File "C:\Users\User\AppData\Local\Programs\Python\Python312\Lib\site-packages\django\db\utils.py", line 91, in __exit__
    raise dj_exc_value.with_traceback(traceback) from exc_value
  File "C:\Users\User\AppData\Local\Programs\Python\Python312\Lib\site-packages\django\db\backends\utils.py", line 105, in _execute
    return self.cursor.execute(sql, params)
           ^^^^^^^^^^^^^^^^^^^^^^^^^^^^^^^^
  File "C:\Users\User\AppData\Local\Programs\Python\Python312\Lib\site-packages\django\db\backends\sqlite3\base.py", line 329, in execute
    return super().execute(query, params)
           ^^^^^^^^^^^^^^^^^^^^^^^^^^^^^^
django.db.utils.OperationalError: database is locked
ERROR 2025-10-09 15:59:40,521 basehttp 12756 21820 "GET /stock-declaration/api/notifications/ HTTP/1.1" 500 167089
INFO 2025-10-09 15:59:43,433 basehttp 12756 21820 "GET /stock-declaration/ HTTP/1.1" 200 101769
INFO 2025-10-09 15:59:43,506 basehttp 12756 16524 "GET /docu-notification/api/notifications/ HTTP/1.1" 200 50
INFO 2025-10-09 15:59:43,531 basehttp 12756 25860 "GET /stock-declaration/api/chart-data/?time_range=month&stock_type=all HTTP/1.1" 200 2223
INFO 2025-10-09 15:59:43,542 basehttp 12756 21820 "GET /stock-declaration/api/notifications/ HTTP/1.1" 200 50
INFO 2025-10-09 15:59:45,260 basehttp 12756 21820 "GET /stock-declaration/ HTTP/1.1" 200 101769
INFO 2025-10-09 15:59:45,344 basehttp 12756 25860 "GET /docu-notification/api/notifications/ HTTP/1.1" 200 50
INFO 2025-10-09 15:59:45,364 basehttp 12756 16524 "GET /stock-declaration/api/chart-data/?time_range=month&stock_type=all HTTP/1.1" 200 2223
INFO 2025-10-09 15:59:45,379 basehttp 12756 21820 "GET /stock-declaration/api/notifications/ HTTP/1.1" 200 50
INFO 2025-10-09 15:59:46,838 basehttp 12756 21820 "GET /stock-declaration/ HTTP/1.1" 200 101769
INFO 2025-10-09 15:59:46,925 basehttp 12756 16524 "GET /docu-notification/api/notifications/ HTTP/1.1" 200 50
INFO 2025-10-09 15:59:46,945 basehttp 12756 21820 "GET /stock-declaration/api/notifications/ HTTP/1.1" 200 50
ERROR 2025-10-09 15:59:47,005 log 12756 25860 Internal Server Error: /stock-declaration/api/chart-data/
Traceback (most recent call last):
  File "C:\Users\User\AppData\Local\Programs\Python\Python312\Lib\site-packages\django\db\backends\utils.py", line 105, in _execute
    return self.cursor.execute(sql, params)
           ^^^^^^^^^^^^^^^^^^^^^^^^^^^^^^^^
  File "C:\Users\User\AppData\Local\Programs\Python\Python312\Lib\site-packages\django\db\backends\sqlite3\base.py", line 329, in execute
    return super().execute(query, params)
           ^^^^^^^^^^^^^^^^^^^^^^^^^^^^^^
sqlite3.OperationalError: database is locked

The above exception was the direct cause of the following exception:

Traceback (most recent call last):
  File "C:\Users\User\AppData\Local\Programs\Python\Python312\Lib\site-packages\django\core\handlers\exception.py", line 55, in inner
    response = get_response(request)
               ^^^^^^^^^^^^^^^^^^^^^
  File "C:\Users\User\Desktop\RPA\Website\PDN_Portal\pdnportal\chat\middleware.py", line 14, in __call__
    UserOnlineStatus.objects.update_or_create(
  File "C:\Users\User\AppData\Local\Programs\Python\Python312\Lib\site-packages\django\db\models\manager.py", line 87, in manager_method
    return getattr(self.get_queryset(), name)(*args, **kwargs)
           ^^^^^^^^^^^^^^^^^^^^^^^^^^^^^^^^^^^^^^^^^^^^^^^^^^^
  File "C:\Users\User\AppData\Local\Programs\Python\Python312\Lib\site-packages\django\db\models\query.py", line 1009, in update_or_create
    obj.save(using=self.db, update_fields=update_fields)
  File "C:\Users\User\AppData\Local\Programs\Python\Python312\Lib\site-packages\django\db\models\base.py", line 822, in save
    self.save_base(
  File "C:\Users\User\AppData\Local\Programs\Python\Python312\Lib\site-packages\django\db\models\base.py", line 909, in save_base
    updated = self._save_table(
              ^^^^^^^^^^^^^^^^^
  File "C:\Users\User\AppData\Local\Programs\Python\Python312\Lib\site-packages\django\db\models\base.py", line 1036, in _save_table
    updated = self._do_update(
              ^^^^^^^^^^^^^^^^
  File "C:\Users\User\AppData\Local\Programs\Python\Python312\Lib\site-packages\django\db\models\base.py", line 1101, in _do_update
    return filtered._update(values) > 0
           ^^^^^^^^^^^^^^^^^^^^^^^^
  File "C:\Users\User\AppData\Local\Programs\Python\Python312\Lib\site-packages\django\db\models\query.py", line 1278, in _update
    return query.get_compiler(self.db).execute_sql(CURSOR)
           ^^^^^^^^^^^^^^^^^^^^^^^^^^^^^^^^^^^^^^^^^^^^^^^
  File "C:\Users\User\AppData\Local\Programs\Python\Python312\Lib\site-packages\django\db\models\sql\compiler.py", line 1990, in execute_sql
    cursor = super().execute_sql(result_type)
             ^^^^^^^^^^^^^^^^^^^^^^^^^^^^^^^^
  File "C:\Users\User\AppData\Local\Programs\Python\Python312\Lib\site-packages\django\db\models\sql\compiler.py", line 1562, in execute_sql
    cursor.execute(sql, params)
  File "C:\Users\User\AppData\Local\Programs\Python\Python312\Lib\site-packages\django\db\backends\utils.py", line 122, in execute
    return super().execute(sql, params)
           ^^^^^^^^^^^^^^^^^^^^^^^^^^^^
  File "C:\Users\User\AppData\Local\Programs\Python\Python312\Lib\site-packages\django\db\backends\utils.py", line 79, in execute
    return self._execute_with_wrappers(
           ^^^^^^^^^^^^^^^^^^^^^^^^^^^^
  File "C:\Users\User\AppData\Local\Programs\Python\Python312\Lib\site-packages\django\db\backends\utils.py", line 92, in _execute_with_wrappers
    return executor(sql, params, many, context)
           ^^^^^^^^^^^^^^^^^^^^^^^^^^^^^^^^^^^^
  File "C:\Users\User\AppData\Local\Programs\Python\Python312\Lib\site-packages\django\db\backends\utils.py", line 100, in _execute
    with self.db.wrap_database_errors:
  File "C:\Users\User\AppData\Local\Programs\Python\Python312\Lib\site-packages\django\db\utils.py", line 91, in __exit__
    raise dj_exc_value.with_traceback(traceback) from exc_value
  File "C:\Users\User\AppData\Local\Programs\Python\Python312\Lib\site-packages\django\db\backends\utils.py", line 105, in _execute
    return self.cursor.execute(sql, params)
           ^^^^^^^^^^^^^^^^^^^^^^^^^^^^^^^^
  File "C:\Users\User\AppData\Local\Programs\Python\Python312\Lib\site-packages\django\db\backends\sqlite3\base.py", line 329, in execute
    return super().execute(query, params)
           ^^^^^^^^^^^^^^^^^^^^^^^^^^^^^^
django.db.utils.OperationalError: database is locked
ERROR 2025-10-09 15:59:47,020 basehttp 12756 25860 "GET /stock-declaration/api/chart-data/?time_range=month&stock_type=all HTTP/1.1" 500 167675
INFO 2025-10-09 15:59:47,922 basehttp 12756 25860 "GET /stock-declaration/ HTTP/1.1" 200 101769
INFO 2025-10-09 15:59:47,993 basehttp 12756 21820 "GET /docu-notification/api/notifications/ HTTP/1.1" 200 50
INFO 2025-10-09 15:59:48,022 basehttp 12756 16524 "GET /stock-declaration/api/chart-data/?time_range=month&stock_type=all HTTP/1.1" 200 2223
ERROR 2025-10-09 15:59:48,098 log 12756 25860 Internal Server Error: /stock-declaration/api/notifications/
Traceback (most recent call last):
  File "C:\Users\User\AppData\Local\Programs\Python\Python312\Lib\site-packages\django\db\backends\utils.py", line 105, in _execute
    return self.cursor.execute(sql, params)
           ^^^^^^^^^^^^^^^^^^^^^^^^^^^^^^^^
  File "C:\Users\User\AppData\Local\Programs\Python\Python312\Lib\site-packages\django\db\backends\sqlite3\base.py", line 329, in execute
    return super().execute(query, params)
           ^^^^^^^^^^^^^^^^^^^^^^^^^^^^^^
sqlite3.OperationalError: database is locked

The above exception was the direct cause of the following exception:

Traceback (most recent call last):
  File "C:\Users\User\AppData\Local\Programs\Python\Python312\Lib\site-packages\django\core\handlers\exception.py", line 55, in inner
    response = get_response(request)
               ^^^^^^^^^^^^^^^^^^^^^
  File "C:\Users\User\Desktop\RPA\Website\PDN_Portal\pdnportal\chat\middleware.py", line 14, in __call__
    UserOnlineStatus.objects.update_or_create(
  File "C:\Users\User\AppData\Local\Programs\Python\Python312\Lib\site-packages\django\db\models\manager.py", line 87, in manager_method
    return getattr(self.get_queryset(), name)(*args, **kwargs)
           ^^^^^^^^^^^^^^^^^^^^^^^^^^^^^^^^^^^^^^^^^^^^^^^^^^^
  File "C:\Users\User\AppData\Local\Programs\Python\Python312\Lib\site-packages\django\db\models\query.py", line 1009, in update_or_create
    obj.save(using=self.db, update_fields=update_fields)
  File "C:\Users\User\AppData\Local\Programs\Python\Python312\Lib\site-packages\django\db\models\base.py", line 822, in save
    self.save_base(
  File "C:\Users\User\AppData\Local\Programs\Python\Python312\Lib\site-packages\django\db\models\base.py", line 909, in save_base
    updated = self._save_table(
              ^^^^^^^^^^^^^^^^^
  File "C:\Users\User\AppData\Local\Programs\Python\Python312\Lib\site-packages\django\db\models\base.py", line 1036, in _save_table
    updated = self._do_update(
              ^^^^^^^^^^^^^^^^
  File "C:\Users\User\AppData\Local\Programs\Python\Python312\Lib\site-packages\django\db\models\base.py", line 1101, in _do_update
    return filtered._update(values) > 0
           ^^^^^^^^^^^^^^^^^^^^^^^^
  File "C:\Users\User\AppData\Local\Programs\Python\Python312\Lib\site-packages\django\db\models\query.py", line 1278, in _update
    return query.get_compiler(self.db).execute_sql(CURSOR)
           ^^^^^^^^^^^^^^^^^^^^^^^^^^^^^^^^^^^^^^^^^^^^^^^
  File "C:\Users\User\AppData\Local\Programs\Python\Python312\Lib\site-packages\django\db\models\sql\compiler.py", line 1990, in execute_sql
    cursor = super().execute_sql(result_type)
             ^^^^^^^^^^^^^^^^^^^^^^^^^^^^^^^^
  File "C:\Users\User\AppData\Local\Programs\Python\Python312\Lib\site-packages\django\db\models\sql\compiler.py", line 1562, in execute_sql
    cursor.execute(sql, params)
  File "C:\Users\User\AppData\Local\Programs\Python\Python312\Lib\site-packages\django\db\backends\utils.py", line 122, in execute
    return super().execute(sql, params)
           ^^^^^^^^^^^^^^^^^^^^^^^^^^^^
  File "C:\Users\User\AppData\Local\Programs\Python\Python312\Lib\site-packages\django\db\backends\utils.py", line 79, in execute
    return self._execute_with_wrappers(
           ^^^^^^^^^^^^^^^^^^^^^^^^^^^^
  File "C:\Users\User\AppData\Local\Programs\Python\Python312\Lib\site-packages\django\db\backends\utils.py", line 92, in _execute_with_wrappers
    return executor(sql, params, many, context)
           ^^^^^^^^^^^^^^^^^^^^^^^^^^^^^^^^^^^^
  File "C:\Users\User\AppData\Local\Programs\Python\Python312\Lib\site-packages\django\db\backends\utils.py", line 100, in _execute
    with self.db.wrap_database_errors:
  File "C:\Users\User\AppData\Local\Programs\Python\Python312\Lib\site-packages\django\db\utils.py", line 91, in __exit__
    raise dj_exc_value.with_traceback(traceback) from exc_value
  File "C:\Users\User\AppData\Local\Programs\Python\Python312\Lib\site-packages\django\db\backends\utils.py", line 105, in _execute
    return self.cursor.execute(sql, params)
           ^^^^^^^^^^^^^^^^^^^^^^^^^^^^^^^^
  File "C:\Users\User\AppData\Local\Programs\Python\Python312\Lib\site-packages\django\db\backends\sqlite3\base.py", line 329, in execute
    return super().execute(query, params)
           ^^^^^^^^^^^^^^^^^^^^^^^^^^^^^^
django.db.utils.OperationalError: database is locked
ERROR 2025-10-09 15:59:48,105 basehttp 12756 25860 "GET /stock-declaration/api/notifications/ HTTP/1.1" 500 167089
INFO 2025-10-09 16:02:12,867 autoreload 12756 7940 C:\Users\User\Desktop\RPA\Website\PDN_Portal\pdnportal\chat\middleware.py changed, reloading.
INFO 2025-10-09 16:02:13,702 autoreload 5624 20336 Watching for file changes with StatReloader
INFO 2025-10-09 16:03:05,293 autoreload 5624 20336 C:\Users\User\Desktop\RPA\Website\PDN_Portal\pdnportal\chat\middleware.py changed, reloading.
INFO 2025-10-09 16:03:06,149 autoreload 18396 24804 Watching for file changes with StatReloader
INFO 2025-10-09 16:03:08,071 basehttp 18396 28108 "GET /stock-declaration/ HTTP/1.1" 200 101769
INFO 2025-10-09 16:03:08,166 basehttp 18396 28108 "GET /stock-declaration/api/notifications/ HTTP/1.1" 200 50
INFO 2025-10-09 16:03:08,186 basehttp 18396 9232 "GET /docu-notification/api/notifications/ HTTP/1.1" 200 50
INFO 2025-10-09 16:03:08,202 basehttp 18396 28436 "GET /stock-declaration/api/chart-data/?time_range=month&stock_type=all HTTP/1.1" 200 2223
INFO 2025-10-09 16:03:17,629 basehttp 18396 28436 "GET /stock-declaration/ HTTP/1.1" 200 101769
INFO 2025-10-09 16:03:17,758 basehttp 18396 9232 "GET /docu-notification/api/notifications/ HTTP/1.1" 200 50
INFO 2025-10-09 16:03:17,776 basehttp 18396 28436 "GET /stock-declaration/api/notifications/ HTTP/1.1" 200 50
INFO 2025-10-09 16:03:17,812 basehttp 18396 28108 "GET /stock-declaration/api/chart-data/?time_range=month&stock_type=all HTTP/1.1" 200 2223
INFO 2025-10-09 16:03:20,985 basehttp 18396 28108 "GET /stock-declaration/ HTTP/1.1" 200 101769
INFO 2025-10-09 16:03:21,022 basehttp 18396 28108 "GET /static/css/style-ver2.css HTTP/1.1" 200 12438
INFO 2025-10-09 16:03:21,038 basehttp 18396 9232 "GET /static/css/qualitycontrol/qualitycontrol.css HTTP/1.1" 200 9691
INFO 2025-10-09 16:03:21,038 basehttp 18396 28436 "GET /static/css/stockdeclaration/stockdeclaration.css HTTP/1.1" 200 3684
INFO 2025-10-09 16:03:21,039 basehttp 18396 27944 "GET /static/images/icons/amd%20(1).svg HTTP/1.1" 200 230
INFO 2025-10-09 16:03:21,042 basehttp 18396 28108 "GET /static/css/job-order.css HTTP/1.1" 200 39525
INFO 2025-10-09 16:03:21,042 basehttp 18396 25348 "GET /static/js/script2.js HTTP/1.1" 200 10849
INFO 2025-10-09 16:03:21,048 basehttp 18396 27944 "GET /static/js/stockdeclaration/stockdeclaration.js HTTP/1.1" 200 36495
INFO 2025-10-09 16:03:21,055 basehttp 18396 16556 "GET /media/profile/avatar8.png HTTP/1.1" 200 32718
INFO 2025-10-09 16:03:34,290 basehttp 18396 16556 "GET /stock-declaration/ HTTP/1.1" 200 101769
INFO 2025-10-09 16:03:39,271 basehttp 18396 28108 "GET /stock-declaration/api/chart-data/?time_range=month&stock_type=all HTTP/1.1" 200 2223
INFO 2025-10-09 16:03:39,290 basehttp 18396 16556 "GET /stock-declaration/api/notifications/ HTTP/1.1" 200 50
WARNING 2025-10-09 16:03:39,315 log 18396 25348 Not Found: /favicon.ico
WARNING 2025-10-09 16:03:39,317 basehttp 18396 25348 "GET /favicon.ico HTTP/1.1" 404 4683
INFO 2025-10-09 16:03:39,347 basehttp 18396 27944 "GET /docu-notification/api/notifications/ HTTP/1.1" 200 50
INFO 2025-10-09 16:03:42,836 basehttp 18396 27944 "GET /stock-declaration/ HTTP/1.1" 200 101769
INFO 2025-10-09 16:03:42,960 basehttp 18396 25348 "GET /docu-notification/api/notifications/ HTTP/1.1" 200 50
INFO 2025-10-09 16:03:42,988 basehttp 18396 16556 "GET /stock-declaration/api/chart-data/?time_range=month&stock_type=all HTTP/1.1" 200 2223
INFO 2025-10-09 16:03:43,005 basehttp 18396 27944 "GET /stock-declaration/api/notifications/ HTTP/1.1" 200 50
INFO 2025-10-09 16:03:43,959 basehttp 18396 27944 "GET /stock-declaration/ HTTP/1.1" 200 101769
INFO 2025-10-09 16:03:44,048 basehttp 18396 16556 "GET /docu-notification/api/notifications/ HTTP/1.1" 200 50
INFO 2025-10-09 16:03:44,084 basehttp 18396 27944 "GET /stock-declaration/api/notifications/ HTTP/1.1" 200 50
INFO 2025-10-09 16:03:44,107 basehttp 18396 25348 "GET /stock-declaration/api/chart-data/?time_range=month&stock_type=all HTTP/1.1" 200 2223
INFO 2025-10-09 16:03:44,930 basehttp 18396 25348 "GET /stock-declaration/ HTTP/1.1" 200 101769
INFO 2025-10-09 16:03:45,015 basehttp 18396 27944 "GET /docu-notification/api/notifications/ HTTP/1.1" 200 50
INFO 2025-10-09 16:03:45,035 basehttp 18396 16556 "GET /stock-declaration/api/chart-data/?time_range=month&stock_type=all HTTP/1.1" 200 2223
INFO 2025-10-09 16:03:45,059 basehttp 18396 25348 "GET /stock-declaration/api/notifications/ HTTP/1.1" 200 50
INFO 2025-10-09 16:03:45,925 basehttp 18396 25348 "GET /stock-declaration/ HTTP/1.1" 200 101769
INFO 2025-10-09 16:03:46,009 basehttp 18396 25348 "GET /stock-declaration/api/notifications/ HTTP/1.1" 200 50
INFO 2025-10-09 16:03:46,026 basehttp 18396 27944 "GET /stock-declaration/api/chart-data/?time_range=month&stock_type=all HTTP/1.1" 200 2223
INFO 2025-10-09 16:03:46,050 basehttp 18396 16556 "GET /docu-notification/api/notifications/ HTTP/1.1" 200 50
INFO 2025-10-09 16:03:46,846 basehttp 18396 16556 "GET /stock-declaration/ HTTP/1.1" 200 101769
INFO 2025-10-09 16:03:46,939 basehttp 18396 27944 "GET /docu-notification/api/notifications/ HTTP/1.1" 200 50
INFO 2025-10-09 16:03:46,954 basehttp 18396 25348 "GET /stock-declaration/api/chart-data/?time_range=month&stock_type=all HTTP/1.1" 200 2223
INFO 2025-10-09 16:03:46,991 basehttp 18396 16556 "GET /stock-declaration/api/notifications/ HTTP/1.1" 200 50
INFO 2025-10-09 16:03:47,805 basehttp 18396 16556 "GET /stock-declaration/ HTTP/1.1" 200 101769
INFO 2025-10-09 16:03:47,899 basehttp 18396 16556 "GET /stock-declaration/api/notifications/ HTTP/1.1" 200 50
INFO 2025-10-09 16:03:47,922 basehttp 18396 27944 "GET /stock-declaration/api/chart-data/?time_range=month&stock_type=all HTTP/1.1" 200 2223
INFO 2025-10-09 16:03:47,939 basehttp 18396 25348 "GET /docu-notification/api/notifications/ HTTP/1.1" 200 50
INFO 2025-10-09 16:03:48,809 basehttp 18396 25348 "GET /stock-declaration/ HTTP/1.1" 200 101769
INFO 2025-10-09 16:03:48,893 basehttp 18396 27944 "GET /docu-notification/api/notifications/ HTTP/1.1" 200 50
INFO 2025-10-09 16:03:48,897 basehttp 18396 25348 "GET /stock-declaration/api/notifications/ HTTP/1.1" 200 50
INFO 2025-10-09 16:03:48,918 basehttp 18396 16556 "GET /stock-declaration/api/chart-data/?time_range=month&stock_type=all HTTP/1.1" 200 2223
INFO 2025-10-09 16:05:15,494 basehttp 18396 16556 "GET /stock-declaration/ HTTP/1.1" 200 101769
INFO 2025-10-09 16:05:15,605 basehttp 18396 16556 "GET /stock-declaration/api/notifications/ HTTP/1.1" 200 50
INFO 2025-10-09 16:05:15,627 basehttp 18396 27944 "GET /stock-declaration/api/chart-data/?time_range=month&stock_type=all HTTP/1.1" 200 2223
INFO 2025-10-09 16:05:15,657 basehttp 18396 25348 "GET /docu-notification/api/notifications/ HTTP/1.1" 200 50
INFO 2025-10-09 16:05:23,725 autoreload 18396 24804 C:\Users\User\Desktop\RPA\Website\PDN_Portal\pdnportal\stockdeclaration\context_processors.py changed, reloading.
INFO 2025-10-09 16:05:24,569 autoreload 15504 17352 Watching for file changes with StatReloader
INFO 2025-10-09 16:05:30,482 basehttp 15504 16148 "GET /stock-declaration/ HTTP/1.1" 200 93577
INFO 2025-10-09 16:05:30,570 basehttp 15504 16148 "GET /stock-declaration/api/notifications/ HTTP/1.1" 200 50
INFO 2025-10-09 16:05:30,610 basehttp 15504 14348 "GET /stock-declaration/api/chart-data/?time_range=month&stock_type=all HTTP/1.1" 200 2223
INFO 2025-10-09 16:05:30,655 basehttp 15504 24676 "GET /docu-notification/api/notifications/ HTTP/1.1" 200 50
INFO 2025-10-09 16:05:31,538 basehttp 15504 24676 "GET /stock-declaration/ HTTP/1.1" 200 93577
INFO 2025-10-09 16:05:31,618 basehttp 15504 24676 "GET /stock-declaration/api/notifications/ HTTP/1.1" 200 50
INFO 2025-10-09 16:05:31,639 basehttp 15504 14348 "GET /docu-notification/api/notifications/ HTTP/1.1" 200 50
INFO 2025-10-09 16:05:31,664 basehttp 15504 16148 "GET /stock-declaration/api/chart-data/?time_range=month&stock_type=all HTTP/1.1" 200 2223
INFO 2025-10-09 16:09:08,265 autoreload 15504 17352 C:\Users\User\Desktop\RPA\Website\PDN_Portal\pdnportal\stockdeclaration\context_processors.py changed, reloading.
INFO 2025-10-09 16:09:09,114 autoreload 7332 9904 Watching for file changes with StatReloader
INFO 2025-10-09 16:09:11,251 basehttp 7332 24672 "GET /stock-declaration/ HTTP/1.1" 200 93577
INFO 2025-10-09 16:09:11,331 basehttp 7332 24672 "GET /stock-declaration/api/notifications/ HTTP/1.1" 200 50
INFO 2025-10-09 16:09:11,351 basehttp 7332 22480 "GET /stock-declaration/api/chart-data/?time_range=month&stock_type=all HTTP/1.1" 200 2223
INFO 2025-10-09 16:09:11,373 basehttp 7332 11664 "GET /docu-notification/api/notifications/ HTTP/1.1" 200 50
INFO 2025-10-09 16:09:28,308 basehttp 7332 11664 "POST /stock-declaration/ HTTP/1.1" 302 0
INFO 2025-10-09 16:09:28,345 basehttp 7332 11664 "GET /stock-declaration/ HTTP/1.1" 200 97210
INFO 2025-10-09 16:09:28,428 basehttp 7332 22480 "GET /docu-notification/api/notifications/ HTTP/1.1" 200 50
INFO 2025-10-09 16:09:28,444 basehttp 7332 24672 "GET /stock-declaration/api/chart-data/?time_range=month&stock_type=all HTTP/1.1" 200 2223
INFO 2025-10-09 16:09:28,469 basehttp 7332 11664 "GET /stock-declaration/api/notifications/ HTTP/1.1" 200 269
INFO 2025-10-09 16:09:31,134 basehttp 7332 11664 "GET /stock-declaration/ HTTP/1.1" 200 96663
INFO 2025-10-09 16:09:31,231 basehttp 7332 24672 "GET /docu-notification/api/notifications/ HTTP/1.1" 200 50
INFO 2025-10-09 16:09:31,253 basehttp 7332 22480 "GET /stock-declaration/api/chart-data/?time_range=month&stock_type=all HTTP/1.1" 200 2223
INFO 2025-10-09 16:09:31,275 basehttp 7332 11664 "GET /stock-declaration/api/notifications/ HTTP/1.1" 200 269
INFO 2025-10-09 16:09:34,027 basehttp 7332 11664 "GET /stock-declaration/ HTTP/1.1" 200 96663
INFO 2025-10-09 16:09:34,118 basehttp 7332 22480 "GET /docu-notification/api/notifications/ HTTP/1.1" 200 50
INFO 2025-10-09 16:09:34,134 basehttp 7332 24672 "GET /stock-declaration/api/chart-data/?time_range=month&stock_type=all HTTP/1.1" 200 2223
INFO 2025-10-09 16:09:34,156 basehttp 7332 11664 "GET /stock-declaration/api/notifications/ HTTP/1.1" 200 269
INFO 2025-10-09 16:09:37,998 basehttp 7332 11664 "POST /stock-declaration/receive/19/ HTTP/1.1" 200 236
INFO 2025-10-09 16:09:41,986 basehttp 7332 11664 "GET /stock-declaration/ HTTP/1.1" 200 93597
INFO 2025-10-09 16:09:42,090 basehttp 7332 24672 "GET /docu-notification/api/notifications/ HTTP/1.1" 200 50
INFO 2025-10-09 16:09:42,109 basehttp 7332 11664 "GET /stock-declaration/api/notifications/ HTTP/1.1" 200 50
INFO 2025-10-09 16:09:42,128 basehttp 7332 22480 "GET /stock-declaration/api/chart-data/?time_range=month&stock_type=all HTTP/1.1" 200 2223
INFO 2025-10-09 16:14:42,070 basehttp 7332 22480 "GET /stock-declaration/api/notifications/ HTTP/1.1" 200 50
INFO 2025-10-09 16:14:42,093 basehttp 7332 11664 "GET /docu-notification/api/notifications/ HTTP/1.1" 200 50
INFO 2025-10-09 16:16:47,467 basehttp 7332 11664 "GET /stock-declaration/ HTTP/1.1" 200 93597
INFO 2025-10-09 16:16:47,554 basehttp 7332 22480 "GET /docu-notification/api/notifications/ HTTP/1.1" 200 50
INFO 2025-10-09 16:16:47,574 basehttp 7332 16436 "GET /stock-declaration/api/chart-data/?time_range=month&stock_type=all HTTP/1.1" 200 2223
INFO 2025-10-09 16:16:47,610 basehttp 7332 11664 "GET /stock-declaration/api/notifications/ HTTP/1.1" 200 50
INFO 2025-10-09 16:21:47,542 basehttp 7332 11664 "GET /stock-declaration/api/notifications/ HTTP/1.1" 200 50
INFO 2025-10-09 16:21:47,595 basehttp 7332 16436 "GET /docu-notification/api/notifications/ HTTP/1.1" 200 50
INFO 2025-10-09 16:26:48,283 basehttp 7332 1796 "GET /docu-notification/api/notifications/ HTTP/1.1" 200 50
INFO 2025-10-09 16:26:48,330 basehttp 7332 9476 "GET /stock-declaration/api/notifications/ HTTP/1.1" 200 50
INFO 2025-10-09 16:31:48,295 basehttp 7332 9476 "GET /stock-declaration/api/notifications/ HTTP/1.1" 200 50
INFO 2025-10-09 16:31:48,316 basehttp 7332 1796 "GET /docu-notification/api/notifications/ HTTP/1.1" 200 50
INFO 2025-10-09 16:36:47,552 basehttp 7332 1796 "GET /stock-declaration/api/notifications/ HTTP/1.1" 200 50
INFO 2025-10-09 16:36:47,576 basehttp 7332 9476 "GET /docu-notification/api/notifications/ HTTP/1.1" 200 50
INFO 2025-10-09 16:37:19,099 autoreload 7332 9904 C:\Users\User\Desktop\RPA\Website\PDN_Portal\pdnportal\stockdeclaration\views.py changed, reloading.
INFO 2025-10-09 16:37:19,874 autoreload 22764 5512 Watching for file changes with StatReloader
INFO 2025-10-09 16:37:23,965 autoreload 22764 5512 C:\Users\User\Desktop\RPA\Website\PDN_Portal\pdnportal\stockdeclaration\views.py changed, reloading.
INFO 2025-10-09 16:37:24,651 autoreload 25860 16724 Watching for file changes with StatReloader
INFO 2025-10-09 16:41:47,610 basehttp 25860 12416 "GET /docu-notification/api/notifications/ HTTP/1.1" 200 50
INFO 2025-10-09 16:41:47,627 basehttp 25860 408 "GET /stock-declaration/api/notifications/ HTTP/1.1" 200 50
INFO 2025-10-09 16:41:52,644 autoreload 25860 16724 C:\Users\User\Desktop\RPA\Website\PDN_Portal\pdnportal\stockdeclaration\views.py changed, reloading.
INFO 2025-10-09 16:41:53,619 autoreload 17020 17324 Watching for file changes with StatReloader
INFO 2025-10-09 16:42:22,343 basehttp 17020 23296 "GET /stock-declaration/ HTTP/1.1" 200 93598
INFO 2025-10-09 16:42:22,484 basehttp 17020 20576 "GET /docu-notification/api/notifications/ HTTP/1.1" 200 50
INFO 2025-10-09 16:42:22,513 basehttp 17020 23296 "GET /stock-declaration/api/notifications/ HTTP/1.1" 200 50
INFO 2025-10-09 16:42:22,561 basehttp 17020 1804 "GET /stock-declaration/api/chart-data/?time_range=month&stock_type=all HTTP/1.1" 200 2223
INFO 2025-10-09 16:42:52,404 autoreload 17020 17324 C:\Users\User\Desktop\RPA\Website\PDN_Portal\pdnportal\stockdeclaration\views.py changed, reloading.
INFO 2025-10-09 16:42:53,225 autoreload 20548 19716 Watching for file changes with StatReloader
INFO 2025-10-09 16:42:56,449 autoreload 20548 19716 C:\Users\User\Desktop\RPA\Website\PDN_Portal\pdnportal\stockdeclaration\views.py changed, reloading.
INFO 2025-10-09 16:42:57,180 autoreload 3316 22344 Watching for file changes with StatReloader
INFO 2025-10-09 16:42:59,201 basehttp 3316 24156 "GET /stock-declaration/ HTTP/1.1" 200 93598
INFO 2025-10-09 16:42:59,315 basehttp 3316 11188 "GET /docu-notification/api/notifications/ HTTP/1.1" 200 50
INFO 2025-10-09 16:42:59,335 basehttp 3316 11400 "GET /stock-declaration/api/chart-data/?time_range=month&stock_type=all HTTP/1.1" 200 2223
INFO 2025-10-09 16:42:59,357 basehttp 3316 24156 "GET /stock-declaration/api/notifications/ HTTP/1.1" 200 50
INFO 2025-10-09 16:43:07,350 basehttp 3316 24156 "GET /admin/portalusers/users/ HTTP/1.1" 200 35251
INFO 2025-10-09 16:43:07,443 basehttp 3316 24156 "GET /admin/jsi18n/ HTTP/1.1" 200 3342
INFO 2025-10-09 16:43:08,915 basehttp 3316 24156 "GET /admin/portalusers/users/1/change/ HTTP/1.1" 200 102454
INFO 2025-10-09 16:43:08,959 basehttp 3316 24156 "GET /admin/jsi18n/ HTTP/1.1" 200 3342
INFO 2025-10-09 16:43:09,029 basehttp 3316 24156 "GET /static/admin/img/icon-clock.svg HTTP/1.1" 200 677
INFO 2025-10-09 16:43:18,878 basehttp 3316 24156 "POST /admin/portalusers/users/1/change/ HTTP/1.1" 302 0
INFO 2025-10-09 16:43:18,929 basehttp 3316 24156 "GET /admin/portalusers/users/ HTTP/1.1" 200 35455
INFO 2025-10-09 16:43:18,973 basehttp 3316 24156 "GET /admin/jsi18n/ HTTP/1.1" 200 3342
INFO 2025-10-09 16:43:18,993 basehttp 3316 24156 "GET /static/admin/img/icon-yes.svg HTTP/1.1" 200 436
INFO 2025-10-09 16:43:20,314 basehttp 3316 24156 "GET /stock-declaration/ HTTP/1.1" 200 97294
INFO 2025-10-09 16:43:20,398 basehttp 3316 11400 "GET /docu-notification/api/notifications/ HTTP/1.1" 200 50
INFO 2025-10-09 16:43:20,416 basehttp 3316 24156 "GET /stock-declaration/api/notifications/ HTTP/1.1" 200 50
INFO 2025-10-09 16:43:20,432 basehttp 3316 11188 "GET /stock-declaration/api/chart-data/?time_range=month&stock_type=all HTTP/1.1" 200 2223
INFO 2025-10-09 16:43:25,707 basehttp 3316 11188 "GET /stock-declaration/?tab=StockDeclaration&page=2 HTTP/1.1" 200 85009
INFO 2025-10-09 16:43:25,795 basehttp 3316 24156 "GET /docu-notification/api/notifications/ HTTP/1.1" 200 50
INFO 2025-10-09 16:43:25,825 basehttp 3316 11188 "GET /stock-declaration/api/notifications/ HTTP/1.1" 200 50
INFO 2025-10-09 16:43:25,884 basehttp 3316 11400 "GET /stock-declaration/api/chart-data/?time_range=month&stock_type=all HTTP/1.1" 200 2223
INFO 2025-10-09 16:43:27,755 basehttp 3316 11400 "GET /stock-declaration/?tab=StockDeclaration&page=1 HTTP/1.1" 200 97294
INFO 2025-10-09 16:43:27,855 basehttp 3316 11188 "GET /docu-notification/api/notifications/ HTTP/1.1" 200 50
INFO 2025-10-09 16:43:27,876 basehttp 3316 11400 "GET /stock-declaration/api/notifications/ HTTP/1.1" 200 50
INFO 2025-10-09 16:43:27,893 basehttp 3316 24156 "GET /stock-declaration/api/chart-data/?time_range=month&stock_type=all HTTP/1.1" 200 2223
INFO 2025-10-09 16:44:30,566 basehttp 3316 24156 "GET /stock-declaration/?tab=StockDeclaration&page=1 HTTP/1.1" 200 97294
INFO 2025-10-09 16:44:30,663 basehttp 3316 11400 "GET /docu-notification/api/notifications/ HTTP/1.1" 200 50
INFO 2025-10-09 16:44:30,687 basehttp 3316 11188 "GET /stock-declaration/api/chart-data/?time_range=month&stock_type=all HTTP/1.1" 200 2223
INFO 2025-10-09 16:44:30,707 basehttp 3316 24156 "GET /stock-declaration/api/notifications/ HTTP/1.1" 200 50
INFO 2025-10-09 16:45:41,991 autoreload 3316 22344 C:\Users\User\Desktop\RPA\Website\PDN_Portal\pdnportal\stockdeclaration\views.py changed, reloading.
INFO 2025-10-09 16:45:42,820 autoreload 6816 8064 Watching for file changes with StatReloader
INFO 2025-10-09 16:47:22,471 basehttp 6816 3180 "GET /stock-declaration/?tab=StockDeclaration&page=1 HTTP/1.1" 200 97294
INFO 2025-10-09 16:47:22,561 basehttp 6816 3180 "GET /stock-declaration/api/notifications/ HTTP/1.1" 200 50
INFO 2025-10-09 16:47:22,581 basehttp 6816 9580 "GET /docu-notification/api/notifications/ HTTP/1.1" 200 50
INFO 2025-10-09 16:47:22,596 basehttp 6816 4416 "GET /stock-declaration/api/chart-data/?time_range=month&stock_type=all HTTP/1.1" 200 2223
INFO 2025-10-09 16:47:24,267 basehttp 6816 4416 "GET /stock-declaration/?tab=StockDeclaration&page=1 HTTP/1.1" 200 97294
INFO 2025-10-09 16:47:24,349 basehttp 6816 4416 "GET /stock-declaration/api/notifications/ HTTP/1.1" 200 50
INFO 2025-10-09 16:47:24,366 basehttp 6816 3180 "GET /stock-declaration/api/chart-data/?time_range=month&stock_type=all HTTP/1.1" 200 2223
INFO 2025-10-09 16:47:24,399 basehttp 6816 9580 "GET /docu-notification/api/notifications/ HTTP/1.1" 200 50
INFO 2025-10-09 16:47:44,667 basehttp 6816 9580 "GET /stock-declaration/?tab=StockDeclaration&page=1 HTTP/1.1" 200 97294
INFO 2025-10-09 16:47:44,765 basehttp 6816 3180 "GET /docu-notification/api/notifications/ HTTP/1.1" 200 50
INFO 2025-10-09 16:47:44,789 basehttp 6816 4416 "GET /stock-declaration/api/chart-data/?time_range=month&stock_type=all HTTP/1.1" 200 2223
INFO 2025-10-09 16:47:44,799 basehttp 6816 9580 "GET /stock-declaration/api/notifications/ HTTP/1.1" 200 50
INFO 2025-10-09 16:48:16,495 basehttp 6816 9580 "GET /stock-declaration/?tab=StockDeclaration&page=1 HTTP/1.1" 200 97294
INFO 2025-10-09 16:48:16,606 basehttp 6816 4416 "GET /docu-notification/api/notifications/ HTTP/1.1" 200 50
INFO 2025-10-09 16:48:16,625 basehttp 6816 3180 "GET /stock-declaration/api/chart-data/?time_range=month&stock_type=all HTTP/1.1" 200 2223
INFO 2025-10-09 16:48:16,654 basehttp 6816 9580 "GET /stock-declaration/api/notifications/ HTTP/1.1" 200 50
INFO 2025-10-09 16:48:17,885 basehttp 6816 9580 "GET /stock-declaration/?tab=StockDeclaration&page=2 HTTP/1.1" 200 87730
INFO 2025-10-09 16:48:17,981 basehttp 6816 3180 "GET /docu-notification/api/notifications/ HTTP/1.1" 200 50
INFO 2025-10-09 16:48:17,993 basehttp 6816 4416 "GET /stock-declaration/api/chart-data/?time_range=month&stock_type=all HTTP/1.1" 200 2223
INFO 2025-10-09 16:48:18,043 basehttp 6816 9580 "GET /stock-declaration/api/notifications/ HTTP/1.1" 200 50
INFO 2025-10-09 16:51:14,821 basehttp 6816 9580 "GET /stock-declaration/?tab=StockDeclaration&page=2 HTTP/1.1" 200 87778
INFO 2025-10-09 16:51:14,911 basehttp 6816 9580 "GET /stock-declaration/api/notifications/ HTTP/1.1" 200 50
INFO 2025-10-09 16:51:14,927 basehttp 6816 4416 "GET /docu-notification/api/notifications/ HTTP/1.1" 200 50
INFO 2025-10-09 16:51:14,960 basehttp 6816 3180 "GET /stock-declaration/api/chart-data/?time_range=month&stock_type=all HTTP/1.1" 200 2223
INFO 2025-10-09 16:51:17,453 basehttp 6816 3180 "GET /stock-declaration/?tab=StockDeclaration&page=1 HTTP/1.1" 200 97294
INFO 2025-10-09 16:51:17,541 basehttp 6816 3180 "GET /stock-declaration/api/notifications/ HTTP/1.1" 200 50
INFO 2025-10-09 16:51:17,565 basehttp 6816 4416 "GET /docu-notification/api/notifications/ HTTP/1.1" 200 50
INFO 2025-10-09 16:51:17,604 basehttp 6816 9580 "GET /stock-declaration/api/chart-data/?time_range=month&stock_type=all HTTP/1.1" 200 2223
INFO 2025-10-09 16:51:18,950 basehttp 6816 9580 "GET /stock-declaration/?tab=StockDeclaration&page=2 HTTP/1.1" 200 87778
INFO 2025-10-09 16:51:19,045 basehttp 6816 4416 "GET /docu-notification/api/notifications/ HTTP/1.1" 200 50
INFO 2025-10-09 16:51:19,065 basehttp 6816 3180 "GET /stock-declaration/api/chart-data/?time_range=month&stock_type=all HTTP/1.1" 200 2223
INFO 2025-10-09 16:51:19,097 basehttp 6816 9580 "GET /stock-declaration/api/notifications/ HTTP/1.1" 200 50
INFO 2025-10-09 16:51:28,785 basehttp 6816 9580 "GET /stock-declaration/?tab=StockDeclaration&page=2 HTTP/1.1" 200 87778
INFO 2025-10-09 16:51:28,884 basehttp 6816 3180 "GET /docu-notification/api/notifications/ HTTP/1.1" 200 50
INFO 2025-10-09 16:51:28,913 basehttp 6816 4416 "GET /stock-declaration/api/chart-data/?time_range=month&stock_type=all HTTP/1.1" 200 2223
INFO 2025-10-09 16:51:28,962 basehttp 6816 9580 "GET /stock-declaration/api/notifications/ HTTP/1.1" 200 50
INFO 2025-10-09 16:51:30,341 basehttp 6816 9580 "GET /stock-declaration/?tab=StockDeclaration&page=1 HTTP/1.1" 200 97294
INFO 2025-10-09 16:51:30,452 basehttp 6816 4416 "GET /docu-notification/api/notifications/ HTTP/1.1" 200 50
INFO 2025-10-09 16:51:30,456 basehttp 6816 9580 "GET /stock-declaration/api/notifications/ HTTP/1.1" 200 50
INFO 2025-10-09 16:51:30,487 basehttp 6816 3180 "GET /stock-declaration/api/chart-data/?time_range=month&stock_type=all HTTP/1.1" 200 2223
INFO 2025-10-09 16:51:31,994 basehttp 6816 3180 "GET /stock-declaration/?tab=StockDeclaration&page=2 HTTP/1.1" 200 87778
INFO 2025-10-09 16:51:32,073 basehttp 6816 3180 "GET /stock-declaration/api/notifications/ HTTP/1.1" 200 50
INFO 2025-10-09 16:51:32,088 basehttp 6816 4416 "GET /stock-declaration/api/chart-data/?time_range=month&stock_type=all HTTP/1.1" 200 2223
INFO 2025-10-09 16:51:32,122 basehttp 6816 9580 "GET /docu-notification/api/notifications/ HTTP/1.1" 200 50
INFO 2025-10-09 16:52:35,802 basehttp 6816 9580 "GET /stock-declaration/?tab=StockDeclaration&page=1 HTTP/1.1" 200 97294
INFO 2025-10-09 16:52:35,909 basehttp 6816 4416 "GET /docu-notification/api/notifications/ HTTP/1.1" 200 50
INFO 2025-10-09 16:52:35,945 basehttp 6816 3180 "GET /stock-declaration/api/chart-data/?time_range=month&stock_type=all HTTP/1.1" 200 2223
INFO 2025-10-09 16:52:35,961 basehttp 6816 9580 "GET /stock-declaration/api/notifications/ HTTP/1.1" 200 50
INFO 2025-10-09 16:55:58,577 autoreload 6816 8064 C:\Users\User\Desktop\RPA\Website\PDN_Portal\pdnportal\stockdeclaration\views.py changed, reloading.
INFO 2025-10-09 16:55:59,360 autoreload 20988 15416 Watching for file changes with StatReloader
INFO 2025-10-09 16:56:09,736 autoreload 20988 15416 C:\Users\User\Desktop\RPA\Website\PDN_Portal\pdnportal\stockdeclaration\urls.py changed, reloading.
INFO 2025-10-09 16:56:10,471 autoreload 11300 16356 Watching for file changes with StatReloader
INFO 2025-10-09 16:57:35,911 basehttp 11300 15212 "GET /docu-notification/api/notifications/ HTTP/1.1" 200 50
INFO 2025-10-09 16:57:35,932 basehttp 11300 9580 "GET /stock-declaration/api/notifications/ HTTP/1.1" 200 50
INFO 2025-10-09 16:59:17,261 autoreload 11300 16356 C:\Users\User\Desktop\RPA\Website\PDN_Portal\pdnportal\stockdeclaration\urls.py changed, reloading.
INFO 2025-10-09 16:59:18,040 autoreload 2728 23344 Watching for file changes with StatReloader
INFO 2025-10-09 16:59:20,055 basehttp 2728 16544 "GET /stock-declaration/?tab=StockDeclaration&page=1 HTTP/1.1" 200 101526
INFO 2025-10-09 16:59:20,148 basehttp 2728 16544 "GET /stock-declaration/api/notifications/ HTTP/1.1" 200 50
INFO 2025-10-09 16:59:20,176 basehttp 2728 26112 "GET /docu-notification/api/notifications/ HTTP/1.1" 200 50
INFO 2025-10-09 16:59:20,193 basehttp 2728 22372 "GET /stock-declaration/api/chart-data/?time_range=month&stock_type=all HTTP/1.1" 200 2223
INFO 2025-10-09 16:59:22,494 basehttp 2728 22372 "GET /stock-declaration/?tab=StockDeclaration&page=2 HTTP/1.1" 200 91994
INFO 2025-10-09 16:59:22,561 basehttp 2728 26112 "GET /docu-notification/api/notifications/ HTTP/1.1" 200 50
INFO 2025-10-09 16:59:22,583 basehttp 2728 22372 "GET /stock-declaration/api/notifications/ HTTP/1.1" 200 50
INFO 2025-10-09 16:59:22,632 basehttp 2728 16544 "GET /stock-declaration/api/chart-data/?time_range=month&stock_type=all HTTP/1.1" 200 2223
INFO 2025-10-09 16:59:25,739 basehttp 2728 16544 "GET /stock-declaration/?tab=StockDeclaration&page=2 HTTP/1.1" 200 91994
INFO 2025-10-09 16:59:25,776 basehttp 2728 16544 "GET /static/css/style-ver2.css HTTP/1.1" 200 12438
INFO 2025-10-09 16:59:25,826 basehttp 2728 2248 "GET /static/css/qualitycontrol/qualitycontrol.css HTTP/1.1" 200 9691
INFO 2025-10-09 16:59:25,782 basehttp 2728 16912 "GET /static/images/icons/amd%20(1).svg HTTP/1.1" 200 230
INFO 2025-10-09 16:59:25,827 basehttp 2728 26112 "GET /static/css/stockdeclaration/stockdeclaration.css HTTP/1.1" 200 3684
INFO 2025-10-09 16:59:25,829 basehttp 2728 16544 "GET /static/js/script2.js HTTP/1.1" 200 10849
INFO 2025-10-09 16:59:25,830 basehttp 2728 22372 "GET /static/css/job-order.css HTTP/1.1" 200 39525
INFO 2025-10-09 16:59:25,831 basehttp 2728 2248 "GET /static/js/stockdeclaration/stockdeclaration.js HTTP/1.1" 200 42536
INFO 2025-10-09 16:59:25,841 basehttp 2728 4300 "GET /media/profile/avatar8.png HTTP/1.1" 200 32718
INFO 2025-10-09 16:59:34,666 basehttp 2728 2248 "GET /docu-notification/api/notifications/ HTTP/1.1" 200 50
INFO 2025-10-09 16:59:34,672 basehttp 2728 4300 "GET /stock-declaration/api/notifications/ HTTP/1.1" 200 50
INFO 2025-10-09 16:59:34,693 basehttp 2728 22372 "GET /stock-declaration/api/chart-data/?time_range=month&stock_type=all HTTP/1.1" 200 2223
WARNING 2025-10-09 16:59:51,016 log 2728 22372 Not Found: /favicon.ico
WARNING 2025-10-09 16:59:51,017 basehttp 2728 22372 "GET /favicon.ico HTTP/1.1" 404 4683
INFO 2025-10-09 17:00:13,329 basehttp 2728 22372 "GET /stock-declaration/?tab=StockDeclaration&page=2 HTTP/1.1" 200 91994
INFO 2025-10-09 17:00:13,407 basehttp 2728 22372 "GET /static/js/stockdeclaration/stockdeclaration.js HTTP/1.1" 304 0
INFO 2025-10-09 17:00:13,466 basehttp 2728 4300 "GET /docu-notification/api/notifications/ HTTP/1.1" 200 50
INFO 2025-10-09 17:00:13,480 basehttp 2728 2248 "GET /stock-declaration/api/chart-data/?time_range=month&stock_type=all HTTP/1.1" 200 2223
INFO 2025-10-09 17:00:13,506 basehttp 2728 22372 "GET /stock-declaration/api/notifications/ HTTP/1.1" 200 50
INFO 2025-10-09 17:00:19,060 basehttp 2728 22372 "POST /stock-declaration/update-intransit-notes/15/ HTTP/1.1" 200 97
INFO 2025-10-09 17:00:20,620 basehttp 2728 22372 "GET /stock-declaration/?tab=StockDeclaration&page=2 HTTP/1.1" 200 92009
INFO 2025-10-09 17:00:20,666 basehttp 2728 22372 "GET /static/js/stockdeclaration/stockdeclaration.js HTTP/1.1" 304 0
INFO 2025-10-09 17:00:20,710 basehttp 2728 22372 "GET /stock-declaration/api/notifications/ HTTP/1.1" 200 50
INFO 2025-10-09 17:00:20,719 basehttp 2728 4300 "GET /stock-declaration/api/chart-data/?time_range=month&stock_type=all HTTP/1.1" 200 2223
INFO 2025-10-09 17:00:20,761 basehttp 2728 2248 "GET /docu-notification/api/notifications/ HTTP/1.1" 200 50
INFO 2025-10-09 17:00:23,371 basehttp 2728 2248 "GET /stock-declaration/?tab=StockDeclaration&page=1 HTTP/1.1" 200 101526
INFO 2025-10-09 17:00:23,499 basehttp 2728 4300 "GET /docu-notification/api/notifications/ HTTP/1.1" 200 50
INFO 2025-10-09 17:00:23,520 basehttp 2728 22372 "GET /stock-declaration/api/chart-data/?time_range=month&stock_type=all HTTP/1.1" 200 2223
INFO 2025-10-09 17:00:23,566 basehttp 2728 2248 "GET /stock-declaration/api/notifications/ HTTP/1.1" 200 50
INFO 2025-10-09 17:00:25,387 basehttp 2728 2248 "GET /stock-declaration/?tab=StockDeclaration&page=2 HTTP/1.1" 200 92009
INFO 2025-10-09 17:00:25,491 basehttp 2728 2248 "GET /stock-declaration/api/notifications/ HTTP/1.1" 200 50
INFO 2025-10-09 17:00:25,515 basehttp 2728 4300 "GET /stock-declaration/api/chart-data/?time_range=month&stock_type=all HTTP/1.1" 200 2223
INFO 2025-10-09 17:00:25,540 basehttp 2728 22372 "GET /docu-notification/api/notifications/ HTTP/1.1" 200 50
INFO 2025-10-09 17:01:37,134 basehttp 2728 22372 "GET /stock-declaration/?tab=StockDeclaration&page=2 HTTP/1.1" 200 92009
INFO 2025-10-09 17:01:37,205 basehttp 2728 22372 "GET /static/js/stockdeclaration/stockdeclaration.js HTTP/1.1" 304 0
INFO 2025-10-09 17:01:37,255 basehttp 2728 4300 "GET /docu-notification/api/notifications/ HTTP/1.1" 200 50
INFO 2025-10-09 17:01:37,271 basehttp 2728 22372 "GET /stock-declaration/api/notifications/ HTTP/1.1" 200 50
INFO 2025-10-09 17:01:37,286 basehttp 2728 2248 "GET /stock-declaration/api/chart-data/?time_range=month&stock_type=all HTTP/1.1" 200 2223
INFO 2025-10-09 17:01:40,578 basehttp 2728 2248 "GET /monitoring/ HTTP/1.1" 200 55172
INFO 2025-10-09 17:01:40,619 basehttp 2728 22372 "GET /static/css/monitoring/import-modals.css HTTP/1.1" 200 2839
INFO 2025-10-09 17:01:40,620 basehttp 2728 4300 "GET /static/js/monitoring/monitoring-supervisor.js HTTP/1.1" 200 13355
INFO 2025-10-09 17:01:40,623 basehttp 2728 2248 "GET /static/css/monitoring/monitoring-supervisor.css HTTP/1.1" 200 14659
INFO 2025-10-09 17:01:40,667 basehttp 2728 4300 "GET /docu-notification/api/notifications/ HTTP/1.1" 200 50
INFO 2025-10-09 17:01:40,710 basehttp 2728 2248 "GET /stock-declaration/api/notifications/ HTTP/1.1" 200 50
INFO 2025-10-09 17:01:40,731 basehttp 2728 22372 "GET /monitoring/facilitator/chart-data/?timeRange=week&groupId=all HTTP/1.1" 200 176
INFO 2025-10-09 17:01:43,344 basehttp 2728 22372 "GET /monitoring/facilitator/group/25/ HTTP/1.1" 200 69691
INFO 2025-10-09 17:01:43,391 basehttp 2728 2248 "GET /static/js/monitoring/group-detail.js HTTP/1.1" 200 28348
INFO 2025-10-09 17:01:43,391 basehttp 2728 22372 "GET /static/css/monitoring/group-detail.css HTTP/1.1" 200 21408
INFO 2025-10-09 17:01:43,446 basehttp 2728 2248 "GET /stock-declaration/api/notifications/ HTTP/1.1" 200 50
INFO 2025-10-09 17:01:43,452 basehttp 2728 22372 "GET /docu-notification/api/notifications/ HTTP/1.1" 200 50
INFO 2025-10-09 17:01:43,471 basehttp 2728 4300 "GET /monitoring/facilitator/group/25/chart-data/?date=2025-10-09&line=all&shift=all HTTP/1.1" 200 396
INFO 2025-10-09 17:04:55,757 basehttp 2728 4300 "GET /monitoring/facilitator/group/25/ HTTP/1.1" 200 71047
INFO 2025-10-09 17:04:55,911 basehttp 2728 22372 "GET /docu-notification/api/notifications/ HTTP/1.1" 200 50
INFO 2025-10-09 17:04:55,944 basehttp 2728 2248 "GET /monitoring/facilitator/group/25/chart-data/?date=2025-10-09&line=all&shift=all HTTP/1.1" 200 396
INFO 2025-10-09 17:04:56,005 basehttp 2728 4300 "GET /stock-declaration/api/notifications/ HTTP/1.1" 200 50
INFO 2025-10-09 17:04:57,705 basehttp 2728 4300 "GET /monitoring/facilitator/group/25/ HTTP/1.1" 200 71047
INFO 2025-10-09 17:04:57,746 basehttp 2728 4300 "GET /static/css/style-ver2.css HTTP/1.1" 200 12438
INFO 2025-10-09 17:04:57,747 basehttp 2728 22372 "GET /static/css/stockdeclaration/stockdeclaration.css HTTP/1.1" 200 3684
INFO 2025-10-09 17:04:57,755 basehttp 2728 2248 "GET /static/css/job-order.css HTTP/1.1" 200 39525
INFO 2025-10-09 17:04:57,757 basehttp 2728 26132 "GET /static/images/icons/amd%20(1).svg HTTP/1.1" 200 230
INFO 2025-10-09 17:04:57,757 basehttp 2728 10468 "GET /static/css/monitoring/group-detail.css HTTP/1.1" 200 21408
INFO 2025-10-09 17:04:57,758 basehttp 2728 4300 "GET /static/js/script2.js HTTP/1.1" 200 10849
INFO 2025-10-09 17:04:57,760 basehttp 2728 22372 "GET /static/js/monitoring/group-detail.js HTTP/1.1" 200 28348
INFO 2025-10-09 17:04:57,770 basehttp 2728 21988 "GET /media/profile/avatar8.png HTTP/1.1" 200 32718
INFO 2025-10-09 17:04:59,055 basehttp 2728 22372 "GET /docu-notification/api/notifications/ HTTP/1.1" 200 50
INFO 2025-10-09 17:04:59,073 basehttp 2728 4300 "GET /monitoring/facilitator/group/25/chart-data/?date=2025-10-09&line=all&shift=all HTTP/1.1" 200 396
INFO 2025-10-09 17:04:59,109 basehttp 2728 21988 "GET /stock-declaration/api/notifications/ HTTP/1.1" 200 50
WARNING 2025-10-09 17:04:59,704 log 2728 21988 Not Found: /favicon.ico
WARNING 2025-10-09 17:04:59,704 basehttp 2728 21988 "GET /favicon.ico HTTP/1.1" 404 4683
INFO 2025-10-09 17:05:23,533 basehttp 2728 21988 "GET /monitoring/facilitator/group/25/ HTTP/1.1" 200 69922
INFO 2025-10-09 17:05:23,650 basehttp 2728 21988 "GET /stock-declaration/api/notifications/ HTTP/1.1" 200 50
INFO 2025-10-09 17:05:23,668 basehttp 2728 4300 "GET /docu-notification/api/notifications/ HTTP/1.1" 200 50
INFO 2025-10-09 17:05:23,687 basehttp 2728 22372 "GET /monitoring/facilitator/group/25/chart-data/?date=2025-10-09&line=all&shift=all HTTP/1.1" 200 396
INFO 2025-10-09 17:06:07,517 basehttp 2728 22372 "GET /monitoring/facilitator/group/25/ HTTP/1.1" 200 70095
INFO 2025-10-09 17:06:07,610 basehttp 2728 4300 "GET /docu-notification/api/notifications/ HTTP/1.1" 200 50
INFO 2025-10-09 17:06:07,636 basehttp 2728 21988 "GET /monitoring/facilitator/group/25/chart-data/?date=2025-10-09&line=all&shift=all HTTP/1.1" 200 396
INFO 2025-10-09 17:06:07,662 basehttp 2728 22372 "GET /stock-declaration/api/notifications/ HTTP/1.1" 200 50
INFO 2025-10-09 17:06:08,825 basehttp 2728 22372 "GET /monitoring/facilitator/group/25/ HTTP/1.1" 200 70095
INFO 2025-10-09 17:06:08,937 basehttp 2728 21988 "GET /docu-notification/api/notifications/ HTTP/1.1" 200 50
INFO 2025-10-09 17:06:08,953 basehttp 2728 4300 "GET /monitoring/facilitator/group/25/chart-data/?date=2025-10-09&line=all&shift=all HTTP/1.1" 200 396
INFO 2025-10-09 17:06:08,984 basehttp 2728 22372 "GET /stock-declaration/api/notifications/ HTTP/1.1" 200 50
INFO 2025-10-09 17:06:15,154 basehttp 2728 22372 "GET /monitoring/facilitator/group/25/ HTTP/1.1" 200 70095
INFO 2025-10-09 17:06:15,197 basehttp 2728 21988 "GET /static/css/stockdeclaration/stockdeclaration.css HTTP/1.1" 200 3684
INFO 2025-10-09 17:06:15,199 basehttp 2728 22372 "GET /static/css/style-ver2.css HTTP/1.1" 200 12438
INFO 2025-10-09 17:06:15,200 basehttp 2728 10468 "GET /static/images/icons/amd%20(1).svg HTTP/1.1" 200 230
INFO 2025-10-09 17:06:15,201 basehttp 2728 4300 "GET /static/css/job-order.css HTTP/1.1" 200 39525
INFO 2025-10-09 17:06:15,201 basehttp 2728 2248 "GET /static/css/monitoring/group-detail.css HTTP/1.1" 200 21408
INFO 2025-10-09 17:06:15,211 basehttp 2728 22372 "GET /static/js/script2.js HTTP/1.1" 200 10849
INFO 2025-10-09 17:06:15,212 basehttp 2728 21988 "GET /static/js/monitoring/group-detail.js HTTP/1.1" 200 28348
INFO 2025-10-09 17:06:15,217 basehttp 2728 26132 "GET /media/profile/avatar8.png HTTP/1.1" 200 32718
INFO 2025-10-09 17:06:16,145 basehttp 2728 21988 "GET /docu-notification/api/notifications/ HTTP/1.1" 200 50
INFO 2025-10-09 17:06:16,160 basehttp 2728 22372 "GET /monitoring/facilitator/group/25/chart-data/?date=2025-10-09&line=all&shift=all HTTP/1.1" 200 396
INFO 2025-10-09 17:06:16,197 basehttp 2728 26132 "GET /stock-declaration/api/notifications/ HTTP/1.1" 200 50
WARNING 2025-10-09 17:06:16,338 log 2728 26132 Not Found: /favicon.ico
WARNING 2025-10-09 17:06:16,338 basehttp 2728 26132 "GET /favicon.ico HTTP/1.1" 404 4683
INFO 2025-10-09 17:06:54,951 basehttp 2728 26132 "GET /monitoring/facilitator/group/25/ HTTP/1.1" 200 70095
INFO 2025-10-09 17:06:55,136 basehttp 2728 26132 "GET /stock-declaration/api/notifications/ HTTP/1.1" 200 50
INFO 2025-10-09 17:06:55,180 basehttp 2728 22372 "GET /docu-notification/api/notifications/ HTTP/1.1" 200 50
INFO 2025-10-09 17:06:55,240 basehttp 2728 21988 "GET /monitoring/facilitator/group/25/chart-data/?date=2025-10-09&line=all&shift=all HTTP/1.1" 200 396
INFO 2025-10-09 17:06:56,696 basehttp 2728 21988 "GET /monitoring/facilitator/group/25/ HTTP/1.1" 200 70095
INFO 2025-10-09 17:06:56,759 basehttp 2728 21988 "GET /stock-declaration/api/notifications/ HTTP/1.1" 200 50
INFO 2025-10-09 17:06:56,782 basehttp 2728 22372 "GET /docu-notification/api/notifications/ HTTP/1.1" 200 50
INFO 2025-10-09 17:06:56,835 basehttp 2728 26132 "GET /monitoring/facilitator/group/25/chart-data/?date=2025-10-09&line=all&shift=all HTTP/1.1" 200 396
INFO 2025-10-09 17:06:58,045 basehttp 2728 26132 "GET /monitoring/facilitator/group/25/ HTTP/1.1" 200 70095
INFO 2025-10-09 17:06:58,084 basehttp 2728 26132 "GET /static/css/style-ver2.css HTTP/1.1" 200 12438
INFO 2025-10-09 17:06:58,085 basehttp 2728 21988 "GET /static/css/stockdeclaration/stockdeclaration.css HTTP/1.1" 200 3684
INFO 2025-10-09 17:06:58,085 basehttp 2728 4300 "GET /static/images/icons/amd%20(1).svg HTTP/1.1" 200 230
INFO 2025-10-09 17:06:58,086 basehttp 2728 2248 "GET /static/css/monitoring/group-detail.css HTTP/1.1" 200 20829
INFO 2025-10-09 17:06:58,086 basehttp 2728 22372 "GET /static/css/job-order.css HTTP/1.1" 200 39525
INFO 2025-10-09 17:06:58,096 basehttp 2728 21988 "GET /static/js/monitoring/group-detail.js HTTP/1.1" 200 28348
INFO 2025-10-09 17:06:58,096 basehttp 2728 26132 "GET /static/js/script2.js HTTP/1.1" 200 10849
INFO 2025-10-09 17:06:58,102 basehttp 2728 10468 "GET /media/profile/avatar8.png HTTP/1.1" 200 32718
INFO 2025-10-09 17:06:59,998 basehttp 2728 21988 "GET /docu-notification/api/notifications/ HTTP/1.1" 200 50
INFO 2025-10-09 17:07:00,029 basehttp 2728 26132 "GET /monitoring/facilitator/group/25/chart-data/?date=2025-10-09&line=all&shift=all HTTP/1.1" 200 396
INFO 2025-10-09 17:07:00,051 basehttp 2728 10468 "GET /stock-declaration/api/notifications/ HTTP/1.1" 200 50
WARNING 2025-10-09 17:07:00,080 log 2728 22372 Not Found: /favicon.ico
WARNING 2025-10-09 17:07:00,081 basehttp 2728 22372 "GET /favicon.ico HTTP/1.1" 404 4683
INFO 2025-10-09 17:07:09,213 basehttp 2728 22372 "GET /monitoring/facilitator/group/25/ HTTP/1.1" 200 69877
INFO 2025-10-09 17:07:09,249 basehttp 2728 22372 "GET /static/css/monitoring/group-detail.css HTTP/1.1" 304 0
INFO 2025-10-09 17:07:09,347 basehttp 2728 10468 "GET /docu-notification/api/notifications/ HTTP/1.1" 200 50
INFO 2025-10-09 17:07:09,380 basehttp 2728 26132 "GET /monitoring/facilitator/group/25/chart-data/?date=2025-10-09&line=all&shift=all HTTP/1.1" 200 396
INFO 2025-10-09 17:07:09,408 basehttp 2728 22372 "GET /stock-declaration/api/notifications/ HTTP/1.1" 200 50
INFO 2025-10-09 17:07:33,549 basehttp 2728 22372 "GET /monitoring/facilitator/group/25/ HTTP/1.1" 200 69877
INFO 2025-10-09 17:07:33,577 basehttp 2728 22372 "GET /static/css/monitoring/group-detail.css HTTP/1.1" 200 20807
INFO 2025-10-09 17:07:33,654 basehttp 2728 26132 "GET /docu-notification/api/notifications/ HTTP/1.1" 200 50
INFO 2025-10-09 17:07:33,673 basehttp 2728 10468 "GET /monitoring/facilitator/group/25/chart-data/?date=2025-10-09&line=all&shift=all HTTP/1.1" 200 396
INFO 2025-10-09 17:07:33,704 basehttp 2728 22372 "GET /stock-declaration/api/notifications/ HTTP/1.1" 200 50
INFO 2025-10-09 17:07:47,777 basehttp 2728 22372 "GET /monitoring/facilitator/group/25/ HTTP/1.1" 200 69877
INFO 2025-10-09 17:07:47,824 basehttp 2728 22372 "GET /static/css/style-ver2.css HTTP/1.1" 200 12438
INFO 2025-10-09 17:07:47,831 basehttp 2728 26132 "GET /static/css/stockdeclaration/stockdeclaration.css HTTP/1.1" 200 3684
INFO 2025-10-09 17:07:47,831 basehttp 2728 2248 "GET /static/images/icons/amd%20(1).svg HTTP/1.1" 200 230
INFO 2025-10-09 17:07:47,832 basehttp 2728 21988 "GET /static/css/monitoring/group-detail.css HTTP/1.1" 200 20807
INFO 2025-10-09 17:07:47,833 basehttp 2728 10468 "GET /static/css/job-order.css HTTP/1.1" 200 39525
INFO 2025-10-09 17:07:47,841 basehttp 2728 22372 "GET /static/js/script2.js HTTP/1.1" 200 10849
INFO 2025-10-09 17:07:47,844 basehttp 2728 21988 "GET /static/js/monitoring/group-detail.js HTTP/1.1" 200 28348
INFO 2025-10-09 17:07:47,846 basehttp 2728 4300 "GET /media/profile/avatar8.png HTTP/1.1" 200 32718
INFO 2025-10-09 17:07:58,939 basehttp 2728 4300 "GET /docu-notification/api/notifications/ HTTP/1.1" 200 50
INFO 2025-10-09 17:07:58,962 basehttp 2728 21988 "GET /stock-declaration/api/notifications/ HTTP/1.1" 200 50
WARNING 2025-10-09 17:07:58,996 log 2728 10468 Not Found: /favicon.ico
WARNING 2025-10-09 17:07:58,998 basehttp 2728 10468 "GET /favicon.ico HTTP/1.1" 404 4683
INFO 2025-10-09 17:07:59,023 basehttp 2728 22372 "GET /monitoring/facilitator/group/25/chart-data/?date=2025-10-09&line=all&shift=all HTTP/1.1" 200 396
INFO 2025-10-09 17:08:15,590 basehttp 2728 22372 "GET /monitoring/facilitator/group/25/ HTTP/1.1" 200 69854
INFO 2025-10-09 17:08:15,626 basehttp 2728 22372 "GET /static/css/monitoring/group-detail.css HTTP/1.1" 304 0
INFO 2025-10-09 17:08:15,718 basehttp 2728 10468 "GET /docu-notification/api/notifications/ HTTP/1.1" 200 50
INFO 2025-10-09 17:08:15,735 basehttp 2728 22372 "GET /stock-declaration/api/notifications/ HTTP/1.1" 200 50
INFO 2025-10-09 17:08:15,755 basehttp 2728 21988 "GET /monitoring/facilitator/group/25/chart-data/?date=2025-10-09&line=all&shift=all HTTP/1.1" 200 396
INFO 2025-10-09 17:08:17,276 basehttp 2728 21988 "GET /monitoring/facilitator/group/25/ HTTP/1.1" 200 69854
INFO 2025-10-09 17:08:17,329 basehttp 2728 21988 "GET /static/css/style-ver2.css HTTP/1.1" 200 12438
INFO 2025-10-09 17:08:17,330 basehttp 2728 10468 "GET /static/css/stockdeclaration/stockdeclaration.css HTTP/1.1" 200 3684
INFO 2025-10-09 17:08:17,330 basehttp 2728 2248 "GET /static/images/icons/amd%20(1).svg HTTP/1.1" 200 230
INFO 2025-10-09 17:08:17,331 basehttp 2728 4300 "GET /static/css/monitoring/group-detail.css HTTP/1.1" 200 20807
INFO 2025-10-09 17:08:17,331 basehttp 2728 22372 "GET /static/css/job-order.css HTTP/1.1" 200 39525
INFO 2025-10-09 17:08:17,341 basehttp 2728 2248 "GET /static/js/script2.js HTTP/1.1" 200 10849
INFO 2025-10-09 17:08:17,341 basehttp 2728 21988 "GET /static/js/monitoring/group-detail.js HTTP/1.1" 200 28348
INFO 2025-10-09 17:08:17,347 basehttp 2728 26132 "GET /media/profile/avatar8.png HTTP/1.1" 200 32718
INFO 2025-10-09 17:08:17,917 basehttp 2728 21988 "GET /docu-notification/api/notifications/ HTTP/1.1" 200 50
INFO 2025-10-09 17:08:17,930 basehttp 2728 2248 "GET /monitoring/facilitator/group/25/chart-data/?date=2025-10-09&line=all&shift=all HTTP/1.1" 200 396
INFO 2025-10-09 17:08:17,960 basehttp 2728 26132 "GET /stock-declaration/api/notifications/ HTTP/1.1" 200 50
WARNING 2025-10-09 17:08:18,295 log 2728 26132 Not Found: /favicon.ico
WARNING 2025-10-09 17:08:18,295 basehttp 2728 26132 "GET /favicon.ico HTTP/1.1" 404 4683
INFO 2025-10-09 17:11:38,421 basehttp 2728 26132 "GET /monitoring/facilitator/group/25/ HTTP/1.1" 200 69695
INFO 2025-10-09 17:11:38,453 basehttp 2728 26132 "GET /static/css/monitoring/group-detail.css HTTP/1.1" 304 0
INFO 2025-10-09 17:11:38,557 basehttp 2728 26132 "GET /stock-declaration/api/notifications/ HTTP/1.1" 200 50
INFO 2025-10-09 17:11:38,576 basehttp 2728 21988 "GET /monitoring/facilitator/group/25/chart-data/?date=2025-10-09&line=all&shift=all HTTP/1.1" 200 396
INFO 2025-10-09 17:11:38,631 basehttp 2728 2248 "GET /docu-notification/api/notifications/ HTTP/1.1" 200 50
INFO 2025-10-09 17:11:41,180 basehttp 2728 2248 "GET /monitoring/facilitator/group/25/ HTTP/1.1" 200 69695
INFO 2025-10-09 17:11:41,215 basehttp 2728 26132 "GET /static/css/stockdeclaration/stockdeclaration.css HTTP/1.1" 200 3684
INFO 2025-10-09 17:11:41,216 basehttp 2728 4300 "GET /static/images/icons/amd%20(1).svg HTTP/1.1" 200 230
INFO 2025-10-09 17:11:41,217 basehttp 2728 22372 "GET /static/css/monitoring/group-detail.css HTTP/1.1" 200 20807
INFO 2025-10-09 17:11:41,217 basehttp 2728 2248 "GET /static/css/style-ver2.css HTTP/1.1" 200 12438
INFO 2025-10-09 17:11:41,218 basehttp 2728 21988 "GET /static/css/job-order.css HTTP/1.1" 200 39525
INFO 2025-10-09 17:11:41,226 basehttp 2728 26132 "GET /static/js/script2.js HTTP/1.1" 200 10849
INFO 2025-10-09 17:11:41,227 basehttp 2728 4300 "GET /static/js/monitoring/group-detail.js HTTP/1.1" 200 28348
INFO 2025-10-09 17:11:41,232 basehttp 2728 10468 "GET /media/profile/avatar8.png HTTP/1.1" 200 32718
INFO 2025-10-09 17:11:47,949 basehttp 2728 10468 "GET /stock-declaration/api/notifications/ HTTP/1.1" 200 50
INFO 2025-10-09 17:11:47,968 basehttp 2728 26132 "GET /monitoring/facilitator/group/25/chart-data/?date=2025-10-09&line=all&shift=all HTTP/1.1" 200 396
INFO 2025-10-09 17:11:47,983 basehttp 2728 4300 "GET /docu-notification/api/notifications/ HTTP/1.1" 200 50
WARNING 2025-10-09 17:11:48,186 log 2728 4300 Not Found: /favicon.ico
WARNING 2025-10-09 17:11:48,187 basehttp 2728 4300 "GET /favicon.ico HTTP/1.1" 404 4683
INFO 2025-10-09 17:12:19,532 basehttp 2728 4300 "GET /monitoring/facilitator/group/25/ HTTP/1.1" 200 69708
INFO 2025-10-09 17:12:19,560 basehttp 2728 4300 "GET /static/css/monitoring/group-detail.css HTTP/1.1" 304 0
INFO 2025-10-09 17:12:19,635 basehttp 2728 26132 "GET /docu-notification/api/notifications/ HTTP/1.1" 200 50
INFO 2025-10-09 17:12:19,669 basehttp 2728 4300 "GET /stock-declaration/api/notifications/ HTTP/1.1" 200 50
INFO 2025-10-09 17:12:19,689 basehttp 2728 10468 "GET /monitoring/facilitator/group/25/chart-data/?date=2025-10-09&line=all&shift=all HTTP/1.1" 200 396
INFO 2025-10-09 17:12:20,506 basehttp 2728 10468 "GET /monitoring/facilitator/group/25/ HTTP/1.1" 200 69708
INFO 2025-10-09 17:12:20,643 basehttp 2728 4300 "GET /docu-notification/api/notifications/ HTTP/1.1" 200 50
INFO 2025-10-09 17:12:20,694 basehttp 2728 26132 "GET /monitoring/facilitator/group/25/chart-data/?date=2025-10-09&line=all&shift=all HTTP/1.1" 200 396
INFO 2025-10-09 17:12:20,706 basehttp 2728 10468 "GET /stock-declaration/api/notifications/ HTTP/1.1" 200 50
INFO 2025-10-09 17:12:21,913 basehttp 2728 10468 "GET /monitoring/facilitator/group/25/ HTTP/1.1" 200 69708
INFO 2025-10-09 17:12:21,949 basehttp 2728 4300 "GET /static/css/stockdeclaration/stockdeclaration.css HTTP/1.1" 200 3684
INFO 2025-10-09 17:12:21,950 basehttp 2728 2248 "GET /static/images/icons/amd%20(1).svg HTTP/1.1" 200 230
INFO 2025-10-09 17:12:21,951 basehttp 2728 10468 "GET /static/css/style-ver2.css HTTP/1.1" 200 12438
INFO 2025-10-09 17:12:21,951 basehttp 2728 21988 "GET /static/css/monitoring/group-detail.css HTTP/1.1" 200 20807
INFO 2025-10-09 17:12:21,952 basehttp 2728 26132 "GET /static/css/job-order.css HTTP/1.1" 200 39525
INFO 2025-10-09 17:12:21,961 basehttp 2728 4300 "GET /static/js/script2.js HTTP/1.1" 200 10849
INFO 2025-10-09 17:12:21,962 basehttp 2728 2248 "GET /static/js/monitoring/group-detail.js HTTP/1.1" 200 28348
INFO 2025-10-09 17:12:21,968 basehttp 2728 22372 "GET /media/profile/avatar8.png HTTP/1.1" 200 32718
INFO 2025-10-09 17:12:40,510 basehttp 2728 22372 "GET /monitoring/facilitator/group/25/ HTTP/1.1" 200 69877
INFO 2025-10-09 17:12:40,984 basehttp 2728 22372 "GET /stock-declaration/api/notifications/ HTTP/1.1" 200 50
INFO 2025-10-09 17:12:41,056 basehttp 2728 2248 "GET /docu-notification/api/notifications/ HTTP/1.1" 200 50
INFO 2025-10-09 17:12:41,084 basehttp 2728 4300 "GET /monitoring/facilitator/group/25/chart-data/?date=2025-10-09&line=all&shift=all HTTP/1.1" 200 396
WARNING 2025-10-09 17:12:41,119 log 2728 10468 Not Found: /favicon.ico
WARNING 2025-10-09 17:12:41,157 basehttp 2728 10468 "GET /favicon.ico HTTP/1.1" 404 4683
INFO 2025-10-09 17:12:56,447 basehttp 2728 10468 "GET /monitoring/facilitator/group/25/ HTTP/1.1" 200 69865
INFO 2025-10-09 17:12:56,478 basehttp 2728 10468 "GET /static/css/monitoring/group-detail.css HTTP/1.1" 304 0
INFO 2025-10-09 17:12:56,571 basehttp 2728 4300 "GET /docu-notification/api/notifications/ HTTP/1.1" 200 50
INFO 2025-10-09 17:12:56,589 basehttp 2728 2248 "GET /monitoring/facilitator/group/25/chart-data/?date=2025-10-09&line=all&shift=all HTTP/1.1" 200 396
INFO 2025-10-09 17:12:56,606 basehttp 2728 10468 "GET /stock-declaration/api/notifications/ HTTP/1.1" 200 50
INFO 2025-10-09 17:12:57,401 basehttp 2728 10468 "GET /monitoring/facilitator/group/25/ HTTP/1.1" 200 69865
INFO 2025-10-09 17:12:57,598 basehttp 2728 2248 "GET /docu-notification/api/notifications/ HTTP/1.1" 200 50
INFO 2025-10-09 17:12:57,637 basehttp 2728 4300 "GET /monitoring/facilitator/group/25/chart-data/?date=2025-10-09&line=all&shift=all HTTP/1.1" 200 396
INFO 2025-10-09 17:12:57,689 basehttp 2728 10468 "GET /stock-declaration/api/notifications/ HTTP/1.1" 200 50
INFO 2025-10-09 17:13:07,164 basehttp 2728 10468 "GET /monitoring/facilitator/group/25/ HTTP/1.1" 200 69843
INFO 2025-10-09 17:13:07,280 basehttp 2728 4300 "GET /docu-notification/api/notifications/ HTTP/1.1" 200 50
INFO 2025-10-09 17:13:07,304 basehttp 2728 2248 "GET /monitoring/facilitator/group/25/chart-data/?date=2025-10-09&line=all&shift=all HTTP/1.1" 200 396
INFO 2025-10-09 17:13:07,320 basehttp 2728 10468 "GET /stock-declaration/api/notifications/ HTTP/1.1" 200 50
INFO 2025-10-09 17:13:19,721 basehttp 2728 10468 "GET /monitoring/facilitator/group/25/ HTTP/1.1" 200 69830
INFO 2025-10-09 17:13:19,839 basehttp 2728 10468 "GET /stock-declaration/api/notifications/ HTTP/1.1" 200 50
INFO 2025-10-09 17:13:19,859 basehttp 2728 2248 "GET /docu-notification/api/notifications/ HTTP/1.1" 200 50
INFO 2025-10-09 17:13:19,886 basehttp 2728 4300 "GET /monitoring/facilitator/group/25/chart-data/?date=2025-10-09&line=all&shift=all HTTP/1.1" 200 396
INFO 2025-10-09 17:14:14,657 basehttp 2728 4300 "GET /monitoring/facilitator/group/25/ HTTP/1.1" 200 69830
INFO 2025-10-09 17:14:14,699 basehttp 2728 4300 "GET /static/css/monitoring/group-detail.css HTTP/1.1" 200 21168
INFO 2025-10-09 17:14:14,774 basehttp 2728 4300 "GET /stock-declaration/api/notifications/ HTTP/1.1" 200 50
INFO 2025-10-09 17:14:14,818 basehttp 2728 10468 "GET /monitoring/facilitator/group/25/chart-data/?date=2025-10-09&line=all&shift=all HTTP/1.1" 200 396
INFO 2025-10-09 17:14:14,857 basehttp 2728 2248 "GET /docu-notification/api/notifications/ HTTP/1.1" 200 50
INFO 2025-10-09 17:14:15,407 basehttp 2728 2248 "GET /monitoring/facilitator/group/25/ HTTP/1.1" 200 69830
INFO 2025-10-09 17:14:15,469 basehttp 2728 2248 "GET /static/css/monitoring/group-detail.css HTTP/1.1" 304 0
INFO 2025-10-09 17:14:15,553 basehttp 2728 2248 "GET /stock-declaration/api/notifications/ HTTP/1.1" 200 50
INFO 2025-10-09 17:14:15,570 basehttp 2728 10468 "GET /docu-notification/api/notifications/ HTTP/1.1" 200 50
INFO 2025-10-09 17:14:15,641 basehttp 2728 4300 "GET /monitoring/facilitator/group/25/chart-data/?date=2025-10-09&line=all&shift=all HTTP/1.1" 200 396
INFO 2025-10-09 17:14:16,647 basehttp 2728 4300 "GET /monitoring/facilitator/group/25/ HTTP/1.1" 200 69830
INFO 2025-10-09 17:14:16,685 basehttp 2728 4300 "GET /static/css/style-ver2.css HTTP/1.1" 200 12438
INFO 2025-10-09 17:14:16,687 basehttp 2728 26132 "GET /static/images/icons/amd%20(1).svg HTTP/1.1" 200 230
INFO 2025-10-09 17:14:16,688 basehttp 2728 2248 "GET /static/css/stockdeclaration/stockdeclaration.css HTTP/1.1" 200 3684
INFO 2025-10-09 17:14:16,688 basehttp 2728 22372 "GET /static/css/monitoring/group-detail.css HTTP/1.1" 200 21168
INFO 2025-10-09 17:14:16,688 basehttp 2728 10468 "GET /static/css/job-order.css HTTP/1.1" 200 39525
INFO 2025-10-09 17:14:16,696 basehttp 2728 26132 "GET /static/js/script2.js HTTP/1.1" 200 10849
INFO 2025-10-09 17:14:16,697 basehttp 2728 4300 "GET /static/js/monitoring/group-detail.js HTTP/1.1" 200 28348
INFO 2025-10-09 17:14:16,701 basehttp 2728 21988 "GET /media/profile/avatar8.png HTTP/1.1" 200 32718
INFO 2025-10-09 17:14:17,188 basehttp 2728 4300 "GET /docu-notification/api/notifications/ HTTP/1.1" 200 50
INFO 2025-10-09 17:14:17,216 basehttp 2728 26132 "GET /monitoring/facilitator/group/25/chart-data/?date=2025-10-09&line=all&shift=all HTTP/1.1" 200 396
INFO 2025-10-09 17:14:17,241 basehttp 2728 21988 "GET /stock-declaration/api/notifications/ HTTP/1.1" 200 50
WARNING 2025-10-09 17:14:17,979 log 2728 21988 Not Found: /favicon.ico
WARNING 2025-10-09 17:14:17,979 basehttp 2728 21988 "GET /favicon.ico HTTP/1.1" 404 4683
INFO 2025-10-09 17:14:19,360 basehttp 2728 21988 "GET /monitoring/facilitator/group/25/ HTTP/1.1" 200 69830
INFO 2025-10-09 17:14:19,398 basehttp 2728 21988 "GET /static/css/monitoring/group-detail.css HTTP/1.1" 304 0
INFO 2025-10-09 17:14:19,460 basehttp 2728 26132 "GET /docu-notification/api/notifications/ HTTP/1.1" 200 50
INFO 2025-10-09 17:14:19,483 basehttp 2728 21988 "GET /stock-declaration/api/notifications/ HTTP/1.1" 200 50
INFO 2025-10-09 17:14:19,504 basehttp 2728 4300 "GET /monitoring/facilitator/group/25/chart-data/?date=2025-10-09&line=all&shift=all HTTP/1.1" 200 396
INFO 2025-10-09 17:15:24,233 basehttp 2728 4300 "GET /monitoring/facilitator/group/25/ HTTP/1.1" 200 69830
INFO 2025-10-09 17:15:24,271 basehttp 2728 4300 "GET /static/css/monitoring/group-detail.css HTTP/1.1" 200 21183
INFO 2025-10-09 17:15:24,348 basehttp 2728 21988 "GET /docu-notification/api/notifications/ HTTP/1.1" 200 50
INFO 2025-10-09 17:15:24,366 basehttp 2728 26132 "GET /monitoring/facilitator/group/25/chart-data/?date=2025-10-09&line=all&shift=all HTTP/1.1" 200 396
INFO 2025-10-09 17:15:24,399 basehttp 2728 4300 "GET /stock-declaration/api/notifications/ HTTP/1.1" 200 50
INFO 2025-10-09 17:15:25,278 basehttp 2728 4300 "GET /monitoring/facilitator/group/25/ HTTP/1.1" 200 69830
INFO 2025-10-09 17:15:25,347 basehttp 2728 4300 "GET /static/css/monitoring/group-detail.css HTTP/1.1" 304 0
INFO 2025-10-09 17:15:25,407 basehttp 2728 26132 "GET /docu-notification/api/notifications/ HTTP/1.1" 200 50
INFO 2025-10-09 17:15:25,432 basehttp 2728 21988 "GET /monitoring/facilitator/group/25/chart-data/?date=2025-10-09&line=all&shift=all HTTP/1.1" 200 396
INFO 2025-10-09 17:15:25,441 basehttp 2728 4300 "GET /stock-declaration/api/notifications/ HTTP/1.1" 200 50
INFO 2025-10-09 17:15:26,642 basehttp 2728 4300 "GET /monitoring/facilitator/group/25/ HTTP/1.1" 200 69830
INFO 2025-10-09 17:15:26,683 basehttp 2728 4300 "GET /static/css/style-ver2.css HTTP/1.1" 200 12438
INFO 2025-10-09 17:15:26,686 basehttp 2728 26132 "GET /static/css/stockdeclaration/stockdeclaration.css HTTP/1.1" 200 3684
INFO 2025-10-09 17:15:26,687 basehttp 2728 22372 "GET /static/images/icons/amd%20(1).svg HTTP/1.1" 200 230
INFO 2025-10-09 17:15:26,687 basehttp 2728 21988 "GET /static/css/job-order.css HTTP/1.1" 200 39525
INFO 2025-10-09 17:15:26,687 basehttp 2728 10468 "GET /static/css/monitoring/group-detail.css HTTP/1.1" 200 21183
INFO 2025-10-09 17:15:26,697 basehttp 2728 22372 "GET /static/js/script2.js HTTP/1.1" 200 10849
INFO 2025-10-09 17:15:26,698 basehttp 2728 10468 "GET /static/js/monitoring/group-detail.js HTTP/1.1" 200 28348
INFO 2025-10-09 17:15:26,702 basehttp 2728 2248 "GET /media/profile/avatar8.png HTTP/1.1" 200 32718
INFO 2025-10-09 17:15:27,262 basehttp 2728 10468 "GET /docu-notification/api/notifications/ HTTP/1.1" 200 50
INFO 2025-10-09 17:15:27,280 basehttp 2728 22372 "GET /monitoring/facilitator/group/25/chart-data/?date=2025-10-09&line=all&shift=all HTTP/1.1" 200 396
INFO 2025-10-09 17:15:27,311 basehttp 2728 2248 "GET /stock-declaration/api/notifications/ HTTP/1.1" 200 50
WARNING 2025-10-09 17:15:27,687 log 2728 2248 Not Found: /favicon.ico
WARNING 2025-10-09 17:15:27,689 basehttp 2728 2248 "GET /favicon.ico HTTP/1.1" 404 4683
INFO 2025-10-09 17:15:39,579 basehttp 2728 2248 "GET /monitoring/facilitator/group/25/ HTTP/1.1" 200 69830
INFO 2025-10-09 17:15:39,612 basehttp 2728 2248 "GET /static/css/monitoring/group-detail.css HTTP/1.1" 200 21173
INFO 2025-10-09 17:15:39,697 basehttp 2728 2248 "GET /stock-declaration/api/notifications/ HTTP/1.1" 200 50
INFO 2025-10-09 17:15:39,747 basehttp 2728 22372 "GET /docu-notification/api/notifications/ HTTP/1.1" 200 50
INFO 2025-10-09 17:15:39,769 basehttp 2728 10468 "GET /monitoring/facilitator/group/25/chart-data/?date=2025-10-09&line=all&shift=all HTTP/1.1" 200 396
INFO 2025-10-09 17:16:37,257 basehttp 2728 10468 "GET /monitoring/facilitator/group/25/ HTTP/1.1" 200 69830
INFO 2025-10-09 17:16:37,289 basehttp 2728 10468 "GET /static/css/monitoring/group-detail.css HTTP/1.1" 200 21187
INFO 2025-10-09 17:16:37,371 basehttp 2728 2248 "GET /monitoring/facilitator/group/25/chart-data/?date=2025-10-09&line=all&shift=all HTTP/1.1" 200 396
INFO 2025-10-09 17:16:37,390 basehttp 2728 10468 "GET /stock-declaration/api/notifications/ HTTP/1.1" 200 50
INFO 2025-10-09 17:16:37,412 basehttp 2728 22372 "GET /docu-notification/api/notifications/ HTTP/1.1" 200 50
INFO 2025-10-09 17:16:38,997 basehttp 2728 22372 "GET /monitoring/facilitator/group/25/ HTTP/1.1" 200 69830
INFO 2025-10-09 17:16:39,040 basehttp 2728 2248 "GET /static/css/stockdeclaration/stockdeclaration.css HTTP/1.1" 200 3684
INFO 2025-10-09 17:16:39,040 basehttp 2728 26132 "GET /static/images/icons/amd%20(1).svg HTTP/1.1" 200 230
INFO 2025-10-09 17:16:39,042 basehttp 2728 21988 "GET /static/css/monitoring/group-detail.css HTTP/1.1" 200 21187
INFO 2025-10-09 17:16:39,042 basehttp 2728 10468 "GET /static/css/job-order.css HTTP/1.1" 200 39525
INFO 2025-10-09 17:16:39,042 basehttp 2728 22372 "GET /static/css/style-ver2.css HTTP/1.1" 200 12438
INFO 2025-10-09 17:16:39,050 basehttp 2728 26132 "GET /static/js/script2.js HTTP/1.1" 200 10849
INFO 2025-10-09 17:16:39,051 basehttp 2728 10468 "GET /static/js/monitoring/group-detail.js HTTP/1.1" 200 28348
INFO 2025-10-09 17:16:39,055 basehttp 2728 4300 "GET /media/profile/avatar8.png HTTP/1.1" 200 32718
INFO 2025-10-09 17:16:43,722 basehttp 2728 10468 "GET /docu-notification/api/notifications/ HTTP/1.1" 200 50
WARNING 2025-10-09 17:16:43,733 log 2728 21988 Not Found: /favicon.ico
WARNING 2025-10-09 17:16:43,741 basehttp 2728 21988 "GET /favicon.ico HTTP/1.1" 404 4683
INFO 2025-10-09 17:16:43,750 basehttp 2728 4300 "GET /stock-declaration/api/notifications/ HTTP/1.1" 200 50
INFO 2025-10-09 17:16:43,760 basehttp 2728 26132 "GET /monitoring/facilitator/group/25/chart-data/?date=2025-10-09&line=all&shift=all HTTP/1.1" 200 396
INFO 2025-10-09 17:16:47,329 basehttp 2728 26132 "GET /monitoring/facilitator/group/25/ HTTP/1.1" 200 69830
INFO 2025-10-09 17:16:47,362 basehttp 2728 26132 "GET /static/css/monitoring/group-detail.css HTTP/1.1" 200 21165
INFO 2025-10-09 17:16:47,436 basehttp 2728 26132 "GET /stock-declaration/api/notifications/ HTTP/1.1" 200 50
INFO 2025-10-09 17:16:47,447 basehttp 2728 4300 "GET /docu-notification/api/notifications/ HTTP/1.1" 200 50
INFO 2025-10-09 17:16:47,459 basehttp 2728 21988 "GET /monitoring/facilitator/group/25/chart-data/?date=2025-10-09&line=all&shift=all HTTP/1.1" 200 396
INFO 2025-10-09 17:17:02,382 basehttp 2728 21988 "GET /monitoring/facilitator/group/25/ HTTP/1.1" 200 69741
INFO 2025-10-09 17:17:02,414 basehttp 2728 21988 "GET /static/css/monitoring/group-detail.css HTTP/1.1" 304 0
INFO 2025-10-09 17:17:02,480 basehttp 2728 4300 "GET /docu-notification/api/notifications/ HTTP/1.1" 200 50
INFO 2025-10-09 17:17:02,500 basehttp 2728 26132 "GET /monitoring/facilitator/group/25/chart-data/?date=2025-10-09&line=all&shift=all HTTP/1.1" 200 396
INFO 2025-10-09 17:17:02,531 basehttp 2728 21988 "GET /stock-declaration/api/notifications/ HTTP/1.1" 200 50
INFO 2025-10-09 17:17:03,350 basehttp 2728 21988 "GET /monitoring/facilitator/group/25/ HTTP/1.1" 200 69741
INFO 2025-10-09 17:17:03,554 basehttp 2728 21988 "GET /stock-declaration/api/notifications/ HTTP/1.1" 200 50
INFO 2025-10-09 17:17:03,574 basehttp 2728 4300 "GET /monitoring/facilitator/group/25/chart-data/?date=2025-10-09&line=all&shift=all HTTP/1.1" 200 396
INFO 2025-10-09 17:17:03,623 basehttp 2728 26132 "GET /docu-notification/api/notifications/ HTTP/1.1" 200 50
INFO 2025-10-09 17:17:04,617 basehttp 2728 26132 "GET /monitoring/facilitator/group/25/ HTTP/1.1" 200 69741
INFO 2025-10-09 17:17:04,653 basehttp 2728 21988 "GET /static/css/stockdeclaration/stockdeclaration.css HTTP/1.1" 200 3684
INFO 2025-10-09 17:17:04,653 basehttp 2728 26132 "GET /static/css/style-ver2.css HTTP/1.1" 200 12438
INFO 2025-10-09 17:17:04,654 basehttp 2728 22372 "GET /static/images/icons/amd%20(1).svg HTTP/1.1" 200 230
INFO 2025-10-09 17:17:04,655 basehttp 2728 4300 "GET /static/css/job-order.css HTTP/1.1" 200 39525
INFO 2025-10-09 17:17:04,655 basehttp 2728 10468 "GET /static/css/monitoring/group-detail.css HTTP/1.1" 200 21165
INFO 2025-10-09 17:17:04,662 basehttp 2728 21988 "GET /static/js/script2.js HTTP/1.1" 200 10849
INFO 2025-10-09 17:17:04,662 basehttp 2728 10468 "GET /static/js/monitoring/group-detail.js HTTP/1.1" 200 28348
INFO 2025-10-09 17:17:04,668 basehttp 2728 2248 "GET /media/profile/avatar8.png HTTP/1.1" 200 32718
INFO 2025-10-09 17:17:05,168 basehttp 2728 10468 "GET /docu-notification/api/notifications/ HTTP/1.1" 200 50
INFO 2025-10-09 17:17:05,182 basehttp 2728 2248 "GET /stock-declaration/api/notifications/ HTTP/1.1" 200 50
INFO 2025-10-09 17:17:05,202 basehttp 2728 21988 "GET /monitoring/facilitator/group/25/chart-data/?date=2025-10-09&line=all&shift=all HTTP/1.1" 200 396
WARNING 2025-10-09 17:17:07,516 log 2728 21988 Not Found: /favicon.ico
WARNING 2025-10-09 17:17:07,531 basehttp 2728 21988 "GET /favicon.ico HTTP/1.1" 404 4683
INFO 2025-10-09 17:17:26,753 basehttp 2728 21988 "GET /monitoring/facilitator/group/25/ HTTP/1.1" 200 69741
INFO 2025-10-09 17:17:26,792 basehttp 2728 21988 "GET /static/css/monitoring/group-detail.css HTTP/1.1" 200 21183
INFO 2025-10-09 17:17:26,886 basehttp 2728 21988 "GET /stock-declaration/api/notifications/ HTTP/1.1" 200 50
INFO 2025-10-09 17:17:26,911 basehttp 2728 10468 "GET /monitoring/facilitator/group/25/chart-data/?date=2025-10-09&line=all&shift=all HTTP/1.1" 200 396
INFO 2025-10-09 17:17:26,939 basehttp 2728 2248 "GET /docu-notification/api/notifications/ HTTP/1.1" 200 50
INFO 2025-10-09 17:17:27,631 basehttp 2728 2248 "GET /monitoring/facilitator/group/25/ HTTP/1.1" 200 69741
INFO 2025-10-09 17:17:27,674 basehttp 2728 2248 "GET /static/css/monitoring/group-detail.css HTTP/1.1" 304 0
INFO 2025-10-09 17:17:27,756 basehttp 2728 10468 "GET /docu-notification/api/notifications/ HTTP/1.1" 200 50
INFO 2025-10-09 17:17:27,774 basehttp 2728 21988 "GET /monitoring/facilitator/group/25/chart-data/?date=2025-10-09&line=all&shift=all HTTP/1.1" 200 396
INFO 2025-10-09 17:17:27,806 basehttp 2728 2248 "GET /stock-declaration/api/notifications/ HTTP/1.1" 200 50
INFO 2025-10-09 17:17:28,868 basehttp 2728 2248 "GET /monitoring/facilitator/group/25/ HTTP/1.1" 200 69741
INFO 2025-10-09 17:17:28,913 basehttp 2728 2248 "GET /static/css/style-ver2.css HTTP/1.1" 200 12438
INFO 2025-10-09 17:17:28,916 basehttp 2728 21988 "GET /static/css/job-order.css HTTP/1.1" 200 39525
INFO 2025-10-09 17:17:28,916 basehttp 2728 10468 "GET /static/css/stockdeclaration/stockdeclaration.css HTTP/1.1" 200 3684
INFO 2025-10-09 17:17:28,918 basehttp 2728 4300 "GET /static/css/monitoring/group-detail.css HTTP/1.1" 200 21183
INFO 2025-10-09 17:17:28,918 basehttp 2728 26132 "GET /static/images/icons/amd%20(1).svg HTTP/1.1" 200 230
INFO 2025-10-09 17:17:28,927 basehttp 2728 2248 "GET /static/js/script2.js HTTP/1.1" 200 10849
INFO 2025-10-09 17:17:28,931 basehttp 2728 26132 "GET /static/js/monitoring/group-detail.js HTTP/1.1" 200 28348
INFO 2025-10-09 17:17:28,933 basehttp 2728 22372 "GET /media/profile/avatar8.png HTTP/1.1" 200 32718
INFO 2025-10-09 17:17:29,125 basehttp 2728 22372 "GET /docu-notification/api/notifications/ HTTP/1.1" 200 50
INFO 2025-10-09 17:17:29,141 basehttp 2728 2248 "GET /monitoring/facilitator/group/25/chart-data/?date=2025-10-09&line=all&shift=all HTTP/1.1" 200 396
INFO 2025-10-09 17:17:29,172 basehttp 2728 26132 "GET /stock-declaration/api/notifications/ HTTP/1.1" 200 50
WARNING 2025-10-09 17:17:30,129 log 2728 26132 Not Found: /favicon.ico
WARNING 2025-10-09 17:17:30,131 basehttp 2728 26132 "GET /favicon.ico HTTP/1.1" 404 4683
INFO 2025-10-09 17:17:31,894 basehttp 2728 26132 "GET /static/css/monitoring/group-detail.css HTTP/1.1" 304 0
WARNING 2025-10-09 17:17:31,925 log 2728 26132 Not Found: /.well-known/appspecific/com.chrome.devtools.json
WARNING 2025-10-09 17:17:31,927 basehttp 2728 26132 "GET /.well-known/appspecific/com.chrome.devtools.json HTTP/1.1" 404 4794
INFO 2025-10-09 17:18:48,083 basehttp 2728 26132 "GET /monitoring/facilitator/group/25/ HTTP/1.1" 200 69221
INFO 2025-10-09 17:18:48,134 basehttp 2728 2248 "GET /static/css/monitoring/group-detail.css HTTP/1.1" 304 0
WARNING 2025-10-09 17:18:48,145 log 2728 26132 Not Found: /.well-known/appspecific/com.chrome.devtools.json
WARNING 2025-10-09 17:18:48,146 basehttp 2728 26132 "GET /.well-known/appspecific/com.chrome.devtools.json HTTP/1.1" 404 4794
INFO 2025-10-09 17:18:48,382 basehttp 2728 26132 "GET /stock-declaration/api/notifications/ HTTP/1.1" 200 50
INFO 2025-10-09 17:18:48,435 basehttp 2728 2248 "GET /docu-notification/api/notifications/ HTTP/1.1" 200 50
INFO 2025-10-09 17:18:48,473 basehttp 2728 22372 "GET /monitoring/facilitator/group/25/chart-data/?date=2025-10-09&line=all&shift=all HTTP/1.1" 200 396
INFO 2025-10-09 17:19:31,943 basehttp 2728 22372 "GET /monitoring/facilitator/group/25/ HTTP/1.1" 200 70889
INFO 2025-10-09 17:19:31,981 basehttp 2728 2248 "GET /static/css/monitoring/group-detail.css HTTP/1.1" 304 0
WARNING 2025-10-09 17:19:32,004 log 2728 22372 Not Found: /.well-known/appspecific/com.chrome.devtools.json
WARNING 2025-10-09 17:19:32,005 basehttp 2728 22372 "GET /.well-known/appspecific/com.chrome.devtools.json HTTP/1.1" 404 4794
INFO 2025-10-09 17:19:32,167 basehttp 2728 2248 "GET /docu-notification/api/notifications/ HTTP/1.1" 200 50
INFO 2025-10-09 17:19:32,195 basehttp 2728 26132 "GET /monitoring/facilitator/group/25/chart-data/?date=2025-10-09&line=all&shift=all HTTP/1.1" 200 396
INFO 2025-10-09 17:19:32,217 basehttp 2728 22372 "GET /stock-declaration/api/notifications/ HTTP/1.1" 200 50
INFO 2025-10-09 17:20:08,691 basehttp 2728 22372 "GET /monitoring/facilitator/group/25/ HTTP/1.1" 200 70724
INFO 2025-10-09 17:20:08,728 basehttp 2728 26132 "GET /static/css/monitoring/group-detail.css HTTP/1.1" 304 0
WARNING 2025-10-09 17:20:08,747 log 2728 22372 Not Found: /.well-known/appspecific/com.chrome.devtools.json
WARNING 2025-10-09 17:20:08,748 basehttp 2728 22372 "GET /.well-known/appspecific/com.chrome.devtools.json HTTP/1.1" 404 4794
INFO 2025-10-09 17:20:08,929 basehttp 2728 22372 "GET /stock-declaration/api/notifications/ HTTP/1.1" 200 50
INFO 2025-10-09 17:20:08,949 basehttp 2728 2248 "GET /monitoring/facilitator/group/25/chart-data/?date=2025-10-09&line=all&shift=all HTTP/1.1" 200 396
INFO 2025-10-09 17:20:08,972 basehttp 2728 26132 "GET /docu-notification/api/notifications/ HTTP/1.1" 200 50
INFO 2025-10-09 17:20:18,266 basehttp 2728 26132 "GET /monitoring/facilitator/group/25/ HTTP/1.1" 200 70724
WARNING 2025-10-09 17:20:18,326 log 2728 26132 Not Found: /.well-known/appspecific/com.chrome.devtools.json
WARNING 2025-10-09 17:20:18,327 basehttp 2728 26132 "GET /.well-known/appspecific/com.chrome.devtools.json HTTP/1.1" 404 4794
INFO 2025-10-09 17:20:18,499 basehttp 2728 2248 "GET /docu-notification/api/notifications/ HTTP/1.1" 200 50
INFO 2025-10-09 17:20:18,529 basehttp 2728 22372 "GET /monitoring/facilitator/group/25/chart-data/?date=2025-10-09&line=all&shift=all HTTP/1.1" 200 396
INFO 2025-10-09 17:20:18,553 basehttp 2728 26132 "GET /stock-declaration/api/notifications/ HTTP/1.1" 200 50
INFO 2025-10-09 17:20:21,728 basehttp 2728 26132 "GET /monitoring/facilitator/group/25/ HTTP/1.1" 200 71108
WARNING 2025-10-09 17:20:21,786 log 2728 26132 Not Found: /.well-known/appspecific/com.chrome.devtools.json
WARNING 2025-10-09 17:20:21,787 basehttp 2728 26132 "GET /.well-known/appspecific/com.chrome.devtools.json HTTP/1.1" 404 4794
INFO 2025-10-09 17:20:22,002 basehttp 2728 26132 "GET /stock-declaration/api/notifications/ HTTP/1.1" 200 50
INFO 2025-10-09 17:20:22,028 basehttp 2728 2248 "GET /monitoring/facilitator/group/25/chart-data/?date=2025-10-09&line=all&shift=all HTTP/1.1" 200 396
INFO 2025-10-09 17:20:22,047 basehttp 2728 22372 "GET /docu-notification/api/notifications/ HTTP/1.1" 200 50
INFO 2025-10-09 17:20:51,515 basehttp 2728 22372 "GET /monitoring/facilitator/group/25/ HTTP/1.1" 200 71130
INFO 2025-10-09 17:20:51,575 basehttp 2728 2248 "GET /static/css/monitoring/group-detail.css HTTP/1.1" 304 0
WARNING 2025-10-09 17:20:51,589 log 2728 22372 Not Found: /.well-known/appspecific/com.chrome.devtools.json
WARNING 2025-10-09 17:20:51,590 basehttp 2728 22372 "GET /.well-known/appspecific/com.chrome.devtools.json HTTP/1.1" 404 4794
INFO 2025-10-09 17:20:51,772 basehttp 2728 2248 "GET /docu-notification/api/notifications/ HTTP/1.1" 200 50
INFO 2025-10-09 17:20:51,792 basehttp 2728 26132 "GET /monitoring/facilitator/group/25/chart-data/?date=2025-10-09&line=all&shift=all HTTP/1.1" 200 396
INFO 2025-10-09 17:20:51,824 basehttp 2728 22372 "GET /stock-declaration/api/notifications/ HTTP/1.1" 200 50
INFO 2025-10-09 17:20:53,284 basehttp 2728 22372 "GET /monitoring/facilitator/group/25/ HTTP/1.1" 200 71130
INFO 2025-10-09 17:20:53,346 basehttp 2728 26132 "GET /static/css/style-ver2.css HTTP/1.1" 200 12438
INFO 2025-10-09 17:20:53,346 basehttp 2728 21988 "GET /static/css/stockdeclaration/stockdeclaration.css HTTP/1.1" 200 3684
INFO 2025-10-09 17:20:53,346 basehttp 2728 10468 "GET /static/images/icons/amd%20(1).svg HTTP/1.1" 200 230
INFO 2025-10-09 17:20:53,348 basehttp 2728 4300 "GET /static/css/monitoring/group-detail.css HTTP/1.1" 200 21183
INFO 2025-10-09 17:20:53,348 basehttp 2728 2248 "GET /static/css/job-order.css HTTP/1.1" 200 39525
WARNING 2025-10-09 17:20:53,355 log 2728 22372 Not Found: /.well-known/appspecific/com.chrome.devtools.json
WARNING 2025-10-09 17:20:53,356 basehttp 2728 22372 "GET /.well-known/appspecific/com.chrome.devtools.json HTTP/1.1" 404 4794
INFO 2025-10-09 17:20:53,357 basehttp 2728 21988 "GET /static/js/script2.js HTTP/1.1" 200 10849
INFO 2025-10-09 17:20:53,360 basehttp 2728 4300 "GET /static/js/monitoring/group-detail.js HTTP/1.1" 200 28348
INFO 2025-10-09 17:20:53,369 basehttp 2728 10468 "GET /media/profile/avatar8.png HTTP/1.1" 200 32718
INFO 2025-10-09 17:20:54,091 basehttp 2728 4300 "GET /docu-notification/api/notifications/ HTTP/1.1" 200 50
INFO 2025-10-09 17:20:54,109 basehttp 2728 21988 "GET /monitoring/facilitator/group/25/chart-data/?date=2025-10-09&line=all&shift=all HTTP/1.1" 200 396
INFO 2025-10-09 17:20:54,139 basehttp 2728 10468 "GET /stock-declaration/api/notifications/ HTTP/1.1" 200 50
WARNING 2025-10-09 17:20:54,336 log 2728 10468 Not Found: /favicon.ico
WARNING 2025-10-09 17:20:54,341 basehttp 2728 10468 "GET /favicon.ico HTTP/1.1" 404 4683
INFO 2025-10-09 17:21:41,061 basehttp 2728 10468 "GET /monitoring/facilitator/group/25/ HTTP/1.1" 200 71152
INFO 2025-10-09 17:21:41,103 basehttp 2728 21988 "GET /static/css/monitoring/group-detail.css HTTP/1.1" 304 0
WARNING 2025-10-09 17:21:41,119 log 2728 10468 Not Found: /.well-known/appspecific/com.chrome.devtools.json
WARNING 2025-10-09 17:21:41,120 basehttp 2728 10468 "GET /.well-known/appspecific/com.chrome.devtools.json HTTP/1.1" 404 4794
INFO 2025-10-09 17:21:41,265 basehttp 2728 10468 "GET /stock-declaration/api/notifications/ HTTP/1.1" 200 50
INFO 2025-10-09 17:21:41,321 basehttp 2728 21988 "GET /docu-notification/api/notifications/ HTTP/1.1" 200 50
INFO 2025-10-09 17:21:41,381 basehttp 2728 4300 "GET /monitoring/facilitator/group/25/chart-data/?date=2025-10-09&line=all&shift=all HTTP/1.1" 200 396
INFO 2025-10-09 17:21:42,745 basehttp 2728 4300 "GET /monitoring/facilitator/group/25/ HTTP/1.1" 200 71152
INFO 2025-10-09 17:21:42,795 basehttp 2728 21988 "GET /static/css/style-ver2.css HTTP/1.1" 200 12438
INFO 2025-10-09 17:21:42,800 basehttp 2728 22372 "GET /static/css/stockdeclaration/stockdeclaration.css HTTP/1.1" 200 3684
INFO 2025-10-09 17:21:42,800 basehttp 2728 2248 "GET /static/css/monitoring/group-detail.css HTTP/1.1" 200 21183
INFO 2025-10-09 17:21:42,801 basehttp 2728 26132 "GET /static/images/icons/amd%20(1).svg HTTP/1.1" 200 230
INFO 2025-10-09 17:21:42,801 basehttp 2728 10468 "GET /static/css/job-order.css HTTP/1.1" 200 39525
WARNING 2025-10-09 17:21:42,803 log 2728 4300 Not Found: /.well-known/appspecific/com.chrome.devtools.json
INFO 2025-10-09 17:21:42,809 basehttp 2728 2248 "GET /static/js/script2.js HTTP/1.1" 200 10849
WARNING 2025-10-09 17:21:42,812 basehttp 2728 4300 "GET /.well-known/appspecific/com.chrome.devtools.json HTTP/1.1" 404 4794
INFO 2025-10-09 17:21:42,817 basehttp 2728 26132 "GET /static/js/monitoring/group-detail.js HTTP/1.1" 200 28348
INFO 2025-10-09 17:21:42,823 basehttp 2728 21988 "GET /media/profile/avatar8.png HTTP/1.1" 200 32718
INFO 2025-10-09 17:21:43,630 basehttp 2728 21988 "GET /stock-declaration/api/notifications/ HTTP/1.1" 200 50
INFO 2025-10-09 17:21:43,651 basehttp 2728 4300 "GET /monitoring/facilitator/group/25/chart-data/?date=2025-10-09&line=all&shift=all HTTP/1.1" 200 396
INFO 2025-10-09 17:21:43,683 basehttp 2728 26132 "GET /docu-notification/api/notifications/ HTTP/1.1" 200 50
WARNING 2025-10-09 17:21:43,721 log 2728 26132 Not Found: /favicon.ico
WARNING 2025-10-09 17:21:43,723 basehttp 2728 26132 "GET /favicon.ico HTTP/1.1" 404 4683
INFO 2025-10-09 17:22:47,717 basehttp 2728 26132 "GET /monitoring/facilitator/group/25/ HTTP/1.1" 200 70948
INFO 2025-10-09 17:22:47,780 basehttp 2728 4300 "GET /static/css/monitoring/group-detail.css HTTP/1.1" 304 0
WARNING 2025-10-09 17:22:47,794 log 2728 26132 Not Found: /.well-known/appspecific/com.chrome.devtools.json
WARNING 2025-10-09 17:22:47,795 basehttp 2728 26132 "GET /.well-known/appspecific/com.chrome.devtools.json HTTP/1.1" 404 4794
INFO 2025-10-09 17:22:47,949 basehttp 2728 4300 "GET /docu-notification/api/notifications/ HTTP/1.1" 200 50
INFO 2025-10-09 17:22:47,981 basehttp 2728 21988 "GET /monitoring/facilitator/group/25/chart-data/?date=2025-10-09&line=all&shift=all HTTP/1.1" 200 396
INFO 2025-10-09 17:22:48,006 basehttp 2728 26132 "GET /stock-declaration/api/notifications/ HTTP/1.1" 200 50
INFO 2025-10-09 17:23:13,031 basehttp 2728 26132 "GET /monitoring/facilitator/group/25/ HTTP/1.1" 200 70948
WARNING 2025-10-09 17:23:13,088 log 2728 26132 Not Found: /.well-known/appspecific/com.chrome.devtools.json
WARNING 2025-10-09 17:23:13,089 basehttp 2728 26132 "GET /.well-known/appspecific/com.chrome.devtools.json HTTP/1.1" 404 4794
INFO 2025-10-09 17:23:13,202 basehttp 2728 21988 "GET /docu-notification/api/notifications/ HTTP/1.1" 200 50
INFO 2025-10-09 17:23:13,233 basehttp 2728 4300 "GET /monitoring/facilitator/group/25/chart-data/?date=2025-10-09&line=all&shift=all HTTP/1.1" 200 396
INFO 2025-10-09 17:23:13,260 basehttp 2728 26132 "GET /stock-declaration/api/notifications/ HTTP/1.1" 200 50
INFO 2025-10-09 17:23:18,285 basehttp 2728 26132 "GET /monitoring/facilitator/group/25/ HTTP/1.1" 200 70948
WARNING 2025-10-09 17:23:18,338 log 2728 26132 Not Found: /.well-known/appspecific/com.chrome.devtools.json
WARNING 2025-10-09 17:23:18,339 basehttp 2728 26132 "GET /.well-known/appspecific/com.chrome.devtools.json HTTP/1.1" 404 4794
INFO 2025-10-09 17:23:18,419 basehttp 2728 4300 "GET /docu-notification/api/notifications/ HTTP/1.1" 200 50
INFO 2025-10-09 17:23:18,453 basehttp 2728 26132 "GET /stock-declaration/api/notifications/ HTTP/1.1" 200 50
INFO 2025-10-09 17:23:18,473 basehttp 2728 21988 "GET /monitoring/facilitator/group/25/chart-data/?date=2025-10-09&line=all&shift=all HTTP/1.1" 200 396
INFO 2025-10-09 17:23:20,132 basehttp 2728 21988 "GET /monitoring/facilitator/group/25/ HTTP/1.1" 200 70948
WARNING 2025-10-09 17:23:20,178 log 2728 21988 Not Found: /.well-known/appspecific/com.chrome.devtools.json
WARNING 2025-10-09 17:23:20,181 basehttp 2728 21988 "GET /.well-known/appspecific/com.chrome.devtools.json HTTP/1.1" 404 4794
INFO 2025-10-09 17:23:20,182 basehttp 2728 2248 "GET /static/css/stockdeclaration/stockdeclaration.css HTTP/1.1" 200 3684
INFO 2025-10-09 17:23:20,182 basehttp 2728 10468 "GET /static/css/monitoring/group-detail.css HTTP/1.1" 200 21183
INFO 2025-10-09 17:23:20,182 basehttp 2728 26132 "GET /static/css/style-ver2.css HTTP/1.1" 200 12438
INFO 2025-10-09 17:23:20,183 basehttp 2728 4300 "GET /static/css/job-order.css HTTP/1.1" 200 39571
INFO 2025-10-09 17:23:20,183 basehttp 2728 22372 "GET /static/images/icons/amd%20(1).svg HTTP/1.1" 200 230
INFO 2025-10-09 17:23:20,191 basehttp 2728 26132 "GET /static/js/script2.js HTTP/1.1" 200 10849
INFO 2025-10-09 17:23:20,192 basehttp 2728 2248 "GET /static/js/monitoring/group-detail.js HTTP/1.1" 200 28348
INFO 2025-10-09 17:23:20,202 basehttp 2728 21988 "GET /media/profile/avatar8.png HTTP/1.1" 200 32718
INFO 2025-10-09 17:23:23,446 basehttp 2728 2248 "GET /docu-notification/api/notifications/ HTTP/1.1" 200 50
INFO 2025-10-09 17:23:23,459 basehttp 2728 21988 "GET /stock-declaration/api/notifications/ HTTP/1.1" 200 50
INFO 2025-10-09 17:23:23,480 basehttp 2728 26132 "GET /monitoring/facilitator/group/25/chart-data/?date=2025-10-09&line=all&shift=all HTTP/1.1" 200 396
INFO 2025-10-09 17:23:44,039 basehttp 2728 26132 "GET /monitoring/facilitator/group/25/ HTTP/1.1" 200 70948
INFO 2025-10-09 17:23:44,081 basehttp 2728 21988 "GET /static/css/job-order.css HTTP/1.1" 200 39597
WARNING 2025-10-09 17:23:44,094 log 2728 26132 Not Found: /.well-known/appspecific/com.chrome.devtools.json
WARNING 2025-10-09 17:23:44,095 basehttp 2728 26132 "GET /.well-known/appspecific/com.chrome.devtools.json HTTP/1.1" 404 4794
INFO 2025-10-09 17:23:44,238 basehttp 2728 21988 "GET /docu-notification/api/notifications/ HTTP/1.1" 200 50
INFO 2025-10-09 17:23:44,262 basehttp 2728 2248 "GET /monitoring/facilitator/group/25/chart-data/?date=2025-10-09&line=all&shift=all HTTP/1.1" 200 396
INFO 2025-10-09 17:23:44,309 basehttp 2728 26132 "GET /stock-declaration/api/notifications/ HTTP/1.1" 200 50
WARNING 2025-10-09 17:23:44,361 log 2728 2248 Not Found: /favicon.ico
WARNING 2025-10-09 17:23:44,363 basehttp 2728 2248 "GET /favicon.ico HTTP/1.1" 404 4683
INFO 2025-10-09 17:23:45,195 basehttp 2728 2248 "GET /monitoring/facilitator/group/25/ HTTP/1.1" 200 70948
INFO 2025-10-09 17:23:45,241 basehttp 2728 26132 "GET /static/css/job-order.css HTTP/1.1" 304 0
WARNING 2025-10-09 17:23:45,262 log 2728 2248 Not Found: /.well-known/appspecific/com.chrome.devtools.json
WARNING 2025-10-09 17:23:45,262 basehttp 2728 2248 "GET /.well-known/appspecific/com.chrome.devtools.json HTTP/1.1" 404 4794
INFO 2025-10-09 17:23:45,401 basehttp 2728 26132 "GET /docu-notification/api/notifications/ HTTP/1.1" 200 50
INFO 2025-10-09 17:23:45,426 basehttp 2728 21988 "GET /monitoring/facilitator/group/25/chart-data/?date=2025-10-09&line=all&shift=all HTTP/1.1" 200 396
INFO 2025-10-09 17:23:45,445 basehttp 2728 2248 "GET /stock-declaration/api/notifications/ HTTP/1.1" 200 50
INFO 2025-10-09 17:25:20,563 basehttp 2728 2248 "GET /monitoring/facilitator/group/25/ HTTP/1.1" 200 70922
INFO 2025-10-09 17:25:20,609 basehttp 2728 26132 "GET /static/css/monitoring/group-detail.css HTTP/1.1" 304 0
INFO 2025-10-09 17:25:20,609 basehttp 2728 21988 "GET /static/css/job-order.css HTTP/1.1" 304 0
WARNING 2025-10-09 17:25:20,622 log 2728 2248 Not Found: /.well-known/appspecific/com.chrome.devtools.json
WARNING 2025-10-09 17:25:20,624 basehttp 2728 2248 "GET /.well-known/appspecific/com.chrome.devtools.json HTTP/1.1" 404 4794
INFO 2025-10-09 17:25:20,756 basehttp 2728 26132 "GET /docu-notification/api/notifications/ HTTP/1.1" 200 50
INFO 2025-10-09 17:25:20,794 basehttp 2728 21988 "GET /monitoring/facilitator/group/25/chart-data/?date=2025-10-09&line=all&shift=all HTTP/1.1" 200 396
INFO 2025-10-09 17:25:20,818 basehttp 2728 2248 "GET /stock-declaration/api/notifications/ HTTP/1.1" 200 50
INFO 2025-10-09 17:25:38,575 basehttp 2728 2248 "GET /monitoring/facilitator/group/25/ HTTP/1.1" 200 70941
INFO 2025-10-09 17:25:38,620 basehttp 2728 21988 "GET /static/css/job-order.css HTTP/1.1" 304 0
WARNING 2025-10-09 17:25:38,639 log 2728 2248 Not Found: /.well-known/appspecific/com.chrome.devtools.json
WARNING 2025-10-09 17:25:38,644 basehttp 2728 2248 "GET /.well-known/appspecific/com.chrome.devtools.json HTTP/1.1" 404 4794
INFO 2025-10-09 17:25:38,744 basehttp 2728 21988 "GET /docu-notification/api/notifications/ HTTP/1.1" 200 50
INFO 2025-10-09 17:25:38,771 basehttp 2728 2248 "GET /stock-declaration/api/notifications/ HTTP/1.1" 200 50
INFO 2025-10-09 17:25:38,785 basehttp 2728 21988 "GET /monitoring/facilitator/group/25/chart-data/?date=2025-10-09&line=all&shift=all HTTP/1.1" 200 396
INFO 2025-10-09 17:25:40,433 basehttp 2728 21988 "GET /monitoring/facilitator/group/25/ HTTP/1.1" 200 70941
WARNING 2025-10-09 17:25:40,485 log 2728 21988 Not Found: /.well-known/appspecific/com.chrome.devtools.json
WARNING 2025-10-09 17:25:40,487 basehttp 2728 21988 "GET /.well-known/appspecific/com.chrome.devtools.json HTTP/1.1" 404 4794
INFO 2025-10-09 17:25:40,558 basehttp 2728 2248 "GET /docu-notification/api/notifications/ HTTP/1.1" 200 50
INFO 2025-10-09 17:25:40,577 basehttp 2728 26132 "GET /monitoring/facilitator/group/25/chart-data/?date=2025-10-09&line=all&shift=all HTTP/1.1" 200 396
INFO 2025-10-09 17:25:40,612 basehttp 2728 21988 "GET /stock-declaration/api/notifications/ HTTP/1.1" 200 50
INFO 2025-10-09 17:25:47,535 basehttp 2728 21988 "GET /monitoring/facilitator/group/25/ HTTP/1.1" 200 70948
WARNING 2025-10-09 17:25:47,580 log 2728 21988 Not Found: /.well-known/appspecific/com.chrome.devtools.json
WARNING 2025-10-09 17:25:47,582 basehttp 2728 21988 "GET /.well-known/appspecific/com.chrome.devtools.json HTTP/1.1" 404 4794
INFO 2025-10-09 17:25:47,682 basehttp 2728 21988 "GET /stock-declaration/api/notifications/ HTTP/1.1" 200 50
INFO 2025-10-09 17:25:47,712 basehttp 2728 2248 "GET /monitoring/facilitator/group/25/chart-data/?date=2025-10-09&line=all&shift=all HTTP/1.1" 200 396
INFO 2025-10-09 17:25:47,730 basehttp 2728 26132 "GET /docu-notification/api/notifications/ HTTP/1.1" 200 50
INFO 2025-10-09 17:25:51,772 basehttp 2728 26132 "GET /monitoring/ HTTP/1.1" 200 55172
WARNING 2025-10-09 17:25:51,845 log 2728 26132 Not Found: /.well-known/appspecific/com.chrome.devtools.json
WARNING 2025-10-09 17:25:51,846 basehttp 2728 26132 "GET /.well-known/appspecific/com.chrome.devtools.json HTTP/1.1" 404 4794
INFO 2025-10-09 17:25:51,853 basehttp 2728 26132 "GET /static/css/job-order.css HTTP/1.1" 304 0
INFO 2025-10-09 17:25:51,920 basehttp 2728 2248 "GET /docu-notification/api/notifications/ HTTP/1.1" 200 50
INFO 2025-10-09 17:25:51,963 basehttp 2728 26132 "GET /stock-declaration/api/notifications/ HTTP/1.1" 200 50
INFO 2025-10-09 17:25:52,018 basehttp 2728 21988 "GET /monitoring/facilitator/chart-data/?timeRange=week&groupId=all HTTP/1.1" 200 176
INFO 2025-10-09 17:25:53,207 basehttp 2728 21988 "GET /stock-declaration/ HTTP/1.1" 200 101526
INFO 2025-10-09 17:25:53,303 basehttp 2728 26132 "GET /static/js/stockdeclaration/stockdeclaration.js HTTP/1.1" 304 0
WARNING 2025-10-09 17:25:53,319 log 2728 21988 Not Found: /.well-known/appspecific/com.chrome.devtools.json
WARNING 2025-10-09 17:25:53,320 basehttp 2728 21988 "GET /.well-known/appspecific/com.chrome.devtools.json HTTP/1.1" 404 4794
INFO 2025-10-09 17:25:53,441 basehttp 2728 21988 "GET /stock-declaration/api/notifications/ HTTP/1.1" 200 50
INFO 2025-10-09 17:25:53,469 basehttp 2728 2248 "GET /stock-declaration/api/chart-data/?time_range=month&stock_type=all HTTP/1.1" 200 2223
INFO 2025-10-09 17:25:53,489 basehttp 2728 26132 "GET /docu-notification/api/notifications/ HTTP/1.1" 200 50
INFO 2025-10-09 17:26:24,646 basehttp 2728 12900 "GET /monitoring/ HTTP/1.1" 200 55172
INFO 2025-10-09 17:26:24,858 basehttp 2728 9208 "GET /static/css/job-order.css HTTP/1.1" 304 0
WARNING 2025-10-09 17:26:25,016 log 2728 12900 Not Found: /.well-known/appspecific/com.chrome.devtools.json
WARNING 2025-10-09 17:26:25,033 basehttp 2728 12900 "GET /.well-known/appspecific/com.chrome.devtools.json HTTP/1.1" 404 4794
INFO 2025-10-09 17:26:25,110 basehttp 2728 9208 "GET /docu-notification/api/notifications/ HTTP/1.1" 200 50
INFO 2025-10-09 17:26:25,185 basehttp 2728 12900 "GET /stock-declaration/api/notifications/ HTTP/1.1" 200 50
INFO 2025-10-09 17:26:25,219 basehttp 2728 15668 "GET /monitoring/facilitator/chart-data/?timeRange=week&groupId=all HTTP/1.1" 200 176
INFO 2025-10-09 17:26:26,397 basehttp 2728 15668 "GET /monitoring/facilitator/group/25/ HTTP/1.1" 200 69763
INFO 2025-10-09 17:26:26,507 basehttp 2728 12900 "GET /static/css/monitoring/group-detail.css HTTP/1.1" 304 0
WARNING 2025-10-09 17:26:26,521 log 2728 15668 Not Found: /.well-known/appspecific/com.chrome.devtools.json
WARNING 2025-10-09 17:26:26,522 basehttp 2728 15668 "GET /.well-known/appspecific/com.chrome.devtools.json HTTP/1.1" 404 4794
INFO 2025-10-09 17:26:26,612 basehttp 2728 15668 "GET /stock-declaration/api/notifications/ HTTP/1.1" 200 50
INFO 2025-10-09 17:26:26,669 basehttp 2728 9208 "GET /monitoring/facilitator/group/25/chart-data/?date=2025-10-09&line=all&shift=all HTTP/1.1" 200 396
INFO 2025-10-09 17:26:26,681 basehttp 2728 12900 "GET /docu-notification/api/notifications/ HTTP/1.1" 200 50
INFO 2025-10-09 17:27:36,183 basehttp 2728 12900 "GET /monitoring/facilitator/group/25/ HTTP/1.1" 200 69844
INFO 2025-10-09 17:27:36,261 basehttp 2728 9208 "GET /static/css/job-order.css HTTP/1.1" 304 0
INFO 2025-10-09 17:27:36,265 basehttp 2728 15668 "GET /static/css/monitoring/group-detail.css HTTP/1.1" 304 0
WARNING 2025-10-09 17:27:36,277 log 2728 12900 Not Found: /.well-known/appspecific/com.chrome.devtools.json
WARNING 2025-10-09 17:27:36,278 basehttp 2728 12900 "GET /.well-known/appspecific/com.chrome.devtools.json HTTP/1.1" 404 4794
INFO 2025-10-09 17:27:36,378 basehttp 2728 15668 "GET /docu-notification/api/notifications/ HTTP/1.1" 200 50
INFO 2025-10-09 17:27:36,402 basehttp 2728 9208 "GET /monitoring/facilitator/group/25/chart-data/?date=2025-10-09&line=all&shift=all HTTP/1.1" 200 396
INFO 2025-10-09 17:27:36,439 basehttp 2728 12900 "GET /stock-declaration/api/notifications/ HTTP/1.1" 200 50
INFO 2025-10-09 17:27:37,163 basehttp 2728 12900 "GET /monitoring/facilitator/group/25/ HTTP/1.1" 200 69844
WARNING 2025-10-09 17:27:37,240 log 2728 12900 Not Found: /.well-known/appspecific/com.chrome.devtools.json
WARNING 2025-10-09 17:27:37,241 basehttp 2728 12900 "GET /.well-known/appspecific/com.chrome.devtools.json HTTP/1.1" 404 4794
INFO 2025-10-09 17:27:37,495 basehttp 2728 9208 "GET /docu-notification/api/notifications/ HTTP/1.1" 200 50
INFO 2025-10-09 17:27:37,535 basehttp 2728 15668 "GET /monitoring/facilitator/group/25/chart-data/?date=2025-10-09&line=all&shift=all HTTP/1.1" 200 396
INFO 2025-10-09 17:27:37,603 basehttp 2728 12900 "GET /stock-declaration/api/notifications/ HTTP/1.1" 200 50
INFO 2025-10-09 17:27:38,829 basehttp 2728 12900 "GET /monitoring/facilitator/group/25/ HTTP/1.1" 200 69844
INFO 2025-10-09 17:27:38,887 basehttp 2728 15668 "GET /static/css/style-ver2.css HTTP/1.1" 200 12438
WARNING 2025-10-09 17:27:38,890 log 2728 12900 Not Found: /.well-known/appspecific/com.chrome.devtools.json
WARNING 2025-10-09 17:27:38,893 basehttp 2728 12900 "GET /.well-known/appspecific/com.chrome.devtools.json HTTP/1.1" 404 4794
INFO 2025-10-09 17:27:38,897 basehttp 2728 9208 "GET /static/css/job-order.css HTTP/1.1" 200 39597
INFO 2025-10-09 17:27:38,902 basehttp 2728 2104 "GET /static/css/stockdeclaration/stockdeclaration.css HTTP/1.1" 200 3684
INFO 2025-10-09 17:27:38,903 basehttp 2728 9632 "GET /static/css/qualitycontrol/qualitycontrol.css HTTP/1.1" 200 9691
INFO 2025-10-09 17:27:38,904 basehttp 2728 27060 "GET /static/css/monitoring/group-detail.css HTTP/1.1" 200 21183
INFO 2025-10-09 17:27:38,906 basehttp 2728 15668 "GET /static/images/icons/amd%20(1).svg HTTP/1.1" 200 230
INFO 2025-10-09 17:27:38,913 basehttp 2728 9208 "GET /static/js/script2.js HTTP/1.1" 200 10849
INFO 2025-10-09 17:27:38,920 basehttp 2728 12900 "GET /media/profile/avatar8.png HTTP/1.1" 200 32718
INFO 2025-10-09 17:27:38,944 basehttp 2728 12900 "GET /static/js/monitoring/group-detail.js HTTP/1.1" 200 28348
INFO 2025-10-09 17:27:41,549 basehttp 2728 9208 "GET /docu-notification/api/notifications/ HTTP/1.1" 200 50
INFO 2025-10-09 17:27:41,573 basehttp 2728 27060 "GET /monitoring/facilitator/group/25/chart-data/?date=2025-10-09&line=all&shift=all HTTP/1.1" 200 396
INFO 2025-10-09 17:27:41,598 basehttp 2728 12900 "GET /stock-declaration/api/notifications/ HTTP/1.1" 200 50
WARNING 2025-10-09 17:27:42,040 log 2728 12900 Not Found: /favicon.ico
WARNING 2025-10-09 17:27:42,040 basehttp 2728 12900 "GET /favicon.ico HTTP/1.1" 404 4683
INFO 2025-10-09 17:27:46,755 basehttp 2728 12900 "GET /monitoring/group-dashboard/25/ HTTP/1.1" 200 12228
INFO 2025-10-09 17:27:46,807 basehttp 2728 12900 "GET /static/css/monitoring/group-dashboard.css HTTP/1.1" 200 27123
INFO 2025-10-09 17:27:46,808 basehttp 2728 27060 "GET /static/js/monitoring/group-dashboard.js HTTP/1.1" 200 26804
INFO 2025-10-09 17:27:46,853 basehttp 2728 27060 "GET /monitoring/group-dashboard/25/data/?dateFilter=today&specificDate=2025-10-09&shiftFilter=all HTTP/1.1" 200 791
INFO 2025-10-09 17:28:22,317 basehttp 2728 27060 "GET /monitoring/facilitator/group/25/ HTTP/1.1" 200 69911
INFO 2025-10-09 17:28:22,362 basehttp 2728 27060 "GET /static/css/job-order.css HTTP/1.1" 304 0
INFO 2025-10-09 17:28:22,517 basehttp 2728 12900 "GET /docu-notification/api/notifications/ HTTP/1.1" 200 50
INFO 2025-10-09 17:28:22,613 basehttp 2728 27060 "GET /stock-declaration/api/notifications/ HTTP/1.1" 200 50
INFO 2025-10-09 17:28:22,665 basehttp 2728 9208 "GET /monitoring/facilitator/group/25/chart-data/?date=2025-10-09&line=all&shift=all HTTP/1.1" 200 396
INFO 2025-10-09 17:28:25,189 basehttp 2728 9208 "GET /monitoring/facilitator/group/25/ HTTP/1.1" 200 69911
INFO 2025-10-09 17:28:25,227 basehttp 2728 12900 "GET /static/css/stockdeclaration/stockdeclaration.css HTTP/1.1" 200 3684
INFO 2025-10-09 17:28:25,229 basehttp 2728 9632 "GET /static/css/qualitycontrol/qualitycontrol.css HTTP/1.1" 200 9691
INFO 2025-10-09 17:28:25,229 basehttp 2728 9208 "GET /static/css/style-ver2.css HTTP/1.1" 200 12438
INFO 2025-10-09 17:28:25,229 basehttp 2728 15668 "GET /static/css/monitoring/group-detail.css HTTP/1.1" 200 21183
INFO 2025-10-09 17:28:25,229 basehttp 2728 2104 "GET /static/images/icons/amd%20(1).svg HTTP/1.1" 200 230
INFO 2025-10-09 17:28:25,230 basehttp 2728 27060 "GET /static/css/job-order.css HTTP/1.1" 200 39597
INFO 2025-10-09 17:28:25,241 basehttp 2728 27060 "GET /static/js/monitoring/group-detail.js HTTP/1.1" 200 28348
INFO 2025-10-09 17:28:25,244 basehttp 2728 12900 "GET /static/js/script2.js HTTP/1.1" 200 10849
INFO 2025-10-09 17:28:25,255 basehttp 2728 2104 "GET /media/profile/avatar8.png HTTP/1.1" 200 32718
INFO 2025-10-09 17:28:26,226 basehttp 2728 12900 "GET /docu-notification/api/notifications/ HTTP/1.1" 200 50
WARNING 2025-10-09 17:28:26,248 log 2728 15668 Not Found: /favicon.ico
WARNING 2025-10-09 17:28:26,249 basehttp 2728 15668 "GET /favicon.ico HTTP/1.1" 404 4683
INFO 2025-10-09 17:28:26,262 basehttp 2728 27060 "GET /monitoring/facilitator/group/25/chart-data/?date=2025-10-09&line=all&shift=all HTTP/1.1" 200 396
INFO 2025-10-09 17:28:26,274 basehttp 2728 2104 "GET /stock-declaration/api/notifications/ HTTP/1.1" 200 50
INFO 2025-10-09 17:28:46,295 basehttp 2728 2104 "GET /monitoring/facilitator/group/25/ HTTP/1.1" 200 69911
INFO 2025-10-09 17:28:46,397 basehttp 2728 27060 "GET /docu-notification/api/notifications/ HTTP/1.1" 200 50
INFO 2025-10-09 17:28:46,421 basehttp 2728 15668 "GET /monitoring/facilitator/group/25/chart-data/?date=2025-10-09&line=all&shift=all HTTP/1.1" 200 396
INFO 2025-10-09 17:28:46,433 basehttp 2728 2104 "GET /stock-declaration/api/notifications/ HTTP/1.1" 200 50
INFO 2025-10-09 17:28:47,766 basehttp 2728 2104 "GET /monitoring/facilitator/group/25/ HTTP/1.1" 200 69911
INFO 2025-10-09 17:28:47,885 basehttp 2728 15668 "GET /docu-notification/api/notifications/ HTTP/1.1" 200 50
INFO 2025-10-09 17:28:47,931 basehttp 2728 2104 "GET /stock-declaration/api/notifications/ HTTP/1.1" 200 50
INFO 2025-10-09 17:28:47,936 basehttp 2728 27060 "GET /monitoring/facilitator/group/25/chart-data/?date=2025-10-09&line=all&shift=all HTTP/1.1" 200 396
INFO 2025-10-09 17:29:09,045 basehttp 2728 27060 "GET /monitoring/facilitator/group/25/ HTTP/1.1" 200 69911
INFO 2025-10-09 17:29:09,081 basehttp 2728 27060 "GET /static/css/job-order.css HTTP/1.1" 304 0
INFO 2025-10-09 17:29:09,161 basehttp 2728 27060 "GET /stock-declaration/api/notifications/ HTTP/1.1" 200 50
INFO 2025-10-09 17:29:09,183 basehttp 2728 15668 "GET /monitoring/facilitator/group/25/chart-data/?date=2025-10-09&line=all&shift=all HTTP/1.1" 200 396
INFO 2025-10-09 17:29:09,203 basehttp 2728 2104 "GET /docu-notification/api/notifications/ HTTP/1.1" 200 50
INFO 2025-10-09 17:29:09,795 basehttp 2728 2104 "GET /monitoring/facilitator/group/25/ HTTP/1.1" 200 69911
INFO 2025-10-09 17:29:09,920 basehttp 2728 15668 "GET /docu-notification/api/notifications/ HTTP/1.1" 200 50
INFO 2025-10-09 17:29:09,996 basehttp 2728 27060 "GET /monitoring/facilitator/group/25/chart-data/?date=2025-10-09&line=all&shift=all HTTP/1.1" 200 396
INFO 2025-10-09 17:29:10,010 basehttp 2728 2104 "GET /stock-declaration/api/notifications/ HTTP/1.1" 200 50
INFO 2025-10-09 17:29:10,118 basehttp 2728 15668 "GET /monitoring/facilitator/group/25/ HTTP/1.1" 200 69911
INFO 2025-10-09 17:29:10,305 basehttp 2728 2104 "GET /docu-notification/api/notifications/ HTTP/1.1" 200 50
INFO 2025-10-09 17:29:10,329 basehttp 2728 27060 "GET /monitoring/facilitator/group/25/chart-data/?date=2025-10-09&line=all&shift=all HTTP/1.1" 200 396
INFO 2025-10-09 17:29:10,353 basehttp 2728 15668 "GET /stock-declaration/api/notifications/ HTTP/1.1" 200 50
INFO 2025-10-09 17:29:10,591 basehttp 2728 15668 "GET /monitoring/facilitator/group/25/ HTTP/1.1" 200 69911
INFO 2025-10-09 17:29:10,705 basehttp 2728 15668 "GET /stock-declaration/api/notifications/ HTTP/1.1" 200 50
INFO 2025-10-09 17:29:10,722 basehttp 2728 27060 "GET /docu-notification/api/notifications/ HTTP/1.1" 200 50
INFO 2025-10-09 17:29:10,758 basehttp 2728 2104 "GET /monitoring/facilitator/group/25/chart-data/?date=2025-10-09&line=all&shift=all HTTP/1.1" 200 396
INFO 2025-10-09 17:29:10,875 basehttp 2728 2104 "GET /monitoring/facilitator/group/25/ HTTP/1.1" 200 69911
INFO 2025-10-09 17:29:11,006 basehttp 2728 27060 "GET /docu-notification/api/notifications/ HTTP/1.1" 200 50
INFO 2025-10-09 17:29:11,029 basehttp 2728 15668 "GET /monitoring/facilitator/group/25/chart-data/?date=2025-10-09&line=all&shift=all HTTP/1.1" 200 396
INFO 2025-10-09 17:29:11,040 basehttp 2728 2104 "GET /stock-declaration/api/notifications/ HTTP/1.1" 200 50
INFO 2025-10-09 17:29:11,106 basehttp 2728 2104 "GET /monitoring/facilitator/group/25/ HTTP/1.1" 200 69911
INFO 2025-10-09 17:29:11,187 basehttp 2728 15668 "GET /docu-notification/api/notifications/ HTTP/1.1" 200 50
INFO 2025-10-09 17:29:11,221 basehttp 2728 2104 "GET /stock-declaration/api/notifications/ HTTP/1.1" 200 50
INFO 2025-10-09 17:29:11,241 basehttp 2728 27060 "GET /monitoring/facilitator/group/25/chart-data/?date=2025-10-09&line=all&shift=all HTTP/1.1" 200 396
INFO 2025-10-09 17:29:11,326 basehttp 2728 27060 "GET /monitoring/facilitator/group/25/ HTTP/1.1" 200 69911
INFO 2025-10-09 17:29:11,402 basehttp 2728 2104 "GET /docu-notification/api/notifications/ HTTP/1.1" 200 50
INFO 2025-10-09 17:29:11,424 basehttp 2728 27060 "GET /stock-declaration/api/notifications/ HTTP/1.1" 200 50
INFO 2025-10-09 17:29:11,442 basehttp 2728 15668 "GET /monitoring/facilitator/group/25/chart-data/?date=2025-10-09&line=all&shift=all HTTP/1.1" 200 396
INFO 2025-10-09 17:30:39,013 basehttp 2728 15668 "GET /monitoring/facilitator/group/25/ HTTP/1.1" 200 71793
INFO 2025-10-09 17:30:39,053 basehttp 2728 15668 "GET /static/css/job-order.css HTTP/1.1" 304 0
INFO 2025-10-09 17:30:39,053 basehttp 2728 27060 "GET /static/css/monitoring/group-detail.css HTTP/1.1" 200 21180
INFO 2025-10-09 17:30:39,146 basehttp 2728 15668 "GET /docu-notification/api/notifications/ HTTP/1.1" 200 50
INFO 2025-10-09 17:30:39,175 basehttp 2728 2104 "GET /monitoring/facilitator/group/25/chart-data/?date=2025-10-09&line=all&shift=all HTTP/1.1" 200 396
INFO 2025-10-09 17:30:39,185 basehttp 2728 27060 "GET /stock-declaration/api/notifications/ HTTP/1.1" 200 50
INFO 2025-10-09 17:30:57,087 basehttp 2728 27060 "GET /monitoring/facilitator/group/25/ HTTP/1.1" 200 71766
INFO 2025-10-09 17:30:57,124 basehttp 2728 27060 "GET /static/css/monitoring/group-detail.css HTTP/1.1" 304 0
INFO 2025-10-09 17:30:57,246 basehttp 2728 2104 "GET /docu-notification/api/notifications/ HTTP/1.1" 200 50
INFO 2025-10-09 17:30:57,292 basehttp 2728 27060 "GET /stock-declaration/api/notifications/ HTTP/1.1" 200 50
INFO 2025-10-09 17:30:57,315 basehttp 2728 15668 "GET /monitoring/facilitator/group/25/chart-data/?date=2025-10-09&line=all&shift=all HTTP/1.1" 200 396
INFO 2025-10-09 17:32:00,029 basehttp 2728 15668 "GET /monitoring/facilitator/group/25/ HTTP/1.1" 200 71536
INFO 2025-10-09 17:32:00,061 basehttp 2728 27060 "GET /static/css/monitoring/group-detail.css HTTP/1.1" 304 0
INFO 2025-10-09 17:32:00,061 basehttp 2728 15668 "GET /static/css/job-order.css HTTP/1.1" 304 0
INFO 2025-10-09 17:32:00,150 basehttp 2728 27060 "GET /docu-notification/api/notifications/ HTTP/1.1" 200 50
INFO 2025-10-09 17:32:00,177 basehttp 2728 2104 "GET /monitoring/facilitator/group/25/chart-data/?date=2025-10-09&line=all&shift=all HTTP/1.1" 200 396
INFO 2025-10-09 17:32:00,189 basehttp 2728 15668 "GET /stock-declaration/api/notifications/ HTTP/1.1" 200 50
INFO 2025-10-09 17:32:06,284 basehttp 2728 15668 "GET /monitoring/facilitator/group/25/ HTTP/1.1" 200 71438
INFO 2025-10-09 17:32:06,386 basehttp 2728 15668 "GET /stock-declaration/api/notifications/ HTTP/1.1" 200 50
INFO 2025-10-09 17:32:06,410 basehttp 2728 27060 "GET /monitoring/facilitator/group/25/chart-data/?date=2025-10-09&line=all&shift=all HTTP/1.1" 200 396
INFO 2025-10-09 17:32:06,424 basehttp 2728 2104 "GET /docu-notification/api/notifications/ HTTP/1.1" 200 50
INFO 2025-10-09 17:32:39,219 basehttp 2728 2104 "GET /monitoring/facilitator/group/25/ HTTP/1.1" 200 71586
INFO 2025-10-09 17:32:39,259 basehttp 2728 2104 "GET /static/css/monitoring/group-detail.css HTTP/1.1" 304 0
INFO 2025-10-09 17:32:39,331 basehttp 2728 27060 "GET /docu-notification/api/notifications/ HTTP/1.1" 200 50
INFO 2025-10-09 17:32:39,349 basehttp 2728 15668 "GET /monitoring/facilitator/group/25/chart-data/?date=2025-10-09&line=all&shift=all HTTP/1.1" 200 396
INFO 2025-10-09 17:32:39,365 basehttp 2728 2104 "GET /stock-declaration/api/notifications/ HTTP/1.1" 200 50
INFO 2025-10-09 17:32:55,765 basehttp 2728 2104 "GET /monitoring/facilitator/group/25/ HTTP/1.1" 200 70055
INFO 2025-10-09 17:32:55,802 basehttp 2728 2104 "GET /static/css/job-order.css HTTP/1.1" 304 0
INFO 2025-10-09 17:32:55,881 basehttp 2728 2104 "GET /stock-declaration/api/notifications/ HTTP/1.1" 200 50
INFO 2025-10-09 17:32:55,904 basehttp 2728 27060 "GET /monitoring/facilitator/group/25/chart-data/?date=2025-10-09&line=all&shift=all HTTP/1.1" 200 396
INFO 2025-10-09 17:32:55,933 basehttp 2728 15668 "GET /docu-notification/api/notifications/ HTTP/1.1" 200 50
INFO 2025-10-09 17:37:56,286 basehttp 2728 10736 "GET /stock-declaration/api/notifications/ HTTP/1.1" 200 50
INFO 2025-10-09 17:37:56,308 basehttp 2728 16232 "GET /docu-notification/api/notifications/ HTTP/1.1" 200 50
INFO 2025-10-09 17:40:03,480 basehttp 2728 16232 "GET /ecis/facilitator/ HTTP/1.1" 200 64441
INFO 2025-10-09 17:40:03,517 basehttp 2728 16232 "GET /static/css/job-order.css HTTP/1.1" 304 0
INFO 2025-10-09 17:40:03,522 basehttp 2728 10736 "GET /static/css/ecis/ecis.css HTTP/1.1" 200 39706
INFO 2025-10-09 17:40:03,524 basehttp 2728 12892 "GET /static/js/ecis/ecis-table-filters.js HTTP/1.1" 200 17066
INFO 2025-10-09 17:40:03,527 basehttp 2728 1804 "GET /static/js/ecis/ecis-common.js HTTP/1.1" 200 4868
INFO 2025-10-09 17:40:03,527 basehttp 2728 21172 "GET /static/js/ecis/ecis-chart.js HTTP/1.1" 200 15036
INFO 2025-10-09 17:40:03,528 basehttp 2728 14328 "GET /static/js/ecis/ecis-facilitator.js HTTP/1.1" 200 36280
INFO 2025-10-09 17:40:03,618 basehttp 2728 1804 "GET /docu-notification/api/notifications/ HTTP/1.1" 200 50
INFO 2025-10-09 17:40:03,668 basehttp 2728 14328 "GET /stock-declaration/api/notifications/ HTTP/1.1" 200 50
INFO 2025-10-09 17:40:03,691 basehttp 2728 21172 "GET /ecis/api/chart-data/?period=6month HTTP/1.1" 200 813
INFO 2025-10-09 17:40:34,804 basehttp 2728 21172 "GET /overtime/ HTTP/1.1" 200 153167
INFO 2025-10-09 17:40:34,853 basehttp 2728 14328 "GET /static/js/overtime/overtime.js HTTP/1.1" 200 164047
INFO 2025-10-09 17:40:34,854 basehttp 2728 21172 "GET /static/css/overtime/overtime.css HTTP/1.1" 200 83661
INFO 2025-10-09 17:40:35,591 basehttp 2728 21172 "GET /docu-notification/api/notifications/ HTTP/1.1" 200 50
INFO 2025-10-09 17:40:35,657 basehttp 2728 14328 "GET /stock-declaration/api/notifications/ HTTP/1.1" 200 50
INFO 2025-10-09 17:40:35,685 basehttp 2728 1804 "GET /overtime/api/employee-status-chart/?period=month HTTP/1.1" 200 839
INFO 2025-10-09 17:40:35,698 basehttp 2728 12892 "GET /overtime/api/recent-activity/ HTTP/1.1" 200 991
INFO 2025-10-09 17:40:38,954 basehttp 2728 12892 "GET /monitoring/ HTTP/1.1" 200 55253
INFO 2025-10-09 17:40:39,040 basehttp 2728 1804 "GET /docu-notification/api/notifications/ HTTP/1.1" 200 50
INFO 2025-10-09 17:40:39,057 basehttp 2728 12892 "GET /stock-declaration/api/notifications/ HTTP/1.1" 200 50
INFO 2025-10-09 17:40:39,082 basehttp 2728 14328 "GET /monitoring/facilitator/chart-data/?timeRange=week&groupId=all HTTP/1.1" 200 176
INFO 2025-10-09 17:45:30,213 basehttp 2728 14328 "GET /monitoring/ HTTP/1.1" 200 55253
INFO 2025-10-09 17:45:30,247 basehttp 2728 14328 "GET /static/css/job-order.css HTTP/1.1" 304 0
INFO 2025-10-09 17:45:30,338 basehttp 2728 14328 "GET /stock-declaration/api/notifications/ HTTP/1.1" 200 50
INFO 2025-10-09 17:45:30,349 basehttp 2728 12892 "GET /docu-notification/api/notifications/ HTTP/1.1" 200 50
INFO 2025-10-09 17:45:30,385 basehttp 2728 1804 "GET /monitoring/facilitator/chart-data/?timeRange=week&groupId=all HTTP/1.1" 200 176
INFO 2025-10-09 17:45:32,940 basehttp 2728 1804 "GET /settings/account-settings/ HTTP/1.1" 200 126675
INFO 2025-10-09 17:45:32,994 basehttp 2728 1804 "GET /static/css/account/account-registration.css HTTP/1.1" 200 29755
INFO 2025-10-09 17:45:33,015 basehttp 2728 1804 "GET /static/js/account/account-registration.js HTTP/1.1" 200 80735
INFO 2025-10-09 17:45:33,029 basehttp 2728 21172 "GET /media/profile/avatar5.png HTTP/1.1" 200 33344
INFO 2025-10-09 17:45:33,039 basehttp 2728 1804 "GET /media/profile/avatar6.png HTTP/1.1" 200 30664
INFO 2025-10-09 17:45:33,061 basehttp 2728 14328 "GET /media/profile/avatar1.png HTTP/1.1" 200 33392
INFO 2025-10-09 17:45:33,073 basehttp 2728 20708 "GET /media/profile/avatar7.png HTTP/1.1" 200 27032
INFO 2025-10-09 17:45:33,091 basehttp 2728 18480 "GET /media/profile/avatar2.png HTTP/1.1" 200 38850
INFO 2025-10-09 17:45:33,124 basehttp 2728 12892 "GET /media/profile/avatar4.png HTTP/1.1" 200 38218
INFO 2025-10-09 17:45:33,259 basehttp 2728 14328 "GET /static/images/profile/avatar2.png HTTP/1.1" 200 38850
INFO 2025-10-09 17:45:33,259 basehttp 2728 20708 "GET /static/images/profile/avatar1.png HTTP/1.1" 200 33392
INFO 2025-10-09 17:45:33,263 basehttp 2728 21172 "GET /static/images/profile/avatar4.png HTTP/1.1" 200 38218
INFO 2025-10-09 17:45:33,265 basehttp 2728 1804 "GET /static/images/profile/avatar3.png HTTP/1.1" 200 36097
INFO 2025-10-09 17:45:33,268 basehttp 2728 14328 "GET /static/images/profile/avatar5.png HTTP/1.1" 200 33344
INFO 2025-10-09 17:45:33,272 basehttp 2728 20708 "GET /static/images/profile/avatar6.png HTTP/1.1" 200 30664
INFO 2025-10-09 17:45:33,273 basehttp 2728 21172 "GET /static/images/profile/avatar7.png HTTP/1.1" 200 27032
INFO 2025-10-09 17:45:33,276 basehttp 2728 1804 "GET /static/images/profile/avatar8.png HTTP/1.1" 200 32718
INFO 2025-10-09 17:45:33,285 basehttp 2728 18480 "GET /docu-notification/api/notifications/ HTTP/1.1" 200 50
INFO 2025-10-09 17:45:33,286 basehttp 2728 20708 "GET /static/images/profile/avatar9.png HTTP/1.1" 200 31751
INFO 2025-10-09 17:45:33,326 basehttp 2728 12892 "GET /stock-declaration/api/notifications/ HTTP/1.1" 200 50
INFO 2025-10-09 17:45:35,445 basehttp 2728 12892 "GET /settings/get_user_data/1/ HTTP/1.1" 200 1240
INFO 2025-10-09 17:45:39,276 basehttp 2728 12892 "GET /settings/account-settings/ HTTP/1.1" 200 126675
INFO 2025-10-09 17:45:39,316 basehttp 2728 12892 "GET /static/css/style-ver2.css HTTP/1.1" 200 12438
INFO 2025-10-09 17:45:39,320 basehttp 2728 14328 "GET /static/images/icons/amd%20(1).svg HTTP/1.1" 200 230
INFO 2025-10-09 17:45:39,320 basehttp 2728 1804 "GET /static/css/qualitycontrol/qualitycontrol.css HTTP/1.1" 200 9691
INFO 2025-10-09 17:45:39,320 basehttp 2728 18480 "GET /static/css/stockdeclaration/stockdeclaration.css HTTP/1.1" 200 3684
INFO 2025-10-09 17:45:39,320 basehttp 2728 21172 "GET /static/css/account/account-registration.css HTTP/1.1" 200 29755
INFO 2025-10-09 17:45:39,320 basehttp 2728 20708 "GET /static/css/job-order.css HTTP/1.1" 200 39597
INFO 2025-10-09 17:45:39,341 basehttp 2728 1804 "GET /static/js/script2.js HTTP/1.1" 200 10849
INFO 2025-10-09 17:45:39,344 basehttp 2728 18480 "GET /static/js/account/account-registration.js HTTP/1.1" 200 80735
INFO 2025-10-09 17:45:39,357 basehttp 2728 12892 "GET /media/profile/avatar8.png HTTP/1.1" 200 32718
INFO 2025-10-09 17:45:39,371 basehttp 2728 12892 "GET /media/profile/avatar6.png HTTP/1.1" 200 30664
INFO 2025-10-09 17:45:39,397 basehttp 2728 1804 "GET /media/profile/avatar7.png HTTP/1.1" 200 27032
INFO 2025-10-09 17:45:39,411 basehttp 2728 21172 "GET /media/profile/avatar4.png HTTP/1.1" 200 38218
INFO 2025-10-09 17:45:39,420 basehttp 2728 14328 "GET /media/profile/avatar5.png HTTP/1.1" 200 33344
INFO 2025-10-09 17:45:39,429 basehttp 2728 20708 "GET /media/profile/avatar1.png HTTP/1.1" 200 33392
INFO 2025-10-09 17:45:39,450 basehttp 2728 18480 "GET /media/profile/avatar2.png HTTP/1.1" 200 38850
INFO 2025-10-09 17:45:40,343 basehttp 2728 14328 "GET /static/images/profile/avatar1.png HTTP/1.1" 200 33392
INFO 2025-10-09 17:45:40,352 basehttp 2728 21172 "GET /static/images/profile/avatar2.png HTTP/1.1" 200 38850
INFO 2025-10-09 17:45:40,352 basehttp 2728 12892 "GET /static/images/profile/avatar4.png HTTP/1.1" 200 38218
INFO 2025-10-09 17:45:40,356 basehttp 2728 1804 "GET /static/images/profile/avatar3.png HTTP/1.1" 200 36097
INFO 2025-10-09 17:45:40,356 basehttp 2728 14328 "GET /static/images/profile/avatar7.png HTTP/1.1" 200 27032
INFO 2025-10-09 17:45:40,361 basehttp 2728 18480 "GET /stock-declaration/api/notifications/ HTTP/1.1" 200 50
INFO 2025-10-09 17:45:40,362 basehttp 2728 21172 "GET /static/images/profile/avatar6.png HTTP/1.1" 200 30664
INFO 2025-10-09 17:45:40,363 basehttp 2728 12892 "GET /static/images/profile/avatar5.png HTTP/1.1" 200 33344
INFO 2025-10-09 17:45:40,363 basehttp 2728 1804 "GET /static/images/profile/avatar8.png HTTP/1.1" 200 32718
INFO 2025-10-09 17:45:40,370 basehttp 2728 21172 "GET /static/images/profile/avatar9.png HTTP/1.1" 200 31751
INFO 2025-10-09 17:45:40,378 basehttp 2728 20708 "GET /docu-notification/api/notifications/ HTTP/1.1" 200 50
WARNING 2025-10-09 17:45:40,599 log 2728 20708 Not Found: /favicon.ico
WARNING 2025-10-09 17:45:40,599 basehttp 2728 20708 "GET /favicon.ico HTTP/1.1" 404 4683
INFO 2025-10-09 17:45:43,037 basehttp 2728 20708 "GET /settings/get_user_data/1/ HTTP/1.1" 200 1240
INFO 2025-10-09 17:49:06,975 basehttp 2728 20708 "GET /settings/account-settings/?page=2 HTTP/1.1" 200 103230
INFO 2025-10-09 17:49:07,011 basehttp 2728 20708 "GET /static/css/job-order.css HTTP/1.1" 304 0
INFO 2025-10-09 17:49:07,085 basehttp 2728 21172 "GET /docu-notification/api/notifications/ HTTP/1.1" 200 50
INFO 2025-10-09 17:49:07,101 basehttp 2728 20708 "GET /stock-declaration/api/notifications/ HTTP/1.1" 200 50
INFO 2025-10-09 17:49:09,683 basehttp 2728 20708 "GET /settings/account-settings/?page=1 HTTP/1.1" 200 126675
INFO 2025-10-09 17:49:09,784 basehttp 2728 21172 "GET /docu-notification/api/notifications/ HTTP/1.1" 200 50
INFO 2025-10-09 17:49:09,834 basehttp 2728 20708 "GET /stock-declaration/api/notifications/ HTTP/1.1" 200 50
INFO 2025-10-09 17:50:16,206 basehttp 2728 20708 "GET /settings/account-settings/?page=1 HTTP/1.1" 200 126675
INFO 2025-10-09 17:50:16,319 basehttp 2728 21172 "GET /docu-notification/api/notifications/ HTTP/1.1" 200 50
INFO 2025-10-09 17:50:16,364 basehttp 2728 20708 "GET /stock-declaration/api/notifications/ HTTP/1.1" 200 50
INFO 2025-10-09 17:50:18,336 basehttp 2728 20708 "GET /settings/get_user_data/1/ HTTP/1.1" 200 1240
INFO 2025-10-09 17:50:21,595 basehttp 2728 20708 "GET /settings/account-settings/?page=1 HTTP/1.1" 200 126675
INFO 2025-10-09 17:50:21,647 basehttp 2728 20708 "GET /static/css/style-ver2.css HTTP/1.1" 200 12438
INFO 2025-10-09 17:50:21,648 basehttp 2728 1804 "GET /static/css/stockdeclaration/stockdeclaration.css HTTP/1.1" 200 3684
INFO 2025-10-09 17:50:21,648 basehttp 2728 21172 "GET /static/css/job-order.css HTTP/1.1" 200 39597
INFO 2025-10-09 17:50:21,648 basehttp 2728 12892 "GET /static/css/qualitycontrol/qualitycontrol.css HTTP/1.1" 200 9691
INFO 2025-10-09 17:50:21,649 basehttp 2728 18480 "GET /static/images/icons/amd%20(1).svg HTTP/1.1" 200 230
INFO 2025-10-09 17:50:21,649 basehttp 2728 14328 "GET /static/css/account/account-registration.css HTTP/1.1" 200 29755
INFO 2025-10-09 17:50:21,667 basehttp 2728 14328 "GET /static/js/script2.js HTTP/1.1" 200 10849
INFO 2025-10-09 17:50:21,668 basehttp 2728 1804 "GET /static/js/account/account-registration.js HTTP/1.1" 200 86763
INFO 2025-10-09 17:50:21,696 basehttp 2728 18480 "GET /media/profile/avatar8.png HTTP/1.1" 200 32718
INFO 2025-10-09 17:50:21,729 basehttp 2728 21172 "GET /media/profile/avatar4.png HTTP/1.1" 200 38218
INFO 2025-10-09 17:50:21,749 basehttp 2728 18480 "GET /media/profile/avatar6.png HTTP/1.1" 200 30664
INFO 2025-10-09 17:50:21,771 basehttp 2728 12892 "GET /media/profile/avatar1.png HTTP/1.1" 200 33392
INFO 2025-10-09 17:50:21,787 basehttp 2728 1804 "GET /media/profile/avatar2.png HTTP/1.1" 200 38850
INFO 2025-10-09 17:50:21,815 basehttp 2728 20708 "GET /media/profile/avatar5.png HTTP/1.1" 200 33344
INFO 2025-10-09 17:50:21,857 basehttp 2728 14328 "GET /media/profile/avatar7.png HTTP/1.1" 200 27032
INFO 2025-10-09 17:50:23,311 basehttp 2728 1804 "GET /static/images/profile/avatar1.png HTTP/1.1" 200 33392
INFO 2025-10-09 17:50:23,330 basehttp 2728 1804 "GET /static/images/profile/avatar8.png HTTP/1.1" 200 32718
INFO 2025-10-09 17:50:23,332 basehttp 2728 18480 "GET /static/images/profile/avatar3.png HTTP/1.1" 200 36097
INFO 2025-10-09 17:50:23,336 basehttp 2728 21172 "GET /static/images/profile/avatar4.png HTTP/1.1" 200 38218
INFO 2025-10-09 17:50:23,337 basehttp 2728 12892 "GET /static/images/profile/avatar2.png HTTP/1.1" 200 38850
INFO 2025-10-09 17:50:23,338 basehttp 2728 1804 "GET /static/images/profile/avatar5.png HTTP/1.1" 200 33344
INFO 2025-10-09 17:50:23,339 basehttp 2728 18480 "GET /static/images/profile/avatar7.png HTTP/1.1" 200 27032
INFO 2025-10-09 17:50:23,341 basehttp 2728 21172 "GET /static/images/profile/avatar6.png HTTP/1.1" 200 30664
INFO 2025-10-09 17:50:23,344 basehttp 2728 12892 "GET /static/images/profile/avatar9.png HTTP/1.1" 200 31751
INFO 2025-10-09 17:50:23,356 basehttp 2728 14328 "GET /stock-declaration/api/notifications/ HTTP/1.1" 200 50
INFO 2025-10-09 17:50:23,402 basehttp 2728 20708 "GET /docu-notification/api/notifications/ HTTP/1.1" 200 50
WARNING 2025-10-09 17:50:24,141 log 2728 20708 Not Found: /favicon.ico
WARNING 2025-10-09 17:50:24,143 basehttp 2728 20708 "GET /favicon.ico HTTP/1.1" 404 4683
INFO 2025-10-09 17:50:24,857 basehttp 2728 20708 "GET /settings/get_user_data/1/ HTTP/1.1" 200 1240
INFO 2025-10-09 17:51:47,152 autoreload 2728 23344 C:\Users\User\Desktop\RPA\Website\PDN_Portal\pdnportal\settings\views.py changed, reloading.
INFO 2025-10-09 17:51:48,799 autoreload 24240 19176 Watching for file changes with StatReloader
INFO 2025-10-09 17:52:02,973 autoreload 24240 19176 C:\Users\User\Desktop\RPA\Website\PDN_Portal\pdnportal\settings\views.py changed, reloading.
INFO 2025-10-09 17:52:03,770 autoreload 24256 8208 Watching for file changes with StatReloader
INFO 2025-10-09 17:52:17,235 autoreload 24256 8208 C:\Users\User\Desktop\RPA\Website\PDN_Portal\pdnportal\settings\views.py changed, reloading.
INFO 2025-10-09 17:52:17,902 autoreload 27332 27588 Watching for file changes with StatReloader
INFO 2025-10-09 17:52:33,361 autoreload 27332 27588 C:\Users\User\Desktop\RPA\Website\PDN_Portal\pdnportal\settings\views.py changed, reloading.
INFO 2025-10-09 17:52:34,216 autoreload 22812 11468 Watching for file changes with StatReloader
INFO 2025-10-09 17:52:56,744 basehttp 22812 11176 "GET /settings/account-settings/?page=1 HTTP/1.1" 200 127751
INFO 2025-10-09 17:52:56,802 basehttp 22812 11176 "GET /static/js/account/account-registration.js HTTP/1.1" 200 87203
INFO 2025-10-09 17:52:56,875 basehttp 22812 9564 "GET /docu-notification/api/notifications/ HTTP/1.1" 200 50
INFO 2025-10-09 17:52:56,915 basehttp 22812 11176 "GET /stock-declaration/api/notifications/ HTTP/1.1" 200 50
INFO 2025-10-09 17:52:59,915 basehttp 22812 11176 "GET /settings/account-settings/?page=1 HTTP/1.1" 200 127751
INFO 2025-10-09 17:52:59,949 basehttp 22812 11176 "GET /static/css/style-ver2.css HTTP/1.1" 200 12438
INFO 2025-10-09 17:52:59,957 basehttp 22812 15048 "GET /static/css/qualitycontrol/qualitycontrol.css HTTP/1.1" 200 9691
INFO 2025-10-09 17:52:59,957 basehttp 22812 26016 "GET /static/css/stockdeclaration/stockdeclaration.css HTTP/1.1" 200 3684
INFO 2025-10-09 17:52:59,957 basehttp 22812 9564 "GET /static/css/job-order.css HTTP/1.1" 200 39597
INFO 2025-10-09 17:52:59,959 basehttp 22812 10496 "GET /static/images/icons/amd%20(1).svg HTTP/1.1" 200 230
INFO 2025-10-09 17:52:59,960 basehttp 22812 14712 "GET /static/css/account/account-registration.css HTTP/1.1" 200 29886
INFO 2025-10-09 17:52:59,968 basehttp 22812 11176 "GET /media/profile/avatar8.png HTTP/1.1" 200 32718
INFO 2025-10-09 17:53:00,025 basehttp 22812 14712 "GET /media/profile/avatar1.png HTTP/1.1" 200 33392
INFO 2025-10-09 17:53:00,029 basehttp 22812 14712 "GET /static/js/script2.js HTTP/1.1" 200 10849
INFO 2025-10-09 17:53:00,043 basehttp 22812 14712 "GET /static/js/account/account-registration.js HTTP/1.1" 200 87203
INFO 2025-10-09 17:53:00,060 basehttp 22812 10496 "GET /media/profile/avatar2.png HTTP/1.1" 200 38850
INFO 2025-10-09 17:53:00,074 basehttp 22812 11176 "GET /media/profile/avatar4.png HTTP/1.1" 200 38218
INFO 2025-10-09 17:53:00,104 basehttp 22812 15048 "GET /media/profile/avatar7.png HTTP/1.1" 200 27032
INFO 2025-10-09 17:53:00,122 basehttp 22812 9564 "GET /media/profile/avatar5.png HTTP/1.1" 200 33344
INFO 2025-10-09 17:53:00,172 basehttp 22812 26016 "GET /media/profile/avatar6.png HTTP/1.1" 200 30664
INFO 2025-10-09 17:53:04,336 basehttp 22812 10496 "GET /static/images/profile/avatar3.png HTTP/1.1" 200 36097
INFO 2025-10-09 17:53:04,336 basehttp 22812 15048 "GET /static/images/profile/avatar1.png HTTP/1.1" 200 33392
INFO 2025-10-09 17:53:04,338 basehttp 22812 11176 "GET /static/images/profile/avatar2.png HTTP/1.1" 200 38850
INFO 2025-10-09 17:53:04,342 basehttp 22812 14712 "GET /static/images/profile/avatar4.png HTTP/1.1" 200 38218
INFO 2025-10-09 17:53:04,357 basehttp 22812 15048 "GET /static/images/profile/avatar6.png HTTP/1.1" 200 30664
INFO 2025-10-09 17:53:04,360 basehttp 22812 11176 "GET /static/images/profile/avatar9.png HTTP/1.1" 200 31751
INFO 2025-10-09 17:53:04,361 basehttp 22812 10496 "GET /static/images/profile/avatar7.png HTTP/1.1" 200 27032
INFO 2025-10-09 17:53:04,363 basehttp 22812 14712 "GET /static/images/profile/avatar5.png HTTP/1.1" 200 33344
INFO 2025-10-09 17:53:04,364 basehttp 22812 11176 "GET /static/images/profile/avatar8.png HTTP/1.1" 200 32718
INFO 2025-10-09 17:53:04,373 basehttp 22812 9564 "GET /docu-notification/api/notifications/ HTTP/1.1" 200 50
INFO 2025-10-09 17:53:04,423 basehttp 22812 26016 "GET /stock-declaration/api/notifications/ HTTP/1.1" 200 50
WARNING 2025-10-09 17:53:06,006 log 22812 26016 Not Found: /favicon.ico
WARNING 2025-10-09 17:53:06,006 basehttp 22812 26016 "GET /favicon.ico HTTP/1.1" 404 4683
INFO 2025-10-09 17:53:28,791 autoreload 22812 11468 C:\Users\User\Desktop\RPA\Website\PDN_Portal\pdnportal\settings\views.py changed, reloading.
INFO 2025-10-09 17:53:29,585 autoreload 28196 15816 Watching for file changes with StatReloader
INFO 2025-10-09 17:53:44,421 autoreload 28196 15816 C:\Users\User\Desktop\RPA\Website\PDN_Portal\pdnportal\settings\views.py changed, reloading.
INFO 2025-10-09 17:53:45,259 autoreload 1628 9340 Watching for file changes with StatReloader
INFO 2025-10-09 17:53:52,576 autoreload 1628 9340 C:\Users\User\Desktop\RPA\Website\PDN_Portal\pdnportal\settings\views.py changed, reloading.
INFO 2025-10-09 17:53:53,444 autoreload 12460 18160 Watching for file changes with StatReloader
INFO 2025-10-09 17:54:01,643 autoreload 12460 18160 C:\Users\User\Desktop\RPA\Website\PDN_Portal\pdnportal\settings\views.py changed, reloading.
INFO 2025-10-09 17:54:02,482 autoreload 23116 26416 Watching for file changes with StatReloader
INFO 2025-10-09 17:55:27,138 autoreload 23116 26416 C:\Users\User\Desktop\RPA\Website\PDN_Portal\pdnportal\settings\views.py changed, reloading.
INFO 2025-10-09 17:55:28,187 autoreload 13936 17868 Watching for file changes with StatReloader
INFO 2025-10-09 17:55:34,916 basehttp 13936 26636 "GET /settings/account-settings/?page=1 HTTP/1.1" 200 127301
INFO 2025-10-09 17:55:34,957 basehttp 13936 26636 "GET /static/css/account/account-registration.css HTTP/1.1" 200 29886
INFO 2025-10-09 17:55:34,959 basehttp 13936 2772 "GET /static/js/account/account-registration.js HTTP/1.1" 200 87207
INFO 2025-10-09 17:55:35,053 basehttp 13936 26636 "GET /docu-notification/api/notifications/ HTTP/1.1" 200 50
INFO 2025-10-09 17:55:35,109 basehttp 13936 2772 "GET /stock-declaration/api/notifications/ HTTP/1.1" 200 50
INFO 2025-10-09 17:55:36,491 basehttp 13936 2772 "GET /settings/get_user_data/1/ HTTP/1.1" 200 1372
INFO 2025-10-09 17:55:39,631 basehttp 13936 2772 "POST /settings/user_edit/1/ HTTP/1.1" 302 0
INFO 2025-10-09 17:55:39,671 basehttp 13936 2772 "GET /settings/account-settings/ HTTP/1.1" 200 127821
INFO 2025-10-09 17:55:39,708 basehttp 13936 2772 "GET /static/css/account/account-registration.css HTTP/1.1" 304 0
INFO 2025-10-09 17:55:39,708 basehttp 13936 26636 "GET /static/js/account/account-registration.js HTTP/1.1" 304 0
INFO 2025-10-09 17:55:39,785 basehttp 13936 26636 "GET /stock-declaration/api/notifications/ HTTP/1.1" 200 50
INFO 2025-10-09 17:55:39,805 basehttp 13936 2772 "GET /docu-notification/api/notifications/ HTTP/1.1" 200 50
INFO 2025-10-09 17:55:41,077 basehttp 13936 2772 "GET /settings/get_user_data/1/ HTTP/1.1" 200 1373
INFO 2025-10-09 17:55:44,113 basehttp 13936 2772 "POST /settings/user_edit/1/ HTTP/1.1" 302 0
INFO 2025-10-09 17:55:44,171 basehttp 13936 2772 "GET /settings/account-settings/ HTTP/1.1" 200 127821
INFO 2025-10-09 17:55:44,206 basehttp 13936 2772 "GET /static/css/account/account-registration.css HTTP/1.1" 304 0
INFO 2025-10-09 17:55:44,206 basehttp 13936 26636 "GET /static/js/account/account-registration.js HTTP/1.1" 304 0
INFO 2025-10-09 17:55:44,330 basehttp 13936 26636 "GET /stock-declaration/api/notifications/ HTTP/1.1" 200 50
INFO 2025-10-09 17:55:44,375 basehttp 13936 2772 "GET /docu-notification/api/notifications/ HTTP/1.1" 200 50
INFO 2025-10-09 17:55:45,599 basehttp 13936 2772 "GET /settings/get_user_data/1/ HTTP/1.1" 200 1372
INFO 2025-10-09 17:55:48,434 basehttp 13936 2772 "POST /settings/user_edit/1/ HTTP/1.1" 302 0
INFO 2025-10-09 17:55:48,474 basehttp 13936 2772 "GET /settings/account-settings/ HTTP/1.1" 200 127821
INFO 2025-10-09 17:55:48,505 basehttp 13936 2772 "GET /static/css/account/account-registration.css HTTP/1.1" 304 0
INFO 2025-10-09 17:55:48,507 basehttp 13936 26636 "GET /static/js/account/account-registration.js HTTP/1.1" 304 0
INFO 2025-10-09 17:55:48,566 basehttp 13936 2772 "GET /docu-notification/api/notifications/ HTTP/1.1" 200 50
INFO 2025-10-09 17:55:48,610 basehttp 13936 26636 "GET /stock-declaration/api/notifications/ HTTP/1.1" 200 50
INFO 2025-10-10 06:58:50,644 autoreload 1092 13944 Watching for file changes with StatReloader
